Date,Open,High,Low,Close,Volume,Dividends,Stock Splits,day,year,month
2010-01-04,12.2,12.25,11.72,12.05,31900,0.0,0,04,2010,1
2010-01-05,12.05,12.05,11.47,11.47,20800,0.0,0,05,2010,1
2010-01-06,11.48,11.57,11.27,11.31,38000,0.0,0,06,2010,1
2010-01-07,11.26,11.59,11.01,11.35,40000,0.0,0,07,2010,1
2010-01-08,11.28,11.35,10.85,10.92,32100,0.0,0,08,2010,1
2010-01-11,10.96,10.96,10.61,10.71,16100,0.0,0,11,2010,1
2010-01-12,10.63,11.0,10.63,10.72,12900,0.0,0,12,2010,1
2010-01-13,11.26,11.26,10.57,10.58,25900,0.0,0,13,2010,1
2010-01-14,10.58,10.89,10.58,10.74,8800,0.0,0,14,2010,1
2010-01-15,10.79,11.06,10.58,10.65,31600,0.0,0,15,2010,1
2010-01-19,10.65,11.05,10.65,11.04,15300,0.0,0,19,2010,1
2010-01-20,10.9,11.73,10.66,10.77,21000,0.0,0,20,2010,1
2010-01-21,10.82,10.82,10.4,10.45,39800,0.0,0,21,2010,1
2010-01-22,10.44,11.51,10.23,10.29,24300,0.0,0,22,2010,1
2010-01-25,10.44,11.02,10.33,10.41,23300,0.0,0,25,2010,1
2010-01-26,10.41,11.03,10.37,10.69,49300,0.0,0,26,2010,1
2010-01-27,10.59,11.43,10.59,11.32,26500,0.0,0,27,2010,1
2010-01-28,11.34,11.34,10.82,10.82,37700,0.0,0,28,2010,1
2010-01-29,10.84,10.96,10.32,10.37,58100,0.0,0,29,2010,1
2010-02-01,10.44,10.68,10.31,10.36,30800,0.0,0,01,2010,2
2010-02-02,10.35,10.52,10.19,10.19,41500,0.0,0,02,2010,2
2010-02-03,10.18,10.35,10.05,10.14,59900,0.0,0,03,2010,2
2010-02-04,10.05,10.19,10.02,10.09,36500,0.0,0,04,2010,2
2010-02-05,10.15,10.37,10.12,10.35,16600,0.0,0,05,2010,2
2010-02-08,10.34,10.34,10.17,10.22,34900,0.0,0,08,2010,2
2010-02-09,10.41,10.41,10.22,10.35,8700,0.0,0,09,2010,2
2010-02-10,10.3,10.34,10.18,10.22,31200,0.0,0,10,2010,2
2010-02-11,10.23,10.44,10.15,10.44,18000,0.0,0,11,2010,2
2010-02-12,10.29,10.62,10.29,10.62,19800,0.0,0,12,2010,2
2010-02-16,10.7,10.7,10.5,10.7,9500,0.0,0,16,2010,2
2010-02-17,10.78,10.95,10.7,10.89,17900,0.0,0,17,2010,2
2010-02-18,10.84,11.08,10.84,11.08,10900,0.0,0,18,2010,2
2010-02-19,11.04,11.04,10.85,10.9,23400,0.0,0,19,2010,2
2010-02-22,10.98,10.98,10.8,10.91,5900,0.0,0,22,2010,2
2010-02-23,10.73,10.82,10.63,10.77,15600,0.0,0,23,2010,2
2010-02-24,10.76,11.25,10.76,11.21,21000,0.0,0,24,2010,2
2010-02-25,11.01,11.31,11.01,11.31,23500,0.0,0,25,2010,2
2010-02-26,11.27,11.38,11.09,11.15,18700,0.0,0,26,2010,2
2010-03-01,11.32,11.43,11.24,11.41,16500,0.0,0,01,2010,3
2010-03-02,11.47,11.54,11.34,11.54,16200,0.0,0,02,2010,3
2010-03-03,11.6,11.62,11.45,11.57,25400,0.0,0,03,2010,3
2010-03-04,11.74,11.74,11.57,11.71,10500,0.19,0,04,2010,3
2010-03-05,11.75,12.11,11.58,12.1,25700,0.0,0,05,2010,3
2010-03-08,12.13,12.17,11.8,12.1,15800,0.0,0,08,2010,3
2010-03-09,11.94,11.94,11.5,11.89,14000,0.0,0,09,2010,3
2010-03-10,11.85,11.95,11.59,11.79,18700,0.0,0,10,2010,3
2010-03-11,11.69,11.79,11.53,11.65,27900,0.0,0,11,2010,3
2010-03-12,11.65,11.7,11.3,11.39,24300,0.0,0,12,2010,3
2010-03-15,11.39,11.49,11.39,11.48,15900,0.0,0,15,2010,3
2010-03-16,11.57,11.75,11.54,11.75,7000,0.0,0,16,2010,3
2010-03-17,11.77,12.54,11.77,12.19,35500,0.0,0,17,2010,3
2010-03-18,12.17,12.3,12.09,12.13,11100,0.0,0,18,2010,3
2010-03-19,12.23,12.34,11.93,12.3,88700,0.0,0,19,2010,3
2010-03-22,12.24,12.4,12.04,12.39,30800,0.0,0,22,2010,3
2010-03-23,12.41,12.83,12.37,12.75,42400,0.0,0,23,2010,3
2010-03-24,12.74,12.74,12.49,12.53,26100,0.0,0,24,2010,3
2010-03-25,12.55,12.73,12.25,12.31,17700,0.0,0,25,2010,3
2010-03-26,12.37,12.37,12.06,12.32,14700,0.0,0,26,2010,3
2010-03-29,12.3,12.54,12.3,12.54,14700,0.0,0,29,2010,3
2010-03-30,12.57,12.67,12.54,12.63,14000,0.0,0,30,2010,3
2010-03-31,12.51,12.77,12.51,12.52,24200,0.0,0,31,2010,3
2010-04-01,12.61,12.68,11.95,12.02,20500,0.0,0,01,2010,4
2010-04-05,12.11,12.87,12.11,12.87,10400,0.0,0,05,2010,4
2010-04-06,12.75,12.86,12.63,12.84,53000,0.0,0,06,2010,4
2010-04-07,12.6,12.98,12.6,12.98,24000,0.0,0,07,2010,4
2010-04-08,12.9,13.42,12.9,13.22,22600,0.0,0,08,2010,4
2010-04-09,13.18,13.24,13.13,13.2,11500,0.0,0,09,2010,4
2010-04-12,13.42,13.54,13.29,13.38,13400,0.0,0,12,2010,4
2010-04-13,13.34,13.94,13.28,13.86,27500,0.0,0,13,2010,4
2010-04-14,14.06,14.24,13.91,14.21,29300,0.0,0,14,2010,4
2010-04-15,14.19,14.86,14.19,14.69,38400,0.0,0,15,2010,4
2010-04-16,14.68,14.86,14.28,14.7,51800,0.0,0,16,2010,4
2010-04-19,14.58,14.98,14.37,14.79,126400,0.0,0,19,2010,4
2010-04-20,14.78,14.93,14.43,14.79,66600,0.0,0,20,2010,4
2010-04-21,14.67,14.78,14.5,14.64,37700,0.0,0,21,2010,4
2010-04-22,14.43,14.91,14.21,14.71,29400,0.0,0,22,2010,4
2010-04-23,14.67,15.54,14.65,15.3,54800,0.0,0,23,2010,4
2010-04-26,15.24,15.29,14.87,15.07,55700,0.0,0,26,2010,4
2010-04-27,14.93,15.05,14.73,14.84,17500,0.0,0,27,2010,4
2010-04-28,14.88,15.24,14.76,14.93,11200,0.0,0,28,2010,4
2010-04-29,15.15,15.8,15.1,15.78,37800,0.0,0,29,2010,4
2010-04-30,15.78,15.81,15.37,15.45,32800,0.0,0,30,2010,4
2010-05-03,15.49,16.03,15.32,16.03,60600,0.0,0,03,2010,5
2010-05-04,15.79,15.97,15.59,15.74,34000,0.0,0,04,2010,5
2010-05-05,15.71,15.83,15.31,15.34,19100,0.0,0,05,2010,5
2010-05-06,15.28,15.28,13.49,14.14,25600,0.0,0,06,2010,5
2010-05-07,14.14,14.14,13.19,13.22,32500,0.0,0,07,2010,5
2010-05-10,14.21,14.3,13.54,14.11,37500,0.0,0,10,2010,5
2010-05-11,13.89,14.21,13.89,14.15,15000,0.0,0,11,2010,5
2010-05-12,13.93,14.78,13.92,14.71,32500,0.0,0,12,2010,5
2010-05-13,14.49,14.49,14.04,14.11,15900,0.0,0,13,2010,5
2010-05-14,14.03,14.03,13.72,13.83,11700,0.0,0,14,2010,5
2010-05-17,13.98,14.14,13.7,13.98,30900,0.0,0,17,2010,5
2010-05-18,14.23,14.23,13.82,13.91,15300,0.0,0,18,2010,5
2010-05-19,13.88,14.01,13.63,13.9,19800,0.0,0,19,2010,5
2010-05-20,13.44,13.66,12.97,13.09,37100,0.0,0,20,2010,5
2010-05-21,12.75,13.61,12.75,13.29,38900,0.0,0,21,2010,5
2010-05-24,13.28,14.01,13.21,13.21,19300,0.0,0,24,2010,5
2010-05-25,12.85,13.48,12.85,13.13,62700,0.0,0,25,2010,5
2010-05-26,13.21,13.61,13.15,13.15,46700,0.0,0,26,2010,5
2010-05-27,13.46,13.58,13.17,13.51,25400,0.0,0,27,2010,5
2010-05-28,13.38,13.38,13.07,13.19,59900,0.0,0,28,2010,5
2010-06-01,13.07,13.13,12.59,12.59,55200,0.0,0,01,2010,6
2010-06-02,12.6,12.93,12.35,12.91,40400,0.0,0,02,2010,6
2010-06-03,12.86,13.13,12.75,12.98,33300,0.1,0,03,2010,6
2010-06-04,12.52,12.52,11.83,11.84,115600,0.0,0,04,2010,6
2010-06-07,11.94,12.31,11.94,12.06,58700,0.0,0,07,2010,6
2010-06-08,12.14,12.14,11.64,12.0,48900,0.0,0,08,2010,6
2010-06-09,12.14,12.14,11.65,11.76,52500,0.0,0,09,2010,6
2010-06-10,11.91,12.16,11.75,12.14,22100,0.0,0,10,2010,6
2010-06-11,11.87,12.18,11.72,12.1,42000,0.0,0,11,2010,6
2010-06-14,12.26,12.43,11.82,11.98,38200,0.0,0,14,2010,6
2010-06-15,12.04,12.3,12.0,12.25,54900,0.0,0,15,2010,6
2010-06-16,12.11,12.45,12.11,12.19,17100,0.0,0,16,2010,6
2010-06-17,12.21,12.39,12.1,12.14,11000,0.0,0,17,2010,6
2010-06-18,12.24,12.35,12.12,12.32,62300,0.0,0,18,2010,6
2010-06-21,12.39,12.44,12.07,12.17,30400,0.0,0,21,2010,6
2010-06-22,12.25,12.29,11.72,11.72,25500,0.0,0,22,2010,6
2010-06-23,11.67,11.95,11.64,11.88,16500,0.0,0,23,2010,6
2010-06-24,11.78,11.78,11.27,11.28,63700,0.0,0,24,2010,6
2010-06-25,11.3,11.55,11.11,11.55,198500,0.0,0,25,2010,6
2010-06-28,11.5,11.6,11.37,11.54,5700,0.0,0,28,2010,6
2010-06-29,11.31,11.35,10.98,11.03,36100,0.0,0,29,2010,6
2010-06-30,11.03,11.27,10.93,10.95,23000,0.0,0,30,2010,6
2010-07-01,10.93,11.05,10.68,10.96,17400,0.0,0,01,2010,7
2010-07-02,11.07,11.07,10.75,10.76,11100,0.0,0,02,2010,7
2010-07-06,10.99,10.99,10.7,10.78,23400,0.0,0,06,2010,7
2010-07-07,10.75,11.19,10.75,11.03,28900,0.0,0,07,2010,7
2010-07-08,11.14,11.21,10.99,11.21,15000,0.0,0,08,2010,7
2010-07-09,11.15,11.58,11.15,11.53,17500,0.0,0,09,2010,7
2010-07-12,11.52,11.7,11.37,11.37,13300,0.0,0,12,2010,7
2010-07-13,11.6,12.53,11.6,12.47,36500,0.0,0,13,2010,7
2010-07-14,12.07,12.21,11.75,11.86,34000,0.0,0,14,2010,7
2010-07-15,11.91,11.91,11.48,11.6,16500,0.0,0,15,2010,7
2010-07-16,11.46,11.48,11.1,11.14,49800,0.0,0,16,2010,7
2010-07-19,11.21,11.21,10.84,10.98,8800,0.0,0,19,2010,7
2010-07-20,10.98,10.99,10.8,10.84,45100,0.0,0,20,2010,7
2010-07-21,10.95,11.25,10.62,10.62,40300,0.0,0,21,2010,7
2010-07-22,10.8,11.07,10.79,10.92,37200,0.0,0,22,2010,7
2010-07-23,10.83,11.28,10.83,11.23,103200,0.0,0,23,2010,7
2010-07-26,11.36,11.54,11.32,11.5,41800,0.0,0,26,2010,7
2010-07-27,11.62,11.93,11.62,11.78,24200,0.0,0,27,2010,7
2010-07-28,11.73,11.87,11.67,11.68,16900,0.0,0,28,2010,7
2010-07-29,11.83,11.91,11.51,11.81,9500,0.0,0,29,2010,7
2010-07-30,11.6,12.6,11.6,12.23,99800,0.0,0,30,2010,7
2010-08-02,12.44,12.46,12.02,12.19,23200,0.0,0,02,2010,8
2010-08-03,12.2,12.26,12.05,12.06,14500,0.0,0,03,2010,8
2010-08-04,12.1,12.13,11.86,11.94,12700,0.0,0,04,2010,8
2010-08-05,11.82,11.83,11.52,11.53,16300,0.0,0,05,2010,8
2010-08-06,11.51,11.51,10.96,11.26,13000,0.0,0,06,2010,8
2010-08-09,11.37,11.56,11.0,11.45,25000,0.0,0,09,2010,8
2010-08-10,11.28,11.42,10.91,10.91,51800,0.0,0,10,2010,8
2010-08-11,10.7,10.9,10.23,10.27,60500,0.0,0,11,2010,8
2010-08-12,10.21,10.38,10.15,10.18,38200,0.0,0,12,2010,8
2010-08-13,10.11,10.28,9.88,9.92,34100,0.0,0,13,2010,8
2010-08-16,9.85,10.32,9.85,10.21,17700,0.0,0,16,2010,8
2010-08-17,10.36,10.66,10.34,10.38,26100,0.0,0,17,2010,8
2010-08-18,10.32,10.5,10.25,10.31,11400,0.0,0,18,2010,8
2010-08-19,10.25,10.25,9.74,9.74,88300,0.0,0,19,2010,8
2010-08-20,9.73,9.94,9.61,9.88,29900,0.0,0,20,2010,8
2010-08-23,9.92,9.96,9.53,9.53,18600,0.0,0,23,2010,8
2010-08-24,9.55,9.86,9.55,9.64,49000,0.0,0,24,2010,8
2010-08-25,9.54,9.94,9.52,9.91,19000,0.0,0,25,2010,8
2010-08-26,9.92,9.92,9.56,9.66,18900,0.0,0,26,2010,8
2010-08-27,9.76,10.15,9.64,10.11,30400,0.0,0,27,2010,8
2010-08-30,10.04,10.04,9.64,9.65,34600,0.0,0,30,2010,8
2010-08-31,9.65,9.78,9.65,9.68,35600,0.0,0,31,2010,8
2010-09-01,9.88,10.17,9.83,10.08,35300,0.0,0,01,2010,9
2010-09-02,10.03,10.23,9.89,10.21,36700,0.0,0,02,2010,9
2010-09-03,10.31,10.53,10.05,10.5,19400,0.0,0,03,2010,9
2010-09-07,10.47,10.47,9.84,9.88,14400,0.0,0,07,2010,9
2010-09-08,9.94,10.23,9.91,10.02,7500,0.0,0,08,2010,9
2010-09-09,10.23,10.25,9.97,10.16,12600,0.1,0,09,2010,9
2010-09-10,10.22,10.4,10.09,10.16,26300,0.0,0,10,2010,9
2010-09-13,10.3,10.82,10.28,10.71,24800,0.0,0,13,2010,9
2010-09-14,10.71,10.71,10.34,10.49,12400,0.0,0,14,2010,9
2010-09-15,10.48,10.84,10.48,10.79,15500,0.0,0,15,2010,9
2010-09-16,10.74,10.74,10.41,10.6,17700,0.0,0,16,2010,9
2010-09-17,10.76,10.76,10.43,10.61,33500,0.0,0,17,2010,9
2010-09-20,10.61,11.07,10.39,11.01,32700,0.0,0,20,2010,9
2010-09-21,10.97,10.99,10.51,10.55,15300,0.0,0,21,2010,9
2010-09-22,10.51,11.13,10.48,10.75,16000,0.0,0,22,2010,9
2010-09-23,10.66,10.75,10.34,10.36,12000,0.0,0,23,2010,9
2010-09-24,10.51,10.83,10.51,10.77,26800,0.0,0,24,2010,9
2010-09-27,10.81,10.91,10.58,10.8,31300,0.0,0,27,2010,9
2010-09-28,10.82,11.02,10.66,10.91,16300,0.0,0,28,2010,9
2010-09-29,10.84,11.15,10.45,10.94,19200,0.0,0,29,2010,9
2010-09-30,11.0,11.13,10.76,10.83,26600,0.0,0,30,2010,9
2010-10-01,10.97,10.99,10.57,10.93,17300,0.0,0,01,2010,10
2010-10-04,10.93,10.95,10.49,10.53,19900,0.0,0,04,2010,10
2010-10-05,10.7,11.04,10.62,11.02,28700,0.0,0,05,2010,10
2010-10-06,11.08,11.08,10.86,10.94,22900,0.0,0,06,2010,10
2010-10-07,11.06,11.06,10.68,10.77,8600,0.0,0,07,2010,10
2010-10-08,10.68,11.07,10.66,10.95,23600,0.0,0,08,2010,10
2010-10-11,10.74,10.9,10.71,10.82,3300,0.0,0,11,2010,10
2010-10-12,10.74,10.9,10.74,10.89,3200,0.0,0,12,2010,10
2010-10-13,10.92,11.15,10.8,11.08,29700,0.0,0,13,2010,10
2010-10-14,11.1,11.23,10.74,11.0,12100,0.0,0,14,2010,10
2010-10-15,11.18,11.27,10.82,11.05,35800,0.0,0,15,2010,10
2010-10-18,11.09,11.27,10.95,11.26,10400,0.0,0,18,2010,10
2010-10-19,11.03,11.2,10.65,10.99,15500,0.0,0,19,2010,10
2010-10-20,11.09,11.24,10.94,11.24,10600,0.0,0,20,2010,10
2010-10-21,11.27,11.27,10.81,10.89,11300,0.0,0,21,2010,10
2010-10-22,11.06,11.23,10.91,11.1,14300,0.0,0,22,2010,10
2010-10-25,11.16,11.16,10.8,10.84,13500,0.0,0,25,2010,10
2010-10-26,10.8,11.01,10.8,10.92,8500,0.0,0,26,2010,10
2010-10-27,10.8,10.87,10.62,10.64,20000,0.0,0,27,2010,10
2010-10-28,10.78,10.78,10.62,10.62,8900,0.0,0,28,2010,10
2010-10-29,10.62,10.72,10.57,10.66,11200,0.0,0,29,2010,10
2010-11-01,10.73,10.73,10.4,10.44,19400,0.0,0,01,2010,11
2010-11-02,10.62,11.24,10.32,11.17,19800,0.0,0,02,2010,11
2010-11-03,11.18,11.18,10.82,10.98,21700,0.0,0,03,2010,11
2010-11-04,11.15,11.15,10.9,11.07,33700,0.0,0,04,2010,11
2010-11-05,11.07,11.15,10.93,11.08,46000,0.0,0,05,2010,11
2010-11-08,11.01,11.37,11.01,11.32,16900,0.0,0,08,2010,11
2010-11-09,11.12,11.14,10.91,11.07,15900,0.0,0,09,2010,11
2010-11-10,11.0,11.38,10.9,11.1,68300,0.0,0,10,2010,11
2010-11-11,10.94,11.15,10.8,10.99,7700,0.0,0,11,2010,11
2010-11-12,10.84,11.07,10.84,11.04,8400,0.0,0,12,2010,11
2010-11-15,11.1,11.15,10.83,11.15,4800,0.0,0,15,2010,11
2010-11-16,11.01,11.24,10.78,11.15,18100,0.0,0,16,2010,11
2010-11-17,11.15,11.17,10.78,10.92,13500,0.0,0,17,2010,11
2010-11-18,11.08,11.15,10.93,11.07,8400,0.0,0,18,2010,11
2010-11-19,11.09,11.22,10.94,11.18,15500,0.0,0,19,2010,11
2010-11-22,11.07,11.3,10.95,11.3,8300,0.0,0,22,2010,11
2010-11-23,11.13,11.28,11.02,11.04,38000,0.0,0,23,2010,11
2010-11-24,11.16,11.32,10.92,11.23,12200,0.0,0,24,2010,11
2010-11-26,11.08,11.14,11.05,11.05,2200,0.0,0,26,2010,11
2010-11-29,10.98,11.22,10.89,11.22,15600,0.0,0,29,2010,11
2010-11-30,10.9,11.29,10.82,11.29,34400,0.0,0,30,2010,11
2010-12-01,11.38,11.38,10.99,11.33,33000,0.0,0,01,2010,12
2010-12-02,11.37,11.37,11.2,11.3,9000,0.1,0,02,2010,12
2010-12-03,11.29,11.46,11.1,11.46,10200,0.0,0,03,2010,12
2010-12-06,11.4,11.4,11.06,11.19,20600,0.0,0,06,2010,12
2010-12-07,11.36,11.47,11.29,11.47,33100,0.0,0,07,2010,12
2010-12-08,11.47,11.47,11.23,11.33,13600,0.0,0,08,2010,12
2010-12-09,11.47,11.49,11.05,11.48,20500,0.0,0,09,2010,12
2010-12-10,11.47,11.61,11.23,11.6,39000,0.0,0,10,2010,12
2010-12-13,11.61,11.64,11.46,11.58,14300,0.0,0,13,2010,12
2010-12-14,11.65,11.82,11.55,11.73,18600,0.0,0,14,2010,12
2010-12-15,11.75,12.14,11.67,11.67,41700,0.0,0,15,2010,12
2010-12-16,11.82,11.87,11.67,11.85,19500,0.0,0,16,2010,12
2010-12-17,11.9,12.18,11.73,11.76,64900,0.0,0,17,2010,12
2010-12-20,11.87,12.04,11.85,11.96,9600,0.0,0,20,2010,12
2010-12-21,12.08,12.3,11.87,12.06,33900,0.0,0,21,2010,12
2010-12-22,12.35,12.45,12.1,12.37,24100,0.0,0,22,2010,12
2010-12-23,12.41,12.41,12.12,12.34,8600,0.0,0,23,2010,12
2010-12-27,12.26,12.46,12.26,12.45,8700,0.0,0,27,2010,12
2010-12-28,12.42,12.58,12.33,12.46,8100,0.0,0,28,2010,12
2010-12-29,12.3,12.76,12.3,12.49,14700,0.0,0,29,2010,12
2010-12-30,12.51,12.58,11.88,11.9,26700,0.0,0,30,2010,12
2010-12-31,11.83,12.0,11.24,11.33,51200,0.0,0,31,2010,12
2011-01-03,11.66,12.22,11.5,12.12,24400,0.0,0,03,2011,1
2011-01-04,12.14,12.17,11.56,11.56,17300,0.0,0,04,2011,1
2011-01-05,11.59,12.04,11.59,12.0,13600,0.0,0,05,2011,1
2011-01-06,11.96,11.96,11.57,11.62,15900,0.0,0,06,2011,1
2011-01-07,11.68,11.77,11.47,11.59,19100,0.0,0,07,2011,1
2011-01-10,11.41,11.92,11.41,11.89,14200,0.0,0,10,2011,1
2011-01-11,11.92,11.92,11.63,11.72,18000,0.0,0,11,2011,1
2011-01-12,11.85,11.85,11.72,11.83,12700,0.0,0,12,2011,1
2011-01-13,11.77,11.77,11.5,11.55,18300,0.0,0,13,2011,1
2011-01-14,11.69,11.93,11.66,11.87,9500,0.0,0,14,2011,1
2011-01-18,11.86,12.03,11.78,12.03,9400,0.0,0,18,2011,1
2011-01-19,11.97,12.05,11.19,11.24,26100,0.0,0,19,2011,1
2011-01-20,11.22,11.43,11.11,11.13,10900,0.0,0,20,2011,1
2011-01-21,11.22,11.48,10.79,10.84,43400,0.0,0,21,2011,1
2011-01-24,10.84,11.18,10.8,11.13,17300,0.0,0,24,2011,1
2011-01-25,11.09,12.31,11.09,12.21,39700,0.0,0,25,2011,1
2011-01-26,12.28,12.41,12.22,12.3,27900,0.0,0,26,2011,1
2011-01-27,12.32,12.32,11.7,11.74,28800,0.0,0,27,2011,1
2011-01-28,11.59,11.6,10.96,10.98,42600,0.0,0,28,2011,1
2011-01-31,11.11,11.55,11.11,11.38,23100,0.0,0,31,2011,1
2011-02-01,11.46,11.8,11.21,11.72,20800,0.0,0,01,2011,2
2011-02-02,11.63,11.81,11.54,11.59,19200,0.0,0,02,2011,2
2011-02-03,11.64,11.79,11.48,11.69,14100,0.0,0,03,2011,2
2011-02-04,11.71,12.05,11.67,11.73,30200,0.0,0,04,2011,2
2011-02-07,11.74,12.05,11.74,12.02,21700,0.0,0,07,2011,2
2011-02-08,11.89,12.1,11.79,11.96,18900,0.0,0,08,2011,2
2011-02-09,11.89,12.06,11.88,12.01,9000,0.0,0,09,2011,2
2011-02-10,11.89,12.04,11.89,12.0,29600,0.0,0,10,2011,2
2011-02-11,11.88,12.12,11.87,12.12,15200,0.0,0,11,2011,2
2011-02-14,12.01,12.16,11.93,11.93,4100,0.0,0,14,2011,2
2011-02-15,11.9,12.01,11.59,11.61,10600,0.0,0,15,2011,2
2011-02-16,11.69,11.69,11.44,11.51,12300,0.0,0,16,2011,2
2011-02-17,11.43,11.6,11.43,11.56,5000,0.0,0,17,2011,2
2011-02-18,11.67,11.67,11.51,11.57,13500,0.0,0,18,2011,2
2011-02-22,11.38,11.51,11.24,11.25,28900,0.0,0,22,2011,2
2011-02-23,11.31,11.32,11.02,11.03,18700,0.0,0,23,2011,2
2011-02-24,11.02,11.15,10.82,11.08,33200,0.0,0,24,2011,2
2011-02-25,11.08,11.21,10.99,11.18,12700,0.0,0,25,2011,2
2011-02-28,11.3,11.32,11.12,11.31,12500,0.0,0,28,2011,2
2011-03-01,11.23,11.27,11.03,11.03,18600,0.0,0,01,2011,3
2011-03-02,11.05,11.12,10.93,11.09,13600,0.0,0,02,2011,3
2011-03-03,11.24,11.45,11.18,11.45,14900,0.1,0,03,2011,3
2011-03-04,11.42,11.51,11.24,11.26,7200,0.0,0,04,2011,3
2011-03-07,11.34,11.39,10.94,10.96,17000,0.0,0,07,2011,3
2011-03-08,10.99,11.47,10.99,11.3,14100,0.0,0,08,2011,3
2011-03-09,11.31,11.52,11.31,11.41,3100,0.0,0,09,2011,3
2011-03-10,11.24,11.28,10.94,10.94,25600,0.0,0,10,2011,3
2011-03-11,10.95,11.18,10.93,10.95,16300,0.0,0,11,2011,3
2011-03-14,10.88,11.07,10.86,10.92,16800,0.0,0,14,2011,3
2011-03-15,10.79,10.92,10.79,10.85,10800,0.0,0,15,2011,3
2011-03-16,10.85,10.93,10.76,10.8,27200,0.0,0,16,2011,3
2011-03-17,10.98,10.98,10.72,10.84,12500,0.0,0,17,2011,3
2011-03-18,10.94,11.52,10.88,11.24,88900,0.0,0,18,2011,3
2011-03-21,11.2,11.39,11.19,11.39,16000,0.0,0,21,2011,3
2011-03-22,11.43,11.65,11.38,11.58,13900,0.0,0,22,2011,3
2011-03-23,11.59,11.59,11.38,11.39,29500,0.0,0,23,2011,3
2011-03-24,11.31,11.39,11.25,11.33,21500,0.0,0,24,2011,3
2011-03-25,11.4,11.6,11.32,11.42,15400,0.0,0,25,2011,3
2011-03-28,11.32,11.38,11.09,11.09,32800,0.0,0,28,2011,3
2011-03-29,11.14,11.37,10.93,11.37,29300,0.0,0,29,2011,3
2011-03-30,11.39,11.46,11.38,11.4,28700,0.0,0,30,2011,3
2011-03-31,11.55,11.56,11.35,11.5,33000,0.0,0,31,2011,3
2011-04-01,11.63,11.7,11.32,11.63,98900,0.0,0,01,2011,4
2011-04-04,11.7,11.7,11.49,11.58,9300,0.0,0,04,2011,4
2011-04-05,11.53,11.74,11.46,11.7,9700,0.0,0,05,2011,4
2011-04-06,11.7,11.9,11.67,11.82,20600,0.0,0,06,2011,4
2011-04-07,11.89,11.89,11.57,11.57,8700,0.0,0,07,2011,4
2011-04-08,11.68,11.68,11.23,11.23,11600,0.0,0,08,2011,4
2011-04-11,11.24,11.55,10.98,11.01,22300,0.0,0,11,2011,4
2011-04-12,10.97,11.12,10.97,11.04,15900,0.0,0,12,2011,4
2011-04-13,11.19,11.28,10.96,10.96,27000,0.0,0,13,2011,4
2011-04-14,10.97,11.33,10.97,11.27,29500,0.0,0,14,2011,4
2011-04-15,11.24,11.33,11.14,11.27,17700,0.0,0,15,2011,4
2011-04-18,11.1,11.1,10.77,10.83,30500,0.0,0,18,2011,4
2011-04-19,10.89,10.95,10.66,10.73,10700,0.0,0,19,2011,4
2011-04-20,10.9,10.95,10.62,10.7,19800,0.0,0,20,2011,4
2011-04-21,10.79,10.83,10.62,10.76,6100,0.0,0,21,2011,4
2011-04-25,10.75,10.79,10.56,10.67,18000,0.0,0,25,2011,4
2011-04-26,10.73,10.73,10.5,10.52,18100,0.0,0,26,2011,4
2011-04-27,10.51,10.56,10.36,10.38,23000,0.0,0,27,2011,4
2011-04-28,10.39,10.43,10.32,10.41,61000,0.0,0,28,2011,4
2011-04-29,10.31,10.31,10.07,10.16,85000,0.0,0,29,2011,4
2011-05-02,10.2,10.22,9.8,9.81,50000,0.0,0,02,2011,5
2011-05-03,9.84,10.12,9.84,10.03,26000,0.0,0,03,2011,5
2011-05-04,10.07,10.15,9.97,9.99,13500,0.0,0,04,2011,5
2011-05-05,9.92,10.02,9.76,9.89,53700,0.0,0,05,2011,5
2011-05-06,10.04,10.04,9.84,9.9,19000,0.0,0,06,2011,5
2011-05-09,9.89,9.99,9.89,9.96,8400,0.0,0,09,2011,5
2011-05-10,10.0,10.27,10.0,10.27,9900,0.0,0,10,2011,5
2011-05-11,10.24,10.24,10.04,10.04,7700,0.0,0,11,2011,5
2011-05-12,10.01,10.15,9.79,9.9,12600,0.0,0,12,2011,5
2011-05-13,9.93,9.93,9.82,9.88,25000,0.0,0,13,2011,5
2011-05-16,9.8,9.99,9.68,9.68,33700,0.0,0,16,2011,5
2011-05-17,9.63,9.79,9.52,9.53,45500,0.0,0,17,2011,5
2011-05-18,9.53,9.68,9.52,9.63,28500,0.0,0,18,2011,5
2011-05-19,9.7,9.7,9.52,9.54,17100,0.0,0,19,2011,5
2011-05-20,9.53,9.59,9.49,9.49,24200,0.0,0,20,2011,5
2011-05-23,9.39,9.45,9.17,9.19,20700,0.0,0,23,2011,5
2011-05-24,9.27,9.27,9.08,9.12,27900,0.0,0,24,2011,5
2011-05-25,9.1,9.21,9.1,9.17,21100,0.0,0,25,2011,5
2011-05-26,9.13,9.33,9.13,9.33,19700,0.0,0,26,2011,5
2011-05-27,9.41,9.49,9.33,9.42,18400,0.0,0,27,2011,5
2011-05-31,9.57,9.81,9.49,9.77,50700,0.0,0,31,2011,5
2011-06-01,9.68,9.7,9.11,9.11,40000,0.0,0,01,2011,6
2011-06-02,9.18,9.24,9.02,9.2,24500,0.0,0,02,2011,6
2011-06-03,9.02,9.38,9.02,9.06,36000,0.0,0,03,2011,6
2011-06-06,9.05,9.28,9.03,9.11,34800,0.0,0,06,2011,6
2011-06-07,9.22,9.25,9.08,9.12,21700,0.0,0,07,2011,6
2011-06-08,9.12,9.27,9.1,9.25,23400,0.1,0,08,2011,6
2011-06-09,9.3,9.3,9.18,9.26,16200,0.0,0,09,2011,6
2011-06-10,9.23,9.3,9.21,9.25,15400,0.0,0,10,2011,6
2011-06-13,9.3,9.32,9.17,9.25,28500,0.0,0,13,2011,6
2011-06-14,9.38,9.38,9.1,9.36,26100,0.0,0,14,2011,6
2011-06-15,9.23,9.31,9.14,9.25,28800,0.0,0,15,2011,6
2011-06-16,9.27,9.42,9.13,9.38,14900,0.0,0,16,2011,6
2011-06-17,9.47,9.61,9.37,9.39,52800,0.0,0,17,2011,6
2011-06-20,9.33,9.51,9.29,9.51,9900,0.0,0,20,2011,6
2011-06-21,9.52,9.85,9.42,9.81,31500,0.0,0,21,2011,6
2011-06-22,9.75,9.81,9.37,9.42,20900,0.0,0,22,2011,6
2011-06-23,9.22,9.68,9.2,9.59,31700,0.0,0,23,2011,6
2011-06-24,9.64,10.24,9.61,10.05,125100,0.0,0,24,2011,6
2011-06-27,10.03,10.12,9.79,9.9,47500,0.0,0,27,2011,6
2011-06-28,9.92,10.12,9.72,9.75,38200,0.0,0,28,2011,6
2011-06-29,9.82,9.82,9.35,9.37,20200,0.0,0,29,2011,6
2011-06-30,9.42,9.46,9.33,9.4,28000,0.0,0,30,2011,6
2011-07-01,9.41,9.57,9.37,9.41,43400,0.0,0,01,2011,7
2011-07-05,9.4,9.42,9.33,9.42,23800,0.0,0,05,2011,7
2011-07-06,9.38,9.52,9.28,9.46,57200,0.0,0,06,2011,7
2011-07-07,9.46,9.67,9.46,9.58,28400,0.0,0,07,2011,7
2011-07-08,9.47,9.56,9.42,9.5,31100,0.0,0,08,2011,7
2011-07-11,9.41,9.65,9.33,9.4,19700,0.0,0,11,2011,7
2011-07-12,9.38,9.61,9.32,9.32,18200,0.0,0,12,2011,7
2011-07-13,9.39,9.56,9.32,9.51,66900,0.0,0,13,2011,7
2011-07-14,9.5,9.51,9.42,9.42,9000,0.0,0,14,2011,7
2011-07-15,9.44,9.58,9.38,9.4,18200,0.0,0,15,2011,7
2011-07-18,9.41,9.42,9.25,9.38,21300,0.0,0,18,2011,7
2011-07-19,9.44,9.57,9.4,9.57,17300,0.0,0,19,2011,7
2011-07-20,9.55,9.55,9.37,9.38,8400,0.0,0,20,2011,7
2011-07-21,9.38,9.68,9.26,9.46,21100,0.0,0,21,2011,7
2011-07-22,9.49,9.63,9.25,9.42,21400,0.0,0,22,2011,7
2011-07-25,9.25,9.46,9.25,9.3,42200,0.0,0,25,2011,7
2011-07-26,9.37,9.57,9.34,9.36,20800,0.0,0,26,2011,7
2011-07-27,9.35,9.43,9.22,9.25,30800,0.0,0,27,2011,7
2011-07-28,9.35,9.42,9.26,9.4,29600,0.0,0,28,2011,7
2011-07-29,9.3,9.56,9.29,9.44,28100,0.0,0,29,2011,7
2011-08-01,9.55,9.58,9.34,9.4,34100,0.0,0,01,2011,8
2011-08-02,9.35,9.68,9.31,9.42,26200,0.0,0,02,2011,8
2011-08-03,9.36,9.78,9.36,9.75,17700,0.0,0,03,2011,8
2011-08-04,9.62,9.84,9.35,9.38,37200,0.0,0,04,2011,8
2011-08-05,9.43,9.62,9.33,9.41,16900,0.0,0,05,2011,8
2011-08-08,9.16,9.75,9.15,9.25,49500,0.0,0,08,2011,8
2011-08-09,9.51,9.93,9.14,9.74,100100,0.0,0,09,2011,8
2011-08-10,9.47,9.61,9.17,9.2,66800,0.0,0,10,2011,8
2011-08-11,9.27,9.82,9.27,9.7,41300,0.0,0,11,2011,8
2011-08-12,9.73,9.82,9.31,9.42,15900,0.0,0,12,2011,8
2011-08-15,9.5,9.54,9.37,9.54,19100,0.0,0,15,2011,8
2011-08-16,9.4,9.48,9.23,9.33,25900,0.0,0,16,2011,8
2011-08-17,9.31,9.37,9.25,9.31,7400,0.0,0,17,2011,8
2011-08-18,9.17,9.29,9.07,9.11,51100,0.0,0,18,2011,8
2011-08-19,8.99,9.48,8.99,9.22,43200,0.0,0,19,2011,8
2011-08-22,9.37,9.49,9.18,9.27,45600,0.0,0,22,2011,8
2011-08-23,9.3,9.42,9.13,9.29,30500,0.0,0,23,2011,8
2011-08-24,9.28,9.47,9.22,9.42,42500,0.0,0,24,2011,8
2011-08-25,9.43,9.43,9.17,9.19,35100,0.0,0,25,2011,8
2011-08-26,9.14,9.41,9.14,9.28,19400,0.0,0,26,2011,8
2011-08-29,9.37,9.39,9.28,9.35,40100,0.0,0,29,2011,8
2011-08-30,9.3,9.47,9.23,9.37,22300,0.0,0,30,2011,8
2011-08-31,9.38,9.41,9.27,9.31,37200,0.0,0,31,2011,8
2011-09-01,9.3,9.39,9.2,9.34,42100,0.0,0,01,2011,9
2011-09-02,9.15,9.29,9.13,9.21,61600,0.0,0,02,2011,9
2011-09-06,9.01,9.39,9.01,9.33,83800,0.0,0,06,2011,9
2011-09-07,9.46,9.61,9.36,9.51,38200,0.1,0,07,2011,9
2011-09-08,9.45,9.46,9.27,9.34,22500,0.0,0,08,2011,9
2011-09-09,9.23,9.42,9.12,9.34,48500,0.0,0,09,2011,9
2011-09-12,9.22,9.43,9.22,9.42,21400,0.0,0,12,2011,9
2011-09-13,9.43,9.47,9.36,9.43,37700,0.0,0,13,2011,9
2011-09-14,9.46,9.75,9.36,9.7,43200,0.0,0,14,2011,9
2011-09-15,9.74,9.74,9.5,9.59,9400,0.0,0,15,2011,9
2011-09-16,9.66,9.66,9.46,9.53,60500,0.0,0,16,2011,9
2011-09-19,9.43,9.56,9.31,9.43,31500,0.0,0,19,2011,9
2011-09-20,9.46,9.65,9.33,9.47,30200,0.0,0,20,2011,9
2011-09-21,9.44,9.52,9.26,9.28,23300,0.0,0,21,2011,9
2011-09-22,9.25,9.48,9.25,9.35,53900,0.0,0,22,2011,9
2011-09-23,9.38,9.67,9.35,9.62,35200,0.0,0,23,2011,9
2011-09-26,9.71,9.79,9.44,9.78,34000,0.0,0,26,2011,9
2011-09-27,9.9,9.9,9.56,9.69,32600,0.0,0,27,2011,9
2011-09-28,9.53,9.7,9.39,9.41,38400,0.0,0,28,2011,9
2011-09-29,9.65,9.72,9.46,9.57,66600,0.0,0,29,2011,9
2011-09-30,9.41,9.68,9.41,9.6,59100,0.0,0,30,2011,9
2011-10-03,9.49,9.63,9.32,9.32,60800,0.0,0,03,2011,10
2011-10-04,9.26,10.28,9.26,10.1,66800,0.0,0,04,2011,10
2011-10-05,10.08,10.08,9.62,9.78,28700,0.0,0,05,2011,10
2011-10-06,9.78,9.82,9.62,9.7,25100,0.0,0,06,2011,10
2011-10-07,9.7,9.76,9.25,9.31,29900,0.0,0,07,2011,10
2011-10-10,9.48,9.68,9.27,9.68,30500,0.0,0,10,2011,10
2011-10-11,9.62,9.83,9.49,9.8,28100,0.0,0,11,2011,10
2011-10-12,9.85,9.86,9.64,9.71,42400,0.0,0,12,2011,10
2011-10-13,9.64,9.74,9.49,9.73,14700,0.0,0,13,2011,10
2011-10-14,9.8,9.94,9.61,9.94,16900,0.0,0,14,2011,10
2011-10-17,9.8,9.85,9.35,9.4,27400,0.0,0,17,2011,10
2011-10-18,9.49,9.71,9.49,9.62,36100,0.0,0,18,2011,10
2011-10-19,9.63,9.66,9.37,9.4,28200,0.0,0,19,2011,10
2011-10-20,9.46,9.56,9.26,9.49,19800,0.0,0,20,2011,10
2011-10-21,9.61,9.68,9.48,9.61,30100,0.0,0,21,2011,10
2011-10-24,9.61,9.68,9.57,9.68,25200,0.0,0,24,2011,10
2011-10-25,9.58,9.58,9.2,9.21,47400,0.0,0,25,2011,10
2011-10-26,9.46,9.52,9.18,9.44,20400,0.0,0,26,2011,10
2011-10-27,9.68,9.98,9.48,9.97,72800,0.0,0,27,2011,10
2011-10-28,9.94,10.08,9.67,9.69,38300,0.0,0,28,2011,10
2011-10-31,9.63,9.78,9.43,9.43,37300,0.0,0,31,2011,10
2011-11-01,9.34,9.43,9.04,9.09,41700,0.0,0,01,2011,11
2011-11-02,9.31,9.4,9.23,9.35,18300,0.0,0,02,2011,11
2011-11-03,9.45,9.8,9.34,9.8,34900,0.0,0,03,2011,11
2011-11-04,9.7,9.7,9.57,9.67,7700,0.0,0,04,2011,11
2011-11-07,9.63,9.65,9.4,9.59,5800,0.0,0,07,2011,11
2011-11-08,9.62,9.91,9.49,9.85,14900,0.0,0,08,2011,11
2011-11-09,9.6,9.8,9.3,9.3,31900,0.0,0,09,2011,11
2011-11-10,9.49,9.67,9.38,9.53,16400,0.0,0,10,2011,11
2011-11-11,9.73,9.75,9.54,9.57,21300,0.0,0,11,2011,11
2011-11-14,9.7,9.7,9.39,9.49,18500,0.0,0,14,2011,11
2011-11-15,9.68,9.71,9.39,9.67,14200,0.0,0,15,2011,11
2011-11-16,9.56,9.56,9.31,9.33,11200,0.0,0,16,2011,11
2011-11-17,9.35,9.5,9.19,9.25,21100,0.0,0,17,2011,11
2011-11-18,9.26,9.43,9.16,9.38,13300,0.0,0,18,2011,11
2011-11-21,9.26,9.55,9.2,9.29,16800,0.0,0,21,2011,11
2011-11-22,9.29,9.46,9.17,9.17,10800,0.0,0,22,2011,11
2011-11-23,9.12,9.28,8.94,8.94,31700,0.0,0,23,2011,11
2011-11-25,9.01,9.18,8.93,8.93,16500,0.0,0,25,2011,11
2011-11-28,9.28,9.28,9.06,9.2,26500,0.0,0,28,2011,11
2011-11-29,9.2,9.29,9.13,9.25,11700,0.0,0,29,2011,11
2011-11-30,9.46,9.72,9.44,9.72,76900,0.0,0,30,2011,11
2011-12-01,9.73,9.73,9.47,9.47,20300,0.0,0,01,2011,12
2011-12-02,9.63,9.68,9.41,9.54,15100,0.0,0,02,2011,12
2011-12-05,9.38,9.76,9.38,9.71,34800,0.0,0,05,2011,12
2011-12-06,9.68,9.93,9.61,9.83,58000,0.0,0,06,2011,12
2011-12-07,9.73,10.04,9.73,10.0,22500,0.0,0,07,2011,12
2011-12-08,9.85,9.85,9.47,9.56,29200,0.0,0,08,2011,12
2011-12-09,9.58,10.01,9.58,9.95,49100,0.0,0,09,2011,12
2011-12-12,9.74,9.95,9.68,9.87,17300,0.0,0,12,2011,12
2011-12-13,9.93,10.03,9.9,9.99,45800,0.0,0,13,2011,12
2011-12-14,9.89,10.13,9.89,10.12,24200,0.0,0,14,2011,12
2011-12-15,9.35,9.43,8.75,9.16,135100,0.0,0,15,2011,12
2011-12-16,9.23,9.42,9.1,9.34,93800,0.0,0,16,2011,12
2011-12-19,9.36,9.36,8.99,9.03,27000,0.0,0,19,2011,12
2011-12-20,9.17,9.43,8.92,9.22,44300,0.0,0,20,2011,12
2011-12-21,9.16,9.17,8.94,9.17,9400,0.0,0,21,2011,12
2011-12-22,9.17,9.32,9.09,9.31,10600,0.0,0,22,2011,12
2011-12-23,9.27,9.27,9.13,9.18,5700,0.0,0,23,2011,12
2011-12-27,9.07,9.17,8.88,8.92,41400,0.0,0,27,2011,12
2011-12-28,8.97,9.03,8.82,8.84,35200,0.0,0,28,2011,12
2011-12-29,8.82,8.97,8.82,8.94,22600,0.0,0,29,2011,12
2011-12-30,8.91,9.06,8.72,8.83,51200,0.0,0,30,2011,12
2012-01-03,8.94,9.17,8.89,9.12,31000,0.0,0,03,2012,1
2012-01-04,9.04,9.04,8.88,8.99,18600,0.0,0,04,2012,1
2012-01-05,8.9,9.1,8.9,9.09,16700,0.0,0,05,2012,1
2012-01-06,8.98,9.04,8.88,8.89,23900,0.0,0,06,2012,1
2012-01-09,8.89,8.96,8.7,8.77,25700,0.0,0,09,2012,1
2012-01-10,8.87,8.93,8.74,8.93,26500,0.0,0,10,2012,1
2012-01-11,8.83,8.99,8.75,8.99,22500,0.0,0,11,2012,1
2012-01-12,9.01,9.11,8.82,9.06,9300,0.0,0,12,2012,1
2012-01-13,8.91,9.05,8.91,8.99,17600,0.0,0,13,2012,1
2012-01-17,9.04,9.05,8.8,8.83,18100,0.0,0,17,2012,1
2012-01-18,8.85,9.15,8.79,9.12,24800,0.0,0,18,2012,1
2012-01-19,9.06,9.06,8.84,8.95,17200,0.0,0,19,2012,1
2012-01-20,8.96,9.04,8.91,9.03,13800,0.0,0,20,2012,1
2012-01-23,8.99,8.99,8.8,8.85,15300,0.0,0,23,2012,1
2012-01-24,8.84,9.0,8.74,8.97,26400,0.0,0,24,2012,1
2012-01-25,8.89,9.06,8.87,9.02,14800,0.0,0,25,2012,1
2012-01-26,9.02,9.02,8.74,8.91,21000,0.0,0,26,2012,1
2012-01-27,8.78,8.83,8.18,8.33,34400,0.0,0,27,2012,1
2012-01-30,8.26,8.32,8.1,8.17,34300,0.0,0,30,2012,1
2012-01-31,8.22,8.3,8.02,8.09,55000,0.0,0,31,2012,1
2012-02-01,8.12,8.36,8.02,8.32,34500,0.0,0,01,2012,2
2012-02-02,8.34,8.57,8.2,8.49,16400,0.0,0,02,2012,2
2012-02-03,8.58,8.69,8.41,8.65,38800,0.0,0,03,2012,2
2012-02-06,8.63,8.65,8.49,8.58,6100,0.0,0,06,2012,2
2012-02-07,8.55,8.55,8.18,8.2,14600,0.0,0,07,2012,2
2012-02-08,8.24,8.35,8.23,8.33,12100,0.0,0,08,2012,2
2012-02-09,8.33,8.33,8.2,8.24,19400,0.0,0,09,2012,2
2012-02-10,8.23,8.34,8.16,8.19,24200,0.0,0,10,2012,2
2012-02-13,8.26,8.26,8.21,8.23,6400,0.0,0,13,2012,2
2012-02-14,8.23,8.29,8.21,8.23,26800,0.0,0,14,2012,2
2012-02-15,8.28,8.28,8.13,8.14,17100,0.0,0,15,2012,2
2012-02-16,8.22,8.31,8.17,8.28,9900,0.0,0,16,2012,2
2012-02-17,8.32,8.32,8.2,8.21,9900,0.0,0,17,2012,2
2012-02-21,8.21,8.21,8.03,8.03,18500,0.0,0,21,2012,2
2012-02-22,8.06,8.06,7.87,7.87,10700,0.0,0,22,2012,2
2012-02-23,7.89,7.89,7.63,7.85,26200,0.0,0,23,2012,2
2012-02-24,7.77,7.78,7.67,7.74,8800,0.0,0,24,2012,2
2012-02-27,7.71,7.71,7.57,7.6,14100,0.0,0,27,2012,2
2012-02-28,7.59,7.65,7.5,7.5,6200,0.0,0,28,2012,2
2012-02-29,7.51,7.53,7.28,7.28,28500,0.0,0,29,2012,2
2012-03-01,7.25,7.4,7.25,7.25,47200,0.0,0,01,2012,3
2012-03-02,7.29,7.31,6.94,6.94,30300,0.0,0,02,2012,3
2012-03-05,6.94,6.97,6.79,6.93,10900,0.0,0,05,2012,3
2012-03-06,6.9,6.9,6.78,6.84,30100,0.0,0,06,2012,3
2012-03-07,6.9,6.9,6.83,6.87,16400,0.0,0,07,2012,3
2012-03-08,6.88,6.88,6.77,6.84,41500,0.0,0,08,2012,3
2012-03-09,6.86,6.97,6.86,6.95,48900,0.0,0,09,2012,3
2012-03-12,6.95,6.95,6.83,6.87,22800,0.0,0,12,2012,3
2012-03-13,6.92,7.01,6.89,7.01,32900,0.0,0,13,2012,3
2012-03-14,7.38,7.38,7.05,7.09,16000,0.0,0,14,2012,3
2012-03-15,7.13,7.2,7.09,7.19,14400,0.0,0,15,2012,3
2012-03-16,7.2,7.28,7.12,7.14,42100,0.0,0,16,2012,3
2012-03-19,7.13,7.32,6.99,7.23,35700,0.0,0,19,2012,3
2012-03-20,7.19,7.22,7.13,7.14,18600,0.0,0,20,2012,3
2012-03-21,7.19,7.21,6.98,6.99,24200,0.0,0,21,2012,3
2012-03-22,6.96,6.98,6.94,6.94,11100,0.0,0,22,2012,3
2012-03-23,6.94,7.01,6.9,6.97,27800,0.0,0,23,2012,3
2012-03-26,7.0,7.17,6.99,7.05,27800,0.0,0,26,2012,3
2012-03-27,7.04,7.08,6.77,6.82,38700,0.0,0,27,2012,3
2012-03-28,6.84,6.92,6.84,6.85,24800,0.0,0,28,2012,3
2012-03-29,6.83,7.02,6.83,6.96,67700,0.0,0,29,2012,3
2012-03-30,6.98,6.98,6.87,6.89,38500,0.0,0,30,2012,3
2012-04-02,6.86,7.11,6.78,7.11,90500,0.0,0,02,2012,4
2012-04-03,7.08,7.14,6.97,7.1,21100,0.0,0,03,2012,4
2012-04-04,7.02,7.12,6.98,7.04,14900,0.0,0,04,2012,4
2012-04-05,7.06,7.12,6.97,7.1,17100,0.0,0,05,2012,4
2012-04-09,6.98,7.12,6.95,7.02,24600,0.0,0,09,2012,4
2012-04-10,7.01,7.06,6.94,6.94,20500,0.0,0,10,2012,4
2012-04-11,7.03,7.09,6.95,7.09,29500,0.0,0,11,2012,4
2012-04-12,7.05,7.21,7.02,7.12,13900,0.0,0,12,2012,4
2012-04-13,7.08,7.08,6.78,6.78,18400,0.0,0,13,2012,4
2012-04-16,6.8,7.06,6.8,7.02,5000,0.0,0,16,2012,4
2012-04-17,7.1,7.1,6.85,6.88,24000,0.0,0,17,2012,4
2012-04-18,6.84,6.84,6.69,6.7,21300,0.0,0,18,2012,4
2012-04-19,6.71,6.84,6.57,6.57,18800,0.0,0,19,2012,4
2012-04-20,6.76,6.9,6.67,6.86,27000,0.0,0,20,2012,4
2012-04-23,6.74,7.01,6.69,6.94,27400,0.0,0,23,2012,4
2012-04-24,7.01,7.34,7.01,7.34,26000,0.0,0,24,2012,4
2012-04-25,7.37,7.77,7.37,7.72,38200,0.0,0,25,2012,4
2012-04-26,7.68,7.82,7.65,7.72,23000,0.0,0,26,2012,4
2012-04-27,7.77,7.91,7.7,7.85,20600,0.0,0,27,2012,4
2012-04-30,7.82,8.08,7.68,7.72,38000,0.0,0,30,2012,4
2012-05-01,7.69,7.82,7.01,7.71,53000,0.0,0,01,2012,5
2012-05-02,7.64,7.82,7.34,7.54,23200,0.0,0,02,2012,5
2012-05-03,7.45,7.51,7.17,7.21,19000,0.0,0,03,2012,5
2012-05-04,7.18,7.45,6.73,7.18,29000,0.0,0,04,2012,5
2012-05-07,7.15,7.38,6.81,7.28,14000,0.0,0,07,2012,5
2012-05-08,7.21,7.85,7.1,7.59,9000,0.0,0,08,2012,5
2012-05-09,7.54,7.54,7.21,7.21,10000,0.0,0,09,2012,5
2012-05-10,7.27,7.27,6.89,7.04,24000,0.0,0,10,2012,5
2012-05-11,6.97,6.97,6.83,6.84,25800,0.0,0,11,2012,5
2012-05-14,6.8,6.84,6.67,6.71,10400,0.0,0,14,2012,5
2012-05-15,6.66,6.88,6.66,6.71,10000,0.0,0,15,2012,5
2012-05-16,6.78,6.78,6.29,6.35,62400,0.0,0,16,2012,5
2012-05-17,6.34,6.35,6.03,6.19,67300,0.0,0,17,2012,5
2012-05-18,6.1,6.23,6.02,6.15,36600,0.0,0,18,2012,5
2012-05-21,6.18,6.26,6.06,6.26,27900,0.0,0,21,2012,5
2012-05-22,6.26,6.35,5.92,6.02,65000,0.0,0,22,2012,5
2012-05-23,5.95,6.2,5.87,6.15,36000,0.0,0,23,2012,5
2012-05-24,6.17,6.19,5.97,6.18,78100,0.0,0,24,2012,5
2012-05-25,6.16,6.32,6.1,6.25,49300,0.0,0,25,2012,5
2012-05-29,6.27,6.33,6.14,6.19,53800,0.0,0,29,2012,5
2012-05-30,6.18,6.33,6.11,6.17,31600,0.0,0,30,2012,5
2012-05-31,6.14,6.37,6.1,6.22,278700,0.0,0,31,2012,5
2012-06-01,6.13,6.34,6.13,6.21,42100,0.0,0,01,2012,6
2012-06-04,6.26,6.49,6.26,6.47,41600,0.0,0,04,2012,6
2012-06-05,6.42,6.66,6.42,6.52,58700,0.0,0,05,2012,6
2012-06-06,6.6,6.78,6.49,6.76,30700,0.0,0,06,2012,6
2012-06-07,6.78,6.78,6.54,6.6,27300,0.0,0,07,2012,6
2012-06-08,6.6,7.02,6.51,6.72,48500,0.0,0,08,2012,6
2012-06-11,6.82,6.82,6.3,6.42,46600,0.0,0,11,2012,6
2012-06-12,6.49,6.65,6.47,6.6,22900,0.0,0,12,2012,6
2012-06-13,6.58,6.61,6.12,6.21,21000,0.0,0,13,2012,6
2012-06-14,6.2,6.44,6.09,6.22,35200,0.0,0,14,2012,6
2012-06-15,6.21,6.48,6.16,6.45,57000,0.0,0,15,2012,6
2012-06-18,6.39,6.46,6.08,6.16,68700,0.0,0,18,2012,6
2012-06-19,6.11,6.3,6.11,6.28,38200,0.0,0,19,2012,6
2012-06-20,6.25,6.38,6.15,6.32,15500,0.0,0,20,2012,6
2012-06-21,6.29,6.29,6.03,6.09,28000,0.0,0,21,2012,6
2012-06-22,6.1,6.34,6.1,6.26,74300,0.0,0,22,2012,6
2012-06-25,6.14,6.29,6.06,6.1,16900,0.0,0,25,2012,6
2012-06-26,6.11,6.4,6.11,6.35,25300,0.0,0,26,2012,6
2012-06-27,6.34,6.76,6.34,6.71,39500,0.0,0,27,2012,6
2012-06-28,6.63,6.91,6.53,6.63,15500,0.0,0,28,2012,6
2012-06-29,6.75,6.82,6.64,6.82,34400,0.0,0,29,2012,6
2012-07-02,6.78,6.85,6.63,6.85,39800,0.0,0,02,2012,7
2012-07-03,6.78,6.99,6.78,6.99,5200,0.0,0,03,2012,7
2012-07-05,6.97,7.06,6.76,6.98,18100,0.0,0,05,2012,7
2012-07-06,6.91,7.02,6.87,6.97,13800,0.0,0,06,2012,7
2012-07-09,6.84,7.0,6.76,6.97,32200,0.0,0,09,2012,7
2012-07-10,6.98,7.15,6.8,7.14,37500,0.0,0,10,2012,7
2012-07-11,7.14,7.28,6.99,7.16,18600,0.0,0,11,2012,7
2012-07-12,7.08,7.16,7.01,7.11,9900,0.0,0,12,2012,7
2012-07-13,7.14,7.28,7.14,7.27,17800,0.0,0,13,2012,7
2012-07-16,7.23,7.29,7.08,7.18,22500,0.0,0,16,2012,7
2012-07-17,7.21,7.21,7.09,7.15,4800,0.0,0,17,2012,7
2012-07-18,7.12,7.28,7.03,7.23,13100,0.0,0,18,2012,7
2012-07-19,7.18,7.25,7.09,7.09,5500,0.0,0,19,2012,7
2012-07-20,7.05,7.22,6.84,6.85,24800,0.0,0,20,2012,7
2012-07-23,6.74,7.03,6.47,7.02,33900,0.0,0,23,2012,7
2012-07-24,7.02,7.03,6.6,6.83,22500,0.0,0,24,2012,7
2012-07-25,6.86,6.92,6.57,6.69,22600,0.0,0,25,2012,7
2012-07-26,6.8,6.97,6.74,6.83,7800,0.0,0,26,2012,7
2012-07-27,6.84,7.37,6.7,7.12,23500,0.0,0,27,2012,7
2012-07-30,7.09,7.09,6.95,6.95,4100,0.0,0,30,2012,7
2012-07-31,6.91,7.01,6.75,6.78,10200,0.0,0,31,2012,7
2012-08-01,6.77,7.01,6.6,6.6,30800,0.0,0,01,2012,8
2012-08-02,6.57,6.88,6.57,6.59,26200,0.0,0,02,2012,8
2012-08-03,6.6,6.82,6.54,6.79,34800,0.0,0,03,2012,8
2012-08-06,6.81,6.87,6.72,6.84,10500,0.0,0,06,2012,8
2012-08-07,6.86,7.03,6.73,6.97,26600,0.0,0,07,2012,8
2012-08-08,6.88,7.33,6.88,7.22,34400,0.0,0,08,2012,8
2012-08-09,7.19,7.28,7.09,7.25,4600,0.0,0,09,2012,8
2012-08-10,7.21,7.26,6.97,7.15,14100,0.0,0,10,2012,8
2012-08-13,7.14,7.14,6.84,6.95,7000,0.0,0,13,2012,8
2012-08-14,6.91,6.97,6.81,6.87,7700,0.0,0,14,2012,8
2012-08-15,6.81,7.13,6.81,7.09,7300,0.0,0,15,2012,8
2012-08-16,7.09,7.15,6.85,7.07,19400,0.0,0,16,2012,8
2012-08-17,7.01,7.35,6.97,7.35,16200,0.0,0,17,2012,8
2012-08-20,7.24,7.26,7.07,7.1,8500,0.0,0,20,2012,8
2012-08-21,7.15,7.18,6.95,7.12,46700,0.0,0,21,2012,8
2012-08-22,7.11,7.25,7.11,7.13,1600,0.0,0,22,2012,8
2012-08-23,7.11,7.21,6.97,7.19,10700,0.0,0,23,2012,8
2012-08-24,7.13,7.32,7.04,7.32,19700,0.0,0,24,2012,8
2012-08-27,7.27,7.52,7.16,7.52,14900,0.0,0,27,2012,8
2012-08-28,7.45,7.84,7.31,7.84,21300,0.0,0,28,2012,8
2012-08-29,7.87,8.16,7.83,8.14,13600,0.0,0,29,2012,8
2012-08-30,8.01,8.17,7.9,8.1,18300,0.0,0,30,2012,8
2012-08-31,8.12,8.32,7.95,8.27,18200,0.0,0,31,2012,8
2012-09-04,8.19,8.35,7.92,8.35,18700,0.0,0,04,2012,9
2012-09-05,8.37,8.63,8.12,8.55,34800,0.0,0,05,2012,9
2012-09-06,8.56,9.16,8.56,9.16,53700,0.0,0,06,2012,9
2012-09-07,9.16,9.77,9.16,9.34,34800,0.0,0,07,2012,9
2012-09-10,9.15,9.32,9.07,9.25,16600,0.0,0,10,2012,9
2012-09-11,9.24,9.33,8.72,9.03,103700,0.0,0,11,2012,9
2012-09-12,8.93,9.2,8.87,9.18,11900,0.0,0,12,2012,9
2012-09-13,9.17,9.38,8.84,9.24,41000,0.0,0,13,2012,9
2012-09-14,9.22,9.48,9.08,9.27,45200,0.0,0,14,2012,9
2012-09-17,9.22,9.39,9.21,9.36,12200,0.0,0,17,2012,9
2012-09-18,9.3,9.41,8.94,9.38,24500,0.0,0,18,2012,9
2012-09-19,9.38,9.39,9.13,9.36,23200,0.0,0,19,2012,9
2012-09-20,9.3,9.33,8.97,9.21,15400,0.0,0,20,2012,9
2012-09-21,9.25,9.33,9.15,9.32,54200,0.0,0,21,2012,9
2012-09-24,9.31,9.62,9.1,9.62,36200,0.0,0,24,2012,9
2012-09-25,9.67,9.93,9.54,9.69,25700,0.0,0,25,2012,9
2012-09-26,9.85,10.14,9.43,9.81,41100,0.0,0,26,2012,9
2012-09-27,9.8,10.06,9.8,9.89,8500,0.0,0,27,2012,9
2012-09-28,9.82,9.9,9.65,9.84,31000,0.0,0,28,2012,9
2012-10-01,9.86,9.9,9.68,9.85,19900,0.0,0,01,2012,10
2012-10-02,9.86,9.94,9.63,9.71,13400,0.0,0,02,2012,10
2012-10-03,9.7,9.8,9.62,9.67,6900,0.0,0,03,2012,10
2012-10-04,9.67,9.84,9.61,9.78,15000,0.0,0,04,2012,10
2012-10-05,9.76,9.82,9.75,9.81,5700,0.0,0,05,2012,10
2012-10-08,9.74,10.01,9.42,9.9,13600,0.0,0,08,2012,10
2012-10-09,9.89,9.89,9.57,9.62,8100,0.0,0,09,2012,10
2012-10-10,9.67,10.07,9.41,10.07,16700,0.0,0,10,2012,10
2012-10-11,10.05,10.05,9.81,10.01,22500,0.0,0,11,2012,10
2012-10-12,9.99,10.06,9.78,9.8,22200,0.0,0,12,2012,10
2012-10-15,9.8,9.96,9.8,9.96,6600,0.0,0,15,2012,10
2012-10-16,10.01,10.01,9.75,9.83,11100,0.0,0,16,2012,10
2012-10-17,9.82,9.85,9.77,9.85,4700,0.0,0,17,2012,10
2012-10-18,9.81,9.88,9.53,9.82,18100,0.0,0,18,2012,10
2012-10-19,9.71,9.79,9.47,9.68,15300,0.0,0,19,2012,10
2012-10-22,9.63,9.71,9.4,9.71,12900,0.0,0,22,2012,10
2012-10-23,9.57,9.87,9.54,9.66,10300,0.0,0,23,2012,10
2012-10-24,9.67,9.88,9.3,9.76,8600,0.0,0,24,2012,10
2012-10-25,9.81,9.93,9.6,9.85,17400,0.0,0,25,2012,10
2012-10-26,9.86,9.86,9.62,9.75,7000,0.0,0,26,2012,10
2012-10-31,9.79,9.8,9.25,9.39,39700,0.0,0,31,2012,10
2012-11-01,9.37,9.71,9.37,9.6,31400,0.0,0,01,2012,11
2012-11-02,9.61,9.66,9.31,9.56,28400,0.0,0,02,2012,11
2012-11-05,9.53,9.66,9.45,9.52,9800,0.0,0,05,2012,11
2012-11-06,9.58,10.01,9.58,9.93,39200,0.0,0,06,2012,11
2012-11-07,9.8,9.89,9.25,9.31,17500,0.0,0,07,2012,11
2012-11-08,9.26,9.55,8.97,8.97,15900,0.0,0,08,2012,11
2012-11-09,8.96,8.98,8.69,8.73,13500,0.0,0,09,2012,11
2012-11-12,8.78,8.95,8.78,8.83,9700,0.0,0,12,2012,11
2012-11-13,8.8,8.84,8.36,8.41,10500,0.0,0,13,2012,11
2012-11-14,8.44,8.67,8.41,8.47,11700,0.0,0,14,2012,11
2012-11-15,8.5,8.67,8.42,8.57,13500,0.0,0,15,2012,11
2012-11-16,8.51,11.02,8.51,10.01,201900,0.0,0,16,2012,11
2012-11-19,10.04,10.08,9.62,9.77,29900,0.0,0,19,2012,11
2012-11-20,9.71,9.8,9.54,9.66,8900,0.0,0,20,2012,11
2012-11-21,9.64,9.75,9.5,9.7,6700,0.0,0,21,2012,11
2012-11-23,9.8,10.18,9.8,10.12,10700,0.0,0,23,2012,11
2012-11-26,10.17,10.26,10.0,10.15,15500,0.0,0,26,2012,11
2012-11-27,10.1,10.26,10.02,10.08,10600,0.0,0,27,2012,11
2012-11-28,10.0,10.17,9.8,10.05,15900,0.0,0,28,2012,11
2012-11-29,10.12,10.17,9.95,10.17,9300,0.0,0,29,2012,11
2012-11-30,10.24,10.36,10.01,10.03,21500,0.0,0,30,2012,11
2012-12-03,9.96,10.34,9.81,10.24,39700,0.0,0,03,2012,12
2012-12-04,10.04,10.3,10.04,10.22,8800,0.0,0,04,2012,12
2012-12-05,10.25,10.29,10.08,10.17,10200,0.0,0,05,2012,12
2012-12-06,10.13,10.2,9.98,10.1,7800,0.0,0,06,2012,12
2012-12-07,10.17,10.17,9.95,10.09,5100,0.0,0,07,2012,12
2012-12-10,10.14,10.14,9.97,10.09,9300,0.0,0,10,2012,12
2012-12-11,10.19,10.25,10.03,10.21,26300,0.0,0,11,2012,12
2012-12-12,10.27,10.27,9.94,9.97,27600,0.0,0,12,2012,12
2012-12-13,10.02,10.17,9.95,10.04,4600,0.0,0,13,2012,12
2012-12-14,9.97,10.18,9.75,10.07,29500,0.0,0,14,2012,12
2012-12-17,10.17,10.38,9.88,10.17,44000,0.0,0,17,2012,12
2012-12-18,10.22,10.41,10.17,10.41,29000,0.0,0,18,2012,12
2012-12-19,10.38,10.64,10.15,10.54,12100,0.0,0,19,2012,12
2012-12-20,10.57,10.91,10.48,10.81,23200,0.0,0,20,2012,12
2012-12-21,10.84,10.84,10.5,10.57,98400,0.0,0,21,2012,12
2012-12-24,10.55,10.55,10.49,10.52,1900,0.0,0,24,2012,12
2012-12-26,10.43,10.7,10.23,10.4,25200,0.0,0,26,2012,12
2012-12-27,10.44,10.53,10.27,10.44,12700,0.0,0,27,2012,12
2012-12-28,10.42,10.48,10.3,10.33,11900,0.0,0,28,2012,12
2012-12-31,10.32,10.53,10.08,10.52,31500,0.0,0,31,2012,12
2013-01-02,10.78,11.18,10.42,11.16,75800,0.0,0,02,2013,1
2013-01-03,11.16,11.16,10.37,10.68,30400,0.0,0,03,2013,1
2013-01-04,10.76,11.03,10.56,10.93,23700,0.0,0,04,2013,1
2013-01-07,10.81,11.05,10.73,11.04,14700,0.0,0,07,2013,1
2013-01-08,11.05,11.31,10.89,11.14,35300,0.0,0,08,2013,1
2013-01-09,11.14,11.28,10.95,11.11,24800,0.0,0,09,2013,1
2013-01-10,11.1,11.28,11.03,11.21,25200,0.0,0,10,2013,1
2013-01-11,11.23,11.23,10.98,11.09,7000,0.0,0,11,2013,1
2013-01-14,11.03,11.06,10.97,10.99,3500,0.0,0,14,2013,1
2013-01-15,10.9,11.04,10.9,10.97,4600,0.0,0,15,2013,1
2013-01-16,10.85,10.97,10.85,10.91,3400,0.0,0,16,2013,1
2013-01-17,10.95,10.95,10.76,10.85,10000,0.0,0,17,2013,1
2013-01-18,10.81,11.09,10.61,10.63,33400,0.0,0,18,2013,1
2013-01-22,10.48,10.63,10.37,10.42,89200,0.0,0,22,2013,1
2013-01-23,10.42,10.62,10.36,10.56,10400,0.0,0,23,2013,1
2013-01-24,10.61,10.83,10.44,10.77,13600,0.0,0,24,2013,1
2013-01-25,10.79,11.03,10.78,10.89,7700,0.0,0,25,2013,1
2013-01-28,10.86,11.09,10.25,11.02,18300,0.0,0,28,2013,1
2013-01-29,10.98,11.15,10.36,11.04,35300,0.0,0,29,2013,1
2013-01-30,11.04,11.04,10.56,10.64,7600,0.0,0,30,2013,1
2013-01-31,10.62,10.76,10.34,10.36,35100,0.0,0,31,2013,1
2013-02-01,10.42,11.14,10.42,11.11,18900,0.0,0,01,2013,2
2013-02-04,11.07,11.1,10.79,10.87,40900,0.0,0,04,2013,2
2013-02-05,11.04,11.1,11.0,11.09,15100,0.0,0,05,2013,2
2013-02-06,11.02,11.09,10.95,11.0,9700,0.0,0,06,2013,2
2013-02-07,11.01,11.04,10.81,10.88,2400,0.0,0,07,2013,2
2013-02-08,10.87,10.87,10.64,10.71,8300,0.0,0,08,2013,2
2013-02-11,10.74,10.82,10.4,10.82,10300,0.0,0,11,2013,2
2013-02-12,10.82,10.9,10.72,10.9,14800,0.0,0,12,2013,2
2013-02-13,10.94,11.1,10.66,10.67,8400,0.0,0,13,2013,2
2013-02-14,10.67,10.73,10.64,10.71,6700,0.0,0,14,2013,2
2013-02-15,10.73,10.73,10.45,10.5,12000,0.0,0,15,2013,2
2013-02-19,10.46,10.68,10.46,10.64,6000,0.0,0,19,2013,2
2013-02-20,10.67,10.68,10.53,10.57,23100,0.0,0,20,2013,2
2013-02-21,10.52,10.56,10.3,10.42,11000,0.0,0,21,2013,2
2013-02-22,10.5,10.52,10.32,10.51,188100,0.0,0,22,2013,2
2013-02-25,10.56,10.64,10.28,10.35,20100,0.0,0,25,2013,2
2013-02-26,10.39,10.54,10.13,10.39,21000,0.0,0,26,2013,2
2013-02-27,10.39,10.61,10.36,10.53,17900,0.0,0,27,2013,2
2013-02-28,10.53,10.85,10.44,10.59,51600,0.0,0,28,2013,2
2013-03-01,10.54,10.67,10.32,10.52,9700,0.0,0,01,2013,3
2013-03-04,10.61,11.03,10.47,11.02,19500,0.0,0,04,2013,3
2013-03-05,11.06,11.09,10.88,11.05,30500,0.0,0,05,2013,3
2013-03-06,11.09,11.09,10.95,11.09,10700,0.0,0,06,2013,3
2013-03-07,11.05,11.09,11.01,11.08,9600,0.0,0,07,2013,3
2013-03-08,11.09,11.28,10.87,11.24,26900,0.0,0,08,2013,3
2013-03-11,11.11,11.28,11.11,11.28,15600,0.0,0,11,2013,3
2013-03-12,11.3,11.3,10.94,10.97,13900,0.0,0,12,2013,3
2013-03-13,11.01,11.07,10.91,11.01,4900,0.0,0,13,2013,3
2013-03-14,11.09,11.09,10.87,10.95,7800,0.0,0,14,2013,3
2013-03-15,10.97,11.13,10.81,10.87,92900,0.0,0,15,2013,3
2013-03-18,10.67,10.91,10.67,10.78,23800,0.0,0,18,2013,3
2013-03-19,10.78,11.05,10.75,10.94,24200,0.0,0,19,2013,3
2013-03-20,10.72,11.09,10.62,11.09,17600,0.0,0,20,2013,3
2013-03-21,10.96,11.31,10.96,11.29,10100,0.0,0,21,2013,3
2013-03-22,11.31,11.32,11.27,11.32,1400,0.0,0,22,2013,3
2013-03-25,11.33,11.47,11.25,11.45,17300,0.0,0,25,2013,3
2013-03-26,11.54,11.6,11.33,11.6,4000,0.0,0,26,2013,3
2013-03-27,11.53,11.53,11.4,11.42,3200,0.0,0,27,2013,3
2013-03-28,11.52,11.56,11.39,11.42,16200,0.0,0,28,2013,3
2013-04-01,11.37,11.46,11.0,11.05,15800,0.0,0,01,2013,4
2013-04-02,11.17,11.37,11.03,11.12,12600,0.0,0,02,2013,4
2013-04-03,11.18,11.55,11.08,11.31,16800,0.0,0,03,2013,4
2013-04-04,11.3,11.55,11.3,11.38,13100,0.0,0,04,2013,4
2013-04-05,11.18,11.18,10.97,11.11,5100,0.0,0,05,2013,4
2013-04-08,11.06,11.33,10.93,11.3,13100,0.0,0,08,2013,4
2013-04-09,11.36,11.5,11.1,11.38,18100,0.0,0,09,2013,4
2013-04-10,11.02,11.28,10.99,11.28,10300,0.0,0,10,2013,4
2013-04-11,11.29,11.41,11.23,11.41,8300,0.0,0,11,2013,4
2013-04-12,11.3,11.41,10.99,11.08,15800,0.0,0,12,2013,4
2013-04-15,11.03,11.03,10.41,10.53,22000,0.0,0,15,2013,4
2013-04-16,10.59,11.19,10.59,11.12,19200,0.0,0,16,2013,4
2013-04-17,10.99,11.09,10.86,11.02,18600,0.0,0,17,2013,4
2013-04-18,11.07,11.37,11.07,11.29,11200,0.0,0,18,2013,4
2013-04-19,11.27,11.56,11.26,11.52,13800,0.0,0,19,2013,4
2013-04-22,11.48,11.59,11.4,11.57,15200,0.0,0,22,2013,4
2013-04-23,11.69,11.69,11.51,11.64,17100,0.0,0,23,2013,4
2013-04-24,11.41,11.68,11.41,11.68,4100,0.0,0,24,2013,4
2013-04-25,11.69,11.69,11.52,11.56,3700,0.0,0,25,2013,4
2013-04-26,11.56,11.56,11.1,11.11,12000,0.0,0,26,2013,4
2013-04-29,11.56,11.57,11.39,11.48,4600,0.0,0,29,2013,4
2013-04-30,11.51,11.56,11.32,11.56,8400,0.0,0,30,2013,4
2013-05-01,11.47,11.55,10.94,10.96,37200,0.0,0,01,2013,5
2013-05-02,11.01,11.34,11.01,11.16,11900,0.0,0,02,2013,5
2013-05-03,11.29,11.39,11.01,11.07,8000,0.0,0,03,2013,5
2013-05-06,11.12,11.21,10.98,11.21,5300,0.0,0,06,2013,5
2013-05-07,11.2,11.2,10.96,11.06,5400,0.0,0,07,2013,5
2013-05-08,11.05,11.05,10.91,10.95,7600,0.0,0,08,2013,5
2013-05-09,10.96,11.07,10.91,10.96,2400,0.0,0,09,2013,5
2013-05-10,11.02,11.13,10.66,10.86,7800,0.0,0,10,2013,5
2013-05-13,10.8,11.28,10.77,10.78,5900,0.0,0,13,2013,5
2013-05-14,11.23,11.23,10.71,10.93,9400,0.0,0,14,2013,5
2013-05-15,10.81,10.91,10.78,10.91,3900,0.0,0,15,2013,5
2013-05-16,10.91,10.91,10.76,10.9,9100,0.0,0,16,2013,5
2013-05-17,10.92,11.09,10.8,10.8,24800,0.0,0,17,2013,5
2013-05-20,10.73,10.94,10.61,10.63,16400,0.0,0,20,2013,5
2013-05-21,10.67,10.91,10.31,10.54,17900,0.0,0,21,2013,5
2013-05-22,10.52,10.53,10.26,10.44,17700,0.0,0,22,2013,5
2013-05-23,10.36,10.58,10.36,10.57,4300,0.0,0,23,2013,5
2013-05-24,10.53,10.62,10.44,10.54,5000,0.0,0,24,2013,5
2013-05-28,10.75,11.08,10.63,11.07,14900,0.0,0,28,2013,5
2013-05-29,10.9,10.9,10.69,10.73,4100,0.0,0,29,2013,5
2013-05-30,10.75,10.75,10.55,10.64,5600,0.0,0,30,2013,5
2013-05-31,10.54,10.54,10.46,10.54,10000,0.0,0,31,2013,5
2013-06-03,10.62,10.69,10.41,10.44,54600,0.0,0,03,2013,6
2013-06-04,10.83,10.83,10.54,10.79,9400,0.0,0,04,2013,6
2013-06-05,10.79,10.89,10.49,10.51,16600,0.0,0,05,2013,6
2013-06-06,10.54,10.58,10.44,10.58,7400,0.0,0,06,2013,6
2013-06-07,10.67,10.67,10.41,10.48,6200,0.0,0,07,2013,6
2013-06-10,10.56,10.63,10.16,10.2,15500,0.0,0,10,2013,6
2013-06-11,10.05,10.08,9.99,9.99,1700,0.0,0,11,2013,6
2013-06-12,10.05,10.05,9.79,9.82,8500,0.0,0,12,2013,6
2013-06-13,9.82,9.82,9.48,9.7,8300,0.0,0,13,2013,6
2013-06-14,9.71,9.71,9.36,9.66,61200,0.0,0,14,2013,6
2013-06-17,9.62,10.63,9.62,10.54,14800,0.0,0,17,2013,6
2013-06-18,10.54,10.99,10.4,10.86,20000,0.0,0,18,2013,6
2013-06-19,10.89,10.94,10.66,10.77,19900,0.0,0,19,2013,6
2013-06-20,10.6,10.76,10.34,10.5,10700,0.0,0,20,2013,6
2013-06-21,10.55,10.61,10.11,10.38,40900,0.0,0,21,2013,6
2013-06-24,10.17,11.04,9.71,10.31,16600,0.0,0,24,2013,6
2013-06-25,10.55,10.81,10.55,10.77,9900,0.0,0,25,2013,6
2013-06-26,10.27,10.73,9.93,10.0,13100,0.0,0,26,2013,6
2013-06-27,10.08,10.49,10.05,10.46,18400,0.0,0,27,2013,6
2013-06-28,10.46,10.75,10.27,10.67,125800,0.0,0,28,2013,6
2013-07-01,10.73,11.07,10.67,11.02,19200,0.0,0,01,2013,7
2013-07-02,10.78,10.79,10.66,10.77,11400,0.0,0,02,2013,7
2013-07-03,10.73,10.95,10.48,10.62,12900,0.0,0,03,2013,7
2013-07-05,10.79,11.0,10.47,10.59,21500,0.0,0,05,2013,7
2013-07-08,10.67,11.43,10.67,11.43,15100,0.0,0,08,2013,7
2013-07-09,11.43,11.79,11.37,11.77,16500,0.0,0,09,2013,7
2013-07-10,11.72,11.88,11.55,11.78,39500,0.0,0,10,2013,7
2013-07-11,11.84,11.97,11.47,11.56,21600,0.0,0,11,2013,7
2013-07-12,11.51,11.61,11.36,11.44,9300,0.0,0,12,2013,7
2013-07-15,11.46,11.95,11.46,11.93,15400,0.0,0,15,2013,7
2013-07-16,11.91,12.1,11.72,12.05,15800,0.0,0,16,2013,7
2013-07-17,12.1,12.1,11.57,11.7,19900,0.0,0,17,2013,7
2013-07-18,11.78,11.78,11.35,11.56,9000,0.0,0,18,2013,7
2013-07-19,11.51,11.78,11.45,11.54,23500,0.0,0,19,2013,7
2013-07-22,11.47,11.75,11.47,11.65,18500,0.0,0,22,2013,7
2013-07-23,11.7,11.87,11.47,11.57,15100,0.0,0,23,2013,7
2013-07-24,11.58,11.9,11.56,11.65,12500,0.0,0,24,2013,7
2013-07-25,11.35,11.76,11.34,11.58,25900,0.0,0,25,2013,7
2013-07-26,11.47,11.61,11.31,11.55,12700,0.0,0,26,2013,7
2013-07-29,11.5,11.53,11.34,11.36,10900,0.0,0,29,2013,7
2013-07-30,11.44,11.59,11.41,11.59,6700,0.0,0,30,2013,7
2013-07-31,11.56,11.64,11.5,11.58,55300,0.0,0,31,2013,7
2013-08-01,11.73,11.81,11.58,11.81,55900,0.0,0,01,2013,8
2013-08-02,11.75,11.75,11.53,11.55,44800,0.0,0,02,2013,8
2013-08-05,11.55,11.59,11.35,11.54,8900,0.0,0,05,2013,8
2013-08-06,11.53,11.74,11.41,11.43,15600,0.0,0,06,2013,8
2013-08-07,11.43,11.68,11.38,11.43,12400,0.0,0,07,2013,8
2013-08-08,11.53,11.61,11.46,11.58,3700,0.0,0,08,2013,8
2013-08-09,11.59,11.66,11.3,11.3,8800,0.0,0,09,2013,8
2013-08-12,11.3,11.5,11.24,11.35,10000,0.0,0,12,2013,8
2013-08-13,11.28,11.29,11.11,11.24,26100,0.0,0,13,2013,8
2013-08-14,11.25,11.29,11.16,11.26,7700,0.0,0,14,2013,8
2013-08-15,11.12,11.45,10.94,11.04,22900,0.0,0,15,2013,8
2013-08-16,10.98,11.18,10.92,11.12,16400,0.0,0,16,2013,8
2013-08-19,11.04,11.17,10.42,10.54,13200,0.0,0,19,2013,8
2013-08-20,10.54,10.76,10.23,10.55,15700,0.0,0,20,2013,8
2013-08-21,10.5,10.99,10.33,10.97,24600,0.0,0,21,2013,8
2013-08-22,10.99,11.38,10.58,11.19,19400,0.0,0,22,2013,8
2013-08-23,11.19,11.41,11.01,11.2,18300,0.0,0,23,2013,8
2013-08-26,11.19,11.21,11.0,11.01,9100,0.0,0,26,2013,8
2013-08-27,10.91,11.26,10.84,10.99,28500,0.0,0,27,2013,8
2013-08-28,10.91,11.15,10.91,11.1,20000,0.0,0,28,2013,8
2013-08-29,11.11,11.2,11.01,11.06,13000,0.0,0,29,2013,8
2013-08-30,11.04,11.1,10.91,11.03,17200,0.0,0,30,2013,8
2013-09-03,11.04,11.12,10.88,11.06,15900,0.0,0,03,2013,9
2013-09-04,11.04,11.07,10.83,10.91,13500,0.0,0,04,2013,9
2013-09-05,10.89,10.94,10.84,10.88,8700,0.0,0,05,2013,9
2013-09-06,10.95,10.95,10.76,10.9,10500,0.0,0,06,2013,9
2013-09-09,10.77,10.91,10.7,10.87,7400,0.0,0,09,2013,9
2013-09-10,10.88,11.06,10.88,11.03,7900,0.0,0,10,2013,9
2013-09-11,11.04,11.08,10.92,11.06,14100,0.0,0,11,2013,9
2013-09-12,11.06,11.11,11.06,11.07,10600,0.0,0,12,2013,9
2013-09-13,11.15,11.17,11.03,11.12,15500,0.0,0,13,2013,9
2013-09-16,11.15,11.15,10.78,10.87,15900,0.0,0,16,2013,9
2013-09-17,10.91,11.1,10.65,11.09,15400,0.0,0,17,2013,9
2013-09-18,11.06,11.24,10.87,11.17,14800,0.0,0,18,2013,9
2013-09-19,11.17,11.17,10.91,11.0,4900,0.0,0,19,2013,9
2013-09-20,11.01,11.1,10.84,11.09,33100,0.0,0,20,2013,9
2013-09-23,11.09,11.21,10.87,11.21,19800,0.0,0,23,2013,9
2013-09-24,11.19,11.29,10.94,11.14,17800,0.0,0,24,2013,9
2013-09-25,11.08,11.08,10.88,11.01,11400,0.0,0,25,2013,9
2013-09-26,11.06,11.07,10.86,10.91,11900,0.0,0,26,2013,9
2013-09-27,10.89,11.01,10.84,10.85,6400,0.0,0,27,2013,9
2013-09-30,10.79,10.97,10.73,10.9,17100,0.0,0,30,2013,9
2013-10-01,10.92,11.1,10.86,11.04,22400,0.0,0,01,2013,10
2013-10-02,11.01,11.18,10.91,11.04,47200,0.0,0,02,2013,10
2013-10-03,11.04,11.13,10.87,11.05,17000,0.0,0,03,2013,10
2013-10-04,11.02,11.15,10.75,10.86,47800,0.0,0,04,2013,10
2013-10-07,10.76,10.99,10.76,10.91,11600,0.0,0,07,2013,10
2013-10-08,10.91,10.91,10.62,10.71,16900,0.0,0,08,2013,10
2013-10-09,10.75,11.08,10.75,10.98,11800,0.0,0,09,2013,10
2013-10-10,11.09,11.09,10.74,10.91,27200,0.0,0,10,2013,10
2013-10-11,10.9,11.15,10.73,11.14,17800,0.0,0,11,2013,10
2013-10-14,11.12,11.28,10.92,11.23,44100,0.0,0,14,2013,10
2013-10-15,11.19,11.23,11.02,11.16,28000,0.0,0,15,2013,10
2013-10-16,11.22,11.28,10.83,11.14,42900,0.0,0,16,2013,10
2013-10-17,11.13,11.2,10.83,11.02,18800,0.0,0,17,2013,10
2013-10-18,11.15,11.2,10.88,11.15,26500,0.0,0,18,2013,10
2013-10-21,11.14,11.27,11.04,11.14,13800,0.0,0,21,2013,10
2013-10-22,11.16,11.21,10.93,11.04,15200,0.0,0,22,2013,10
2013-10-23,10.99,11.04,10.87,10.9,9800,0.0,0,23,2013,10
2013-10-24,10.91,11.13,10.82,11.08,8400,0.0,0,24,2013,10
2013-10-25,11.13,11.13,10.62,10.94,17700,0.0,0,25,2013,10
2013-10-28,11.16,11.28,11.06,11.28,7300,0.0,0,28,2013,10
2013-10-29,11.28,11.74,11.28,11.31,9800,0.0,0,29,2013,10
2013-10-30,11.35,11.41,11.31,11.31,9300,0.0,0,30,2013,10
2013-10-31,11.3,11.42,11.29,11.38,19100,0.0,0,31,2013,10
2013-11-01,11.34,11.4,10.88,11.17,66000,0.0,0,01,2013,11
2013-11-04,11.34,11.54,11.32,11.35,51500,0.0,0,04,2013,11
2013-11-05,11.33,11.52,10.96,10.98,19200,0.0,0,05,2013,11
2013-11-06,11.13,11.33,11.1,11.27,126100,0.0,0,06,2013,11
2013-11-07,11.22,11.33,11.17,11.28,12000,0.0,0,07,2013,11
2013-11-08,11.22,11.58,11.07,11.36,78000,0.0,0,08,2013,11
2013-11-11,11.37,11.44,11.19,11.23,18600,0.0,0,11,2013,11
2013-11-12,11.31,11.38,11.07,11.16,17000,0.0,0,12,2013,11
2013-11-13,11.13,11.13,10.87,11.08,13200,0.0,0,13,2013,11
2013-11-14,11.11,11.18,10.87,11.16,51700,0.0,0,14,2013,11
2013-11-15,11.11,11.18,11.04,11.1,30300,0.0,0,15,2013,11
2013-11-18,11.08,11.2,10.98,11.01,18100,0.0,0,18,2013,11
2013-11-19,11.07,11.13,10.96,11.04,26700,0.0,0,19,2013,11
2013-11-20,10.91,11.07,10.91,11.0,7900,0.0,0,20,2013,11
2013-11-21,11.07,11.21,10.99,11.16,127900,0.0,0,21,2013,11
2013-11-22,11.16,11.28,10.95,11.27,26800,0.0,0,22,2013,11
2013-11-25,11.25,11.46,11.06,11.28,20300,0.0,0,25,2013,11
2013-11-26,11.3,11.33,11.1,11.25,21200,0.0,0,26,2013,11
2013-11-27,11.22,11.42,11.15,11.33,15400,0.0,0,27,2013,11
2013-11-29,11.34,11.34,11.01,11.06,16800,0.0,0,29,2013,11
2013-12-02,11.02,11.15,10.92,11.02,33000,0.0,0,02,2013,12
2013-12-03,11.04,11.21,10.65,10.97,20900,0.0,0,03,2013,12
2013-12-04,10.96,11.17,10.79,10.99,16500,0.0,0,04,2013,12
2013-12-05,10.88,11.08,10.77,10.81,7500,0.0,0,05,2013,12
2013-12-06,10.94,11.17,10.79,11.09,18900,0.0,0,06,2013,12
2013-12-09,11.14,11.14,10.84,10.89,13400,0.0,0,09,2013,12
2013-12-10,10.91,10.98,10.48,10.71,33400,0.0,0,10,2013,12
2013-12-11,10.68,10.86,10.68,10.81,27600,0.0,0,11,2013,12
2013-12-12,10.81,11.17,10.73,11.07,38700,0.0,0,12,2013,12
2013-12-13,11.06,11.15,10.91,11.09,26300,0.0,0,13,2013,12
2013-12-16,11.1,11.15,11.0,11.07,13600,0.0,0,16,2013,12
2013-12-17,11.1,11.31,10.94,11.13,17600,0.0,0,17,2013,12
2013-12-18,11.17,11.26,11.04,11.21,16500,0.0,0,18,2013,12
2013-12-19,11.24,11.24,11.01,11.04,10600,0.0,0,19,2013,12
2013-12-20,11.09,11.32,10.9,11.3,121400,0.0,0,20,2013,12
2013-12-23,11.3,11.33,11.02,11.12,29400,0.0,0,23,2013,12
2013-12-24,10.54,11.33,10.54,11.18,19700,0.0,0,24,2013,12
2013-12-26,11.2,11.28,11.05,11.15,14100,0.0,0,26,2013,12
2013-12-27,11.15,11.15,11.02,11.06,9000,0.0,0,27,2013,12
2013-12-30,11.05,11.16,10.95,11.01,12800,0.0,0,30,2013,12
2013-12-31,10.99,11.16,10.84,10.89,14500,0.0,0,31,2013,12
2014-01-02,10.89,11.06,10.76,10.76,25000,0.0,0,02,2014,1
2014-01-03,10.69,11.08,10.69,10.94,20500,0.0,0,03,2014,1
2014-01-06,11.02,11.14,10.82,10.93,21800,0.0,0,06,2014,1
2014-01-07,10.92,11.15,10.92,11.04,44200,0.0,0,07,2014,1
2014-01-08,11.05,11.05,10.73,10.79,7400,0.0,0,08,2014,1
2014-01-09,10.79,11.08,10.78,10.84,9300,0.0,0,09,2014,1
2014-01-10,10.88,10.97,10.78,10.96,302600,0.0,0,10,2014,1
2014-01-13,11.05,11.08,10.87,10.98,49700,0.0,0,13,2014,1
2014-01-14,11.0,11.41,10.97,11.24,64800,0.0,0,14,2014,1
2014-01-15,11.29,11.56,11.24,11.53,44100,0.0,0,15,2014,1
2014-01-16,11.55,11.89,11.55,11.86,55500,0.0,0,16,2014,1
2014-01-17,11.88,11.92,11.68,11.79,47200,0.0,0,17,2014,1
2014-01-21,11.79,11.79,11.63,11.71,59700,0.0,0,21,2014,1
2014-01-22,11.72,11.72,11.61,11.67,32100,0.0,0,22,2014,1
2014-01-23,11.68,11.68,11.38,11.64,39100,0.0,0,23,2014,1
2014-01-24,11.64,11.72,11.39,11.51,28800,0.0,0,24,2014,1
2014-01-27,11.54,11.66,11.24,11.27,19100,0.0,0,27,2014,1
2014-01-28,11.24,11.89,11.21,11.89,59600,0.0,0,28,2014,1
2014-01-29,11.89,12.02,11.79,11.79,28300,0.0,0,29,2014,1
2014-01-30,11.84,12.02,11.84,11.98,21000,0.0,0,30,2014,1
2014-01-31,11.78,11.9,11.78,11.8,27700,0.0,0,31,2014,1
2014-02-03,11.79,11.93,11.78,11.9,55600,0.0,0,03,2014,2
2014-02-04,11.89,12.86,11.46,12.04,39300,0.0,0,04,2014,2
2014-02-05,12.03,12.26,11.78,11.91,22900,0.0,0,05,2014,2
2014-02-06,11.79,12.16,11.79,11.92,30100,0.0,0,06,2014,2
2014-02-07,11.93,12.05,11.91,12.02,23200,0.0,0,07,2014,2
2014-02-10,12.02,12.02,11.8,11.95,25700,0.0,0,10,2014,2
2014-02-11,12.02,12.27,11.94,12.11,22800,0.0,0,11,2014,2
2014-02-12,12.16,12.2,11.97,12.08,20400,0.0,0,12,2014,2
2014-02-13,12.1,12.24,11.98,12.19,31200,0.0,0,13,2014,2
2014-02-14,12.22,12.36,12.12,12.13,5900,0.0,0,14,2014,2
2014-02-18,12.09,12.23,12.01,12.06,14900,0.0,0,18,2014,2
2014-02-19,12.07,12.07,11.84,11.88,24500,0.0,0,19,2014,2
2014-02-20,11.87,12.07,11.86,11.94,20600,0.0,0,20,2014,2
2014-02-21,12.02,12.02,11.86,11.96,23600,0.0,0,21,2014,2
2014-02-24,11.92,12.37,11.92,12.26,19700,0.0,0,24,2014,2
2014-02-25,12.26,12.35,11.94,11.96,10800,0.0,0,25,2014,2
2014-02-26,12.02,12.35,12.02,12.25,22000,0.0,0,26,2014,2
2014-02-27,12.19,12.87,12.19,12.86,21000,0.0,0,27,2014,2
2014-02-28,12.95,13.5,12.95,13.12,89500,0.0,0,28,2014,2
2014-03-03,13.05,13.23,12.51,12.98,27300,0.0,0,03,2014,3
2014-03-04,13.01,13.3,12.97,13.0,84600,0.0,0,04,2014,3
2014-03-05,13.26,13.34,12.95,13.06,92400,0.0,0,05,2014,3
2014-03-06,13.03,13.21,12.96,13.17,18200,0.02,0,06,2014,3
2014-03-07,13.2,13.25,13.08,13.17,26100,0.0,0,07,2014,3
2014-03-10,13.18,13.22,12.98,13.14,37300,0.0,0,10,2014,3
2014-03-11,13.15,13.2,12.88,12.95,14600,0.0,0,11,2014,3
2014-03-12,12.83,13.0,12.83,12.94,16200,0.0,0,12,2014,3
2014-03-13,12.74,13.0,12.74,12.76,43700,0.0,0,13,2014,3
2014-03-14,12.68,12.83,12.56,12.63,16700,0.0,0,14,2014,3
2014-03-17,12.66,12.97,12.65,12.73,19200,0.0,0,17,2014,3
2014-03-18,12.85,12.93,12.52,12.78,24600,0.0,0,18,2014,3
2014-03-19,12.84,12.88,12.64,12.72,12900,0.0,0,19,2014,3
2014-03-20,12.65,13.12,12.65,12.76,18900,0.0,0,20,2014,3
2014-03-21,12.74,12.83,12.64,12.67,49500,0.0,0,21,2014,3
2014-03-24,12.76,12.76,12.39,12.62,31400,0.0,0,24,2014,3
2014-03-25,12.66,12.71,12.51,12.65,11600,0.0,0,25,2014,3
2014-03-26,12.69,12.71,12.51,12.51,23100,0.0,0,26,2014,3
2014-03-27,12.46,12.48,12.2,12.22,9300,0.0,0,27,2014,3
2014-03-28,12.19,12.32,11.72,12.07,14600,0.0,0,28,2014,3
2014-03-31,12.18,12.41,12.18,12.3,68400,0.0,0,31,2014,3
2014-04-01,12.39,13.22,12.39,13.15,44600,0.0,0,01,2014,4
2014-04-02,13.25,13.48,13.04,13.35,37400,0.0,0,02,2014,4
2014-04-03,13.33,13.49,13.15,13.28,16700,0.0,0,03,2014,4
2014-04-04,13.36,13.63,12.61,12.75,23700,0.0,0,04,2014,4
2014-04-07,12.76,13.26,12.63,12.97,22200,0.0,0,07,2014,4
2014-04-08,12.2,13.18,12.14,13.09,28000,0.0,0,08,2014,4
2014-04-09,13.17,13.22,12.76,13.15,19300,0.0,0,09,2014,4
2014-04-10,13.04,13.04,12.37,12.61,49300,0.0,0,10,2014,4
2014-04-11,12.48,13.52,12.41,12.51,19500,0.0,0,11,2014,4
2014-04-14,12.66,13.0,12.12,12.52,24000,0.0,0,14,2014,4
2014-04-15,12.56,13.53,12.53,12.61,7600,0.0,0,15,2014,4
2014-04-16,12.74,13.01,12.74,12.88,16900,0.0,0,16,2014,4
2014-04-17,12.86,13.03,12.86,12.88,9100,0.0,0,17,2014,4
2014-04-21,12.87,13.18,12.87,12.92,17500,0.0,0,21,2014,4
2014-04-22,12.93,12.97,12.88,12.95,12500,0.0,0,22,2014,4
2014-04-23,12.97,12.97,12.51,12.53,13900,0.0,0,23,2014,4
2014-04-24,12.65,12.76,12.58,12.75,8200,0.0,0,24,2014,4
2014-04-25,12.65,12.88,12.55,12.71,35100,0.0,0,25,2014,4
2014-04-28,12.8,13.12,12.51,12.9,10700,0.0,0,28,2014,4
2014-04-29,12.84,13.28,12.58,12.81,20300,0.0,0,29,2014,4
2014-04-30,12.73,13.14,12.63,12.88,49200,0.0,0,30,2014,4
2014-05-01,12.88,12.88,12.62,12.8,41600,0.0,0,01,2014,5
2014-05-02,12.78,12.88,12.42,12.51,22600,0.0,0,02,2014,5
2014-05-05,12.45,13.4,12.45,12.49,14800,0.0,0,05,2014,5
2014-05-06,12.4,12.93,12.28,12.4,40100,0.0,0,06,2014,5
2014-05-07,12.38,12.5,12.38,12.49,20200,0.0,0,07,2014,5
2014-05-08,12.46,12.49,12.38,12.38,18200,0.0,0,08,2014,5
2014-05-09,12.3,12.51,12.3,12.51,13600,0.0,0,09,2014,5
2014-05-12,12.51,13.14,12.46,12.93,17400,0.0,0,12,2014,5
2014-05-13,12.87,13.17,12.46,12.65,45800,0.0,0,13,2014,5
2014-05-14,12.66,12.93,12.2,12.23,28000,0.0,0,14,2014,5
2014-05-15,12.13,12.23,12.0,12.1,25400,0.0,0,15,2014,5
2014-05-16,12.07,12.25,11.88,12.0,21100,0.0,0,16,2014,5
2014-05-19,12.07,12.26,12.03,12.17,8300,0.0,0,19,2014,5
2014-05-20,12.1,12.1,11.67,11.88,34000,0.0,0,20,2014,5
2014-05-21,11.9,12.15,11.77,12.0,16700,0.0,0,21,2014,5
2014-05-22,12.06,12.32,11.98,12.06,14000,0.0,0,22,2014,5
2014-05-23,12.01,12.26,12.01,12.2,12200,0.0,0,23,2014,5
2014-05-27,12.3,12.52,12.3,12.51,9500,0.0,0,27,2014,5
2014-05-28,12.43,12.52,12.15,12.18,8500,0.0,0,28,2014,5
2014-05-29,12.19,12.32,12.09,12.1,4900,0.0,0,29,2014,5
2014-05-30,12.15,12.32,11.97,11.98,26800,0.0,0,30,2014,5
2014-06-02,12.34,12.35,11.95,12.15,26100,0.0,0,02,2014,6
2014-06-03,12.05,12.17,11.79,12.07,48000,0.0,0,03,2014,6
2014-06-04,12.04,12.26,12.04,12.19,32400,0.0,0,04,2014,6
2014-06-05,12.16,12.64,12.06,12.6,16600,0.02,0,05,2014,6
2014-06-06,12.69,12.85,12.66,12.77,19300,0.0,0,06,2014,6
2014-06-09,12.94,13.16,12.51,12.64,35200,0.0,0,09,2014,6
2014-06-10,12.67,12.94,12.66,12.89,18000,0.0,0,10,2014,6
2014-06-11,12.58,12.9,12.41,12.61,10900,0.0,0,11,2014,6
2014-06-12,12.52,12.9,12.42,12.47,15900,0.0,0,12,2014,6
2014-06-13,12.52,12.62,12.33,12.39,9400,0.0,0,13,2014,6
2014-06-16,12.32,12.32,12.07,12.2,24600,0.0,0,16,2014,6
2014-06-17,12.51,12.51,12.11,12.33,26500,0.0,0,17,2014,6
2014-06-18,12.3,12.43,12.14,12.39,23000,0.0,0,18,2014,6
2014-06-19,12.39,12.45,12.17,12.27,29200,0.0,0,19,2014,6
2014-06-20,12.36,12.52,12.25,12.52,57600,0.0,0,20,2014,6
2014-06-23,12.52,12.61,12.35,12.53,32300,0.0,0,23,2014,6
2014-06-24,12.57,12.81,12.51,12.72,44700,0.0,0,24,2014,6
2014-06-25,12.72,12.85,12.55,12.76,30400,0.0,0,25,2014,6
2014-06-26,12.76,12.93,12.71,12.84,16300,0.0,0,26,2014,6
2014-06-27,12.74,13.45,12.74,13.34,318100,0.0,0,27,2014,6
2014-06-30,13.28,13.5,13.15,13.48,26300,0.0,0,30,2014,6
2014-07-01,12.9,13.9,12.9,13.42,35600,0.0,0,01,2014,7
2014-07-02,13.48,13.48,12.91,13.06,21000,0.0,0,02,2014,7
2014-07-03,13.04,13.12,12.94,13.11,11700,0.0,0,03,2014,7
2014-07-07,13.09,13.12,12.99,13.04,18700,0.0,0,07,2014,7
2014-07-08,13.08,13.1,12.72,13.01,24800,0.0,0,08,2014,7
2014-07-09,13.02,13.14,12.74,12.8,6000,0.0,0,09,2014,7
2014-07-10,12.75,13.13,12.39,12.77,24800,0.0,0,10,2014,7
2014-07-11,12.83,12.83,12.53,12.77,9300,0.0,0,11,2014,7
2014-07-14,12.8,12.99,12.66,12.92,30500,0.0,0,14,2014,7
2014-07-15,12.86,12.9,12.76,12.8,18500,0.0,0,15,2014,7
2014-07-16,12.85,12.85,12.39,12.5,18600,0.0,0,16,2014,7
2014-07-17,12.49,12.64,12.34,12.39,32400,0.0,0,17,2014,7
2014-07-18,12.33,12.64,12.33,12.62,19800,0.0,0,18,2014,7
2014-07-21,12.49,12.58,12.33,12.5,21400,0.0,0,21,2014,7
2014-07-22,12.51,13.03,12.39,12.53,14100,0.0,0,22,2014,7
2014-07-23,12.62,12.76,12.44,12.54,11100,0.0,0,23,2014,7
2014-07-24,12.55,13.03,12.46,12.48,12700,0.0,0,24,2014,7
2014-07-25,12.48,12.5,12.39,12.44,19300,0.0,0,25,2014,7
2014-07-28,12.51,12.62,12.4,12.41,14200,0.0,0,28,2014,7
2014-07-29,12.51,12.55,12.43,12.51,9200,0.0,0,29,2014,7
2014-07-30,12.55,12.65,12.52,12.54,17800,0.0,0,30,2014,7
2014-07-31,12.48,12.58,12.44,12.46,31300,0.0,0,31,2014,7
2014-08-01,12.52,12.77,12.47,12.67,29800,0.0,0,01,2014,8
2014-08-04,12.68,12.82,12.54,12.76,43800,0.0,0,04,2014,8
2014-08-05,12.66,12.72,12.64,12.71,17900,0.0,0,05,2014,8
2014-08-06,12.66,12.81,12.66,12.74,22000,0.0,0,06,2014,8
2014-08-07,12.75,12.77,12.55,12.61,19800,0.0,0,07,2014,8
2014-08-08,12.59,12.89,12.59,12.87,9400,0.0,0,08,2014,8
2014-08-11,12.9,12.96,12.68,12.96,23900,0.0,0,11,2014,8
2014-08-12,12.84,12.96,12.77,12.82,8100,0.0,0,12,2014,8
2014-08-13,12.89,12.89,12.75,12.82,16200,0.0,0,13,2014,8
2014-08-14,12.76,12.82,12.64,12.7,8800,0.0,0,14,2014,8
2014-08-15,12.87,12.87,12.43,12.64,21700,0.0,0,15,2014,8
2014-08-18,12.81,12.94,12.76,12.89,10100,0.0,0,18,2014,8
2014-08-19,12.86,12.99,12.83,12.95,10800,0.0,0,19,2014,8
2014-08-20,12.72,12.92,12.72,12.92,11200,0.0,0,20,2014,8
2014-08-21,12.87,12.99,12.87,12.99,9800,0.0,0,21,2014,8
2014-08-22,12.96,12.99,12.83,12.92,9900,0.0,0,22,2014,8
2014-08-25,12.9,12.97,12.77,12.91,16600,0.0,0,25,2014,8
2014-08-26,12.89,12.94,12.85,12.9,16100,0.0,0,26,2014,8
2014-08-27,12.9,12.93,12.9,12.91,3200,0.0,0,27,2014,8
2014-08-28,12.81,12.99,12.81,12.99,16900,0.0,0,28,2014,8
2014-08-29,12.99,13.08,12.99,13.01,8400,0.0,0,29,2014,8
2014-09-02,13.11,13.17,12.93,13.16,29400,0.0,0,02,2014,9
2014-09-03,13.16,13.16,12.99,13.03,8900,0.0,0,03,2014,9
2014-09-04,13.1,13.1,13.0,13.0,1900,0.02,0,04,2014,9
2014-09-05,12.95,13.02,12.91,12.95,3300,0.0,0,05,2014,9
2014-09-08,12.98,13.03,12.82,12.93,18100,0.0,0,08,2014,9
2014-09-09,12.91,12.91,12.79,12.87,12700,0.0,0,09,2014,9
2014-09-10,12.83,13.1,12.8,13.09,11500,0.0,0,10,2014,9
2014-09-11,13.01,13.16,13.01,13.16,10300,0.0,0,11,2014,9
2014-09-12,13.16,13.37,12.98,13.1,11700,0.0,0,12,2014,9
2014-09-15,12.93,13.01,12.81,12.84,18900,0.0,0,15,2014,9
2014-09-16,12.65,12.72,12.61,12.69,13900,0.0,0,16,2014,9
2014-09-17,12.9,12.9,12.6,12.69,13600,0.0,0,17,2014,9
2014-09-18,12.53,13.06,12.53,12.95,22300,0.0,0,18,2014,9
2014-09-19,12.99,13.15,12.68,12.93,33000,0.0,0,19,2014,9
2014-09-22,12.96,13.03,12.77,12.83,17000,0.0,0,22,2014,9
2014-09-23,12.85,13.0,12.77,12.77,18600,0.0,0,23,2014,9
2014-09-24,12.77,12.91,12.77,12.9,15200,0.0,0,24,2014,9
2014-09-25,12.76,12.76,12.32,12.55,19800,0.0,0,25,2014,9
2014-09-26,12.63,12.69,12.63,12.68,12500,0.0,0,26,2014,9
2014-09-29,12.58,12.82,12.58,12.8,9800,0.0,0,29,2014,9
2014-09-30,12.86,12.86,12.56,12.58,20900,0.0,0,30,2014,9
2014-10-01,12.62,12.62,12.08,12.09,19000,0.0,0,01,2014,10
2014-10-02,12.12,12.59,12.12,12.52,10000,0.0,0,02,2014,10
2014-10-03,12.67,12.67,12.39,12.45,8300,0.0,0,03,2014,10
2014-10-06,12.48,12.83,12.33,12.57,15500,0.0,0,06,2014,10
2014-10-07,12.47,12.52,12.15,12.37,44100,0.0,0,07,2014,10
2014-10-08,12.34,12.87,12.32,12.85,28900,0.0,0,08,2014,10
2014-10-09,12.63,12.82,12.46,12.52,20500,0.0,0,09,2014,10
2014-10-10,12.52,13.01,12.52,12.82,22400,0.0,0,10,2014,10
2014-10-13,12.81,13.44,12.72,13.23,13900,0.0,0,13,2014,10
2014-10-14,13.31,13.81,12.56,13.78,24100,0.0,0,14,2014,10
2014-10-15,13.46,14.17,13.21,14.0,32600,0.0,0,15,2014,10
2014-10-16,13.88,14.03,13.79,13.94,18100,0.0,0,16,2014,10
2014-10-17,14.14,14.2,13.39,13.64,119700,0.0,0,17,2014,10
2014-10-20,13.66,14.4,13.3,13.54,138300,0.0,0,20,2014,10
2014-10-21,13.56,13.68,13.35,13.54,27100,0.0,0,21,2014,10
2014-10-22,13.7,13.7,13.27,13.48,21100,0.0,0,22,2014,10
2014-10-23,13.7,13.71,13.24,13.37,25400,0.0,0,23,2014,10
2014-10-24,13.35,13.68,13.32,13.34,8500,0.0,0,24,2014,10
2014-10-27,13.3,13.3,12.95,13.25,16400,0.0,0,27,2014,10
2014-10-28,12.77,13.86,12.77,13.63,26600,0.0,0,28,2014,10
2014-10-29,12.63,13.94,12.63,13.93,38100,0.0,0,29,2014,10
2014-10-30,13.91,14.17,13.38,14.15,36000,0.0,0,30,2014,10
2014-10-31,14.35,14.35,13.89,14.04,36000,0.0,0,31,2014,10
2014-11-03,14.12,14.12,13.59,13.98,55500,0.0,0,03,2014,11
2014-11-04,13.86,14.1,13.39,13.94,28800,0.0,0,04,2014,11
2014-11-05,14.06,14.06,13.68,14.05,17800,0.0,0,05,2014,11
2014-11-06,14.0,14.13,13.78,14.07,18800,0.0,0,06,2014,11
2014-11-07,14.14,14.14,13.75,13.88,26600,0.0,0,07,2014,11
2014-11-10,13.94,14.11,13.71,14.09,15600,0.0,0,10,2014,11
2014-11-11,14.0,14.13,13.81,13.96,23100,0.0,0,11,2014,11
2014-11-12,14.12,14.12,13.71,14.1,14900,0.0,0,12,2014,11
2014-11-13,14.1,14.1,13.85,13.94,9600,0.0,0,13,2014,11
2014-11-14,13.99,14.08,13.77,13.77,14500,0.0,0,14,2014,11
2014-11-17,13.82,13.98,13.52,13.78,13000,0.0,0,17,2014,11
2014-11-18,13.84,13.92,13.59,13.81,8400,0.0,0,18,2014,11
2014-11-19,13.97,13.97,13.38,13.61,23100,0.0,0,19,2014,11
2014-11-20,13.53,13.81,13.53,13.75,12700,0.0,0,20,2014,11
2014-11-21,13.91,13.99,13.51,13.64,22100,0.0,0,21,2014,11
2014-11-24,13.61,13.81,13.51,13.67,13700,0.0,0,24,2014,11
2014-11-25,13.61,13.83,13.56,13.7,6400,0.0,0,25,2014,11
2014-11-26,13.86,13.91,13.63,13.71,4200,0.0,0,26,2014,11
2014-11-28,13.81,13.81,13.41,13.43,9500,0.0,0,28,2014,11
2014-12-01,13.42,13.63,13.41,13.43,11700,0.0,0,01,2014,12
2014-12-02,13.39,13.99,13.36,13.94,21200,0.0,0,02,2014,12
2014-12-03,13.9,14.29,13.68,13.93,14800,0.0,0,03,2014,12
2014-12-04,13.63,14.17,13.63,13.93,17900,0.03,0,04,2014,12
2014-12-05,13.8,14.08,13.8,14.02,12000,0.0,0,05,2014,12
2014-12-08,13.94,13.94,13.67,13.67,6900,0.0,0,08,2014,12
2014-12-09,13.51,14.1,13.51,14.09,7600,0.0,0,09,2014,12
2014-12-10,13.98,14.08,13.67,14.02,26000,0.0,0,10,2014,12
2014-12-11,14.08,14.42,14.08,14.3,14400,0.0,0,11,2014,12
2014-12-12,14.12,14.34,13.87,14.07,44600,0.0,0,12,2014,12
2014-12-15,14.08,14.17,13.97,14.1,10700,0.0,0,15,2014,12
2014-12-16,14.14,14.28,14.02,14.21,19100,0.0,0,16,2014,12
2014-12-17,14.31,14.43,14.3,14.37,23900,0.0,0,17,2014,12
2014-12-18,14.43,14.66,14.33,14.65,33500,0.0,0,18,2014,12
2014-12-19,14.61,14.83,14.11,14.16,60500,0.0,0,19,2014,12
2014-12-22,14.17,14.77,14.17,14.75,16000,0.0,0,22,2014,12
2014-12-23,14.76,14.76,14.47,14.67,20900,0.0,0,23,2014,12
2014-12-24,14.74,14.75,14.63,14.73,4400,0.0,0,24,2014,12
2014-12-26,14.65,14.74,14.6,14.72,9500,0.0,0,26,2014,12
2014-12-29,14.73,14.89,14.59,14.79,34000,0.0,0,29,2014,12
2014-12-30,14.72,14.89,14.6,14.77,9700,0.0,0,30,2014,12
2014-12-31,14.88,14.88,14.35,14.47,12200,0.0,0,31,2014,12
2015-01-02,14.61,14.68,14.34,14.62,48800,0.0,0,02,2015,1
2015-01-05,14.51,14.75,14.5,14.63,14800,0.0,0,05,2015,1
2015-01-06,14.59,14.59,13.81,13.85,23400,0.0,0,06,2015,1
2015-01-07,14.01,14.08,13.63,13.96,11400,0.0,0,07,2015,1
2015-01-08,14.08,14.3,13.99,14.19,10600,0.0,0,08,2015,1
2015-01-09,14.22,14.31,13.94,14.05,13700,0.0,0,09,2015,1
2015-01-12,13.87,13.88,13.73,13.75,8300,0.0,0,12,2015,1
2015-01-13,13.87,14.15,13.75,13.84,7600,0.0,0,13,2015,1
2015-01-14,13.83,13.92,13.41,13.63,11400,0.0,0,14,2015,1
2015-01-15,13.74,13.75,13.16,13.42,16800,0.0,0,15,2015,1
2015-01-16,13.34,13.94,13.25,13.91,11400,0.0,0,16,2015,1
2015-01-20,13.85,14.24,13.49,13.6,16200,0.0,0,20,2015,1
2015-01-21,13.62,13.67,13.24,13.37,10700,0.0,0,21,2015,1
2015-01-22,13.52,13.91,12.25,13.83,15700,0.0,0,22,2015,1
2015-01-23,13.79,13.81,13.4,13.78,6900,0.0,0,23,2015,1
2015-01-26,13.64,13.81,13.28,13.79,10400,0.0,0,26,2015,1
2015-01-27,12.94,13.82,12.93,13.75,21200,0.0,0,27,2015,1
2015-01-28,13.84,13.94,13.58,13.7,27500,0.0,0,28,2015,1
2015-01-29,13.77,14.33,13.61,14.23,19400,0.0,0,29,2015,1
2015-01-30,14.09,14.23,13.89,13.96,21000,0.0,0,30,2015,1
2015-02-02,14.09,14.12,13.94,14.06,25400,0.0,0,02,2015,2
2015-02-03,14.1,14.41,14.08,14.29,10600,0.0,0,03,2015,2
2015-02-04,14.33,14.4,14.16,14.26,16700,0.0,0,04,2015,2
2015-02-05,14.35,14.35,14.1,14.34,12300,0.0,0,05,2015,2
2015-02-06,14.37,14.42,14.18,14.35,15700,0.0,0,06,2015,2
2015-02-09,14.35,14.51,14.21,14.21,15900,0.0,0,09,2015,2
2015-02-10,14.27,14.38,14.02,14.07,29500,0.0,0,10,2015,2
2015-02-11,14.29,14.32,13.9,13.96,13900,0.0,0,11,2015,2
2015-02-12,14.19,14.26,14.08,14.14,9900,0.0,0,12,2015,2
2015-02-13,14.1,14.37,13.99,14.2,20600,0.0,0,13,2015,2
2015-02-17,14.21,14.48,14.09,14.34,7300,0.0,0,17,2015,2
2015-02-18,14.3,14.47,14.21,14.37,6700,0.0,0,18,2015,2
2015-02-19,14.32,14.4,14.21,14.26,32100,0.0,0,19,2015,2
2015-02-20,14.33,14.5,14.28,14.48,12300,0.0,0,20,2015,2
2015-02-23,14.48,14.5,14.4,14.49,10800,0.0,0,23,2015,2
2015-02-24,14.66,14.66,14.21,14.26,9300,0.0,0,24,2015,2
2015-02-25,14.38,14.62,14.3,14.48,11100,0.0,0,25,2015,2
2015-02-26,14.43,14.68,14.35,14.53,8400,0.0,0,26,2015,2
2015-02-27,14.55,14.89,14.36,14.4,7700,0.0,0,27,2015,2
2015-03-02,14.43,14.75,14.4,14.49,14200,0.0,0,02,2015,3
2015-03-03,14.61,14.7,14.41,14.46,9700,0.0,0,03,2015,3
2015-03-04,14.4,14.62,14.4,14.44,10800,0.0,0,04,2015,3
2015-03-05,14.46,14.58,14.25,14.46,13600,0.03,0,05,2015,3
2015-03-06,14.42,14.67,14.31,14.41,15800,0.0,0,06,2015,3
2015-03-09,14.46,14.78,14.44,14.62,6000,0.0,0,09,2015,3
2015-03-10,14.36,14.61,14.31,14.31,15400,0.0,0,10,2015,3
2015-03-11,14.41,14.51,14.34,14.43,15600,0.0,0,11,2015,3
2015-03-12,14.49,14.78,14.49,14.74,21000,0.0,0,12,2015,3
2015-03-13,14.77,14.89,14.73,14.73,9500,0.0,0,13,2015,3
2015-03-16,14.58,14.74,14.48,14.65,9200,0.0,0,16,2015,3
2015-03-17,14.51,14.92,14.51,14.81,9300,0.0,0,17,2015,3
2015-03-18,14.92,15.11,14.84,14.84,11700,0.0,0,18,2015,3
2015-03-19,14.82,14.82,14.43,14.59,14100,0.0,0,19,2015,3
2015-03-20,14.62,14.9,14.4,14.61,43300,0.0,0,20,2015,3
2015-03-23,14.65,15.02,14.58,14.95,18000,0.0,0,23,2015,3
2015-03-24,14.98,15.06,14.9,14.97,11000,0.0,0,24,2015,3
2015-03-25,15.16,15.16,14.75,14.81,12600,0.0,0,25,2015,3
2015-03-26,14.75,15.02,14.64,14.85,12100,0.0,0,26,2015,3
2015-03-27,14.83,15.02,14.83,14.92,14200,0.0,0,27,2015,3
2015-03-30,15.06,15.23,14.43,15.1,10900,0.0,0,30,2015,3
2015-03-31,15.11,15.16,14.98,15.16,8800,0.0,0,31,2015,3
2015-04-01,15.12,15.12,14.67,15.04,18400,0.0,0,01,2015,4
2015-04-02,15.1,15.19,15.0,15.15,29300,0.0,0,02,2015,4
2015-04-06,14.94,15.16,14.82,15.15,10100,0.0,0,06,2015,4
2015-04-07,15.18,15.22,14.96,15.04,7800,0.0,0,07,2015,4
2015-04-08,15.22,15.22,14.85,15.11,236400,0.0,0,08,2015,4
2015-04-09,15.04,15.09,14.83,14.92,12600,0.0,0,09,2015,4
2015-04-10,15.0,15.02,14.74,14.88,28800,0.0,0,10,2015,4
2015-04-13,14.89,15.16,14.83,14.97,58200,0.0,0,13,2015,4
2015-04-14,14.88,14.94,14.84,14.91,148300,0.0,0,14,2015,4
2015-04-15,14.92,14.92,14.82,14.9,56800,0.0,0,15,2015,4
2015-04-16,14.7,14.92,14.7,14.9,28900,0.0,0,16,2015,4
2015-04-17,14.77,14.88,14.58,14.69,53100,0.0,0,17,2015,4
2015-04-20,14.73,14.83,14.38,14.76,47400,0.0,0,20,2015,4
2015-04-21,14.78,14.8,14.47,14.53,8400,0.0,0,21,2015,4
2015-04-22,14.54,14.78,14.33,14.76,45200,0.0,0,22,2015,4
2015-04-23,14.56,14.8,14.56,14.68,7300,0.0,0,23,2015,4
2015-04-24,14.5,14.88,14.5,14.88,10600,0.0,0,24,2015,4
2015-04-27,14.72,14.85,14.0,14.1,20800,0.0,0,27,2015,4
2015-04-28,14.24,14.47,13.97,14.17,11400,0.0,0,28,2015,4
2015-04-29,14.26,14.36,13.69,13.69,16100,0.0,0,29,2015,4
2015-04-30,13.59,13.59,13.06,13.12,32500,0.0,0,30,2015,4
2015-05-01,13.2,13.79,13.2,13.46,395700,0.0,0,01,2015,5
2015-05-04,13.54,13.94,13.41,13.44,19100,0.0,0,04,2015,5
2015-05-05,13.51,13.63,13.35,13.53,33400,0.0,0,05,2015,5
2015-05-06,13.58,14.04,13.38,13.52,26000,0.0,0,06,2015,5
2015-05-07,13.57,13.88,13.41,13.56,12600,0.0,0,07,2015,5
2015-05-08,13.74,13.79,13.61,13.75,25400,0.0,0,08,2015,5
2015-05-11,13.78,13.89,13.69,13.76,13800,0.0,0,11,2015,5
2015-05-12,13.77,13.85,13.56,13.79,19400,0.0,0,12,2015,5
2015-05-13,13.71,13.76,13.5,13.56,11100,0.0,0,13,2015,5
2015-05-14,13.56,13.76,13.56,13.71,6600,0.0,0,14,2015,5
2015-05-15,13.73,13.75,13.61,13.7,13300,0.0,0,15,2015,5
2015-05-18,13.55,13.76,13.55,13.65,7800,0.0,0,18,2015,5
2015-05-19,13.64,13.68,13.63,13.64,5600,0.0,0,19,2015,5
2015-05-20,13.7,13.76,13.35,13.63,11900,0.0,0,20,2015,5
2015-05-21,13.53,13.72,13.53,13.64,5000,0.0,0,21,2015,5
2015-05-22,13.59,13.67,13.35,13.38,8600,0.0,0,22,2015,5
2015-05-26,13.42,13.42,13.07,13.08,20200,0.0,0,26,2015,5
2015-05-27,13.09,13.22,13.06,13.21,10400,0.0,0,27,2015,5
2015-05-28,13.01,13.3,13.0,13.25,10100,0.0,0,28,2015,5
2015-05-29,13.22,13.5,13.22,13.46,12800,0.0,0,29,2015,5
2015-06-01,13.55,13.55,13.24,13.33,9400,0.0,0,01,2015,6
2015-06-02,13.31,13.59,13.29,13.39,16800,0.0,0,02,2015,6
2015-06-03,13.36,13.55,13.28,13.55,6200,0.0,0,03,2015,6
2015-06-04,13.41,13.43,13.36,13.39,4900,0.03,0,04,2015,6
2015-06-05,13.43,13.72,13.42,13.57,17600,0.0,0,05,2015,6
2015-06-08,13.5,13.79,13.34,13.48,12000,0.0,0,08,2015,6
2015-06-09,13.45,13.6,13.45,13.46,7600,0.0,0,09,2015,6
2015-06-10,13.64,13.79,13.56,13.58,38700,0.0,0,10,2015,6
2015-06-11,13.54,13.6,13.54,13.55,68900,0.0,0,11,2015,6
2015-06-12,13.56,13.63,13.51,13.51,4300,0.0,0,12,2015,6
2015-06-15,13.28,13.5,13.18,13.37,9900,0.0,0,15,2015,6
2015-06-16,13.33,13.55,13.33,13.55,7300,0.0,0,16,2015,6
2015-06-17,13.56,13.56,13.41,13.49,8500,0.0,0,17,2015,6
2015-06-18,13.51,13.67,13.43,13.67,23700,0.0,0,18,2015,6
2015-06-19,13.54,13.84,13.47,13.65,23900,0.0,0,19,2015,6
2015-06-22,13.76,14.27,13.76,14.11,20500,0.0,0,22,2015,6
2015-06-23,14.21,14.25,14.06,14.22,17100,0.0,0,23,2015,6
2015-06-24,14.2,14.43,13.98,14.37,21100,0.0,0,24,2015,6
2015-06-25,14.01,14.63,14.01,14.49,31300,0.0,0,25,2015,6
2015-06-26,14.54,14.67,14.19,14.23,151500,0.0,0,26,2015,6
2015-06-29,14.21,14.55,13.86,14.19,24500,0.0,0,29,2015,6
2015-06-30,14.19,14.52,14.16,14.27,19300,0.0,0,30,2015,6
2015-07-01,14.38,14.64,14.31,14.54,19400,0.0,0,01,2015,7
2015-07-02,14.56,14.66,14.49,14.56,7400,0.0,0,02,2015,7
2015-07-06,14.4,14.72,14.31,14.45,14100,0.0,0,06,2015,7
2015-07-07,14.49,14.49,14.25,14.38,21700,0.0,0,07,2015,7
2015-07-08,14.43,14.46,14.1,14.28,18300,0.0,0,08,2015,7
2015-07-09,14.28,14.48,14.06,14.31,16200,0.0,0,09,2015,7
2015-07-10,14.38,14.49,14.37,14.48,7800,0.0,0,10,2015,7
2015-07-13,14.49,14.53,14.29,14.47,14900,0.0,0,13,2015,7
2015-07-14,14.41,14.53,14.29,14.46,26100,0.0,0,14,2015,7
2015-07-15,14.43,14.49,14.41,14.46,7900,0.0,0,15,2015,7
2015-07-16,14.49,14.53,14.43,14.49,19800,0.0,0,16,2015,7
2015-07-17,14.53,14.53,14.39,14.49,19600,0.0,0,17,2015,7
2015-07-20,14.53,14.66,14.11,14.13,6500,0.0,0,20,2015,7
2015-07-21,14.72,14.72,13.92,14.38,26700,0.0,0,21,2015,7
2015-07-22,14.3,14.67,14.25,14.49,8000,0.0,0,22,2015,7
2015-07-23,14.55,14.68,14.26,14.26,10700,0.0,0,23,2015,7
2015-07-24,14.3,14.56,13.45,14.41,27200,0.0,0,24,2015,7
2015-07-27,14.49,14.65,14.09,14.48,28300,0.0,0,27,2015,7
2015-07-28,14.54,14.66,14.23,14.4,29600,0.0,0,28,2015,7
2015-07-29,14.58,14.68,14.37,14.56,12400,0.0,0,29,2015,7
2015-07-30,14.51,14.62,14.21,14.49,14500,0.0,0,30,2015,7
2015-07-31,14.52,14.54,14.38,14.43,9300,0.0,0,31,2015,7
2015-08-03,14.42,14.51,14.21,14.23,7800,0.0,0,03,2015,8
2015-08-04,14.05,14.43,14.05,14.22,7500,0.0,0,04,2015,8
2015-08-05,14.23,14.26,14.06,14.24,7800,0.0,0,05,2015,8
2015-08-06,14.16,14.41,14.06,14.09,15100,0.0,0,06,2015,8
2015-08-07,14.05,14.1,13.92,13.94,7500,0.0,0,07,2015,8
2015-08-10,13.97,14.24,13.97,14.22,14100,0.0,0,10,2015,8
2015-08-11,13.91,14.36,13.91,14.13,37600,0.0,0,11,2015,8
2015-08-12,14.11,14.36,14.04,14.29,12500,0.0,0,12,2015,8
2015-08-13,14.24,14.3,14.05,14.05,7100,0.0,0,13,2015,8
2015-08-14,14.06,14.3,14.06,14.2,10000,0.0,0,14,2015,8
2015-08-17,14.13,14.3,14.09,14.17,22200,0.0,0,17,2015,8
2015-08-18,14.17,14.21,14.02,14.03,5300,0.0,0,18,2015,8
2015-08-19,14.06,14.23,14.02,14.03,8600,0.0,0,19,2015,8
2015-08-20,14.06,14.24,14.0,14.03,18900,0.0,0,20,2015,8
2015-08-21,13.84,14.3,13.84,14.18,26100,0.0,0,21,2015,8
2015-08-24,13.77,13.77,13.55,13.56,36600,0.0,0,24,2015,8
2015-08-25,13.99,13.99,13.55,13.73,11600,0.0,0,25,2015,8
2015-08-26,14.01,14.01,13.71,13.8,19300,0.0,0,26,2015,8
2015-08-27,13.9,13.99,13.73,13.8,12400,0.0,0,27,2015,8
2015-08-28,13.69,14.08,13.56,14.01,21100,0.0,0,28,2015,8
2015-08-31,13.94,14.21,13.82,13.96,10300,0.0,0,31,2015,8
2015-09-01,13.77,14.28,13.66,13.98,35500,0.0,0,01,2015,9
2015-09-02,14.1,14.25,13.93,14.12,22500,0.0,0,02,2015,9
2015-09-03,13.9,14.19,13.71,13.99,10100,0.03,0,03,2015,9
2015-09-04,13.88,14.17,13.88,13.97,8300,0.0,0,04,2015,9
2015-09-08,14.09,14.28,14.09,14.16,15600,0.0,0,08,2015,9
2015-09-09,14.18,14.27,13.69,13.79,15800,0.0,0,09,2015,9
2015-09-10,13.76,14.17,13.76,14.06,11800,0.0,0,10,2015,9
2015-09-11,13.94,14.23,13.85,14.2,10800,0.0,0,11,2015,9
2015-09-14,14.18,14.25,13.83,14.04,11400,0.0,0,14,2015,9
2015-09-15,14.02,14.2,13.88,14.16,13600,0.0,0,15,2015,9
2015-09-16,14.18,14.19,13.88,14.09,10100,0.0,0,16,2015,9
2015-09-17,14.11,14.27,13.95,14.05,16000,0.0,0,17,2015,9
2015-09-18,13.86,14.11,13.61,13.72,23600,0.0,0,18,2015,9
2015-09-21,13.79,14.05,13.77,13.91,13900,0.0,0,21,2015,9
2015-09-22,13.79,14.03,13.73,13.9,16300,0.0,0,22,2015,9
2015-09-23,13.85,14.11,13.8,13.94,11300,0.0,0,23,2015,9
2015-09-24,13.92,14.22,13.62,14.18,10800,0.0,0,24,2015,9
2015-09-25,14.24,14.25,13.81,13.86,25400,0.0,0,25,2015,9
2015-09-28,13.95,14.11,13.72,13.87,15000,0.0,0,28,2015,9
2015-09-29,13.87,14.23,13.68,13.85,14000,0.0,0,29,2015,9
2015-09-30,13.92,14.14,13.79,13.97,22400,0.0,0,30,2015,9
2015-10-01,13.99,13.99,13.64,13.7,16800,0.0,0,01,2015,10
2015-10-02,13.66,13.75,13.53,13.75,13600,0.0,0,02,2015,10
2015-10-05,13.75,14.07,13.71,13.89,11500,0.0,0,05,2015,10
2015-10-06,13.84,14.14,13.71,13.73,12400,0.0,0,06,2015,10
2015-10-07,13.86,14.0,12.7,13.96,21000,0.0,0,07,2015,10
2015-10-08,14.04,14.28,14.04,14.27,21100,0.0,0,08,2015,10
2015-10-09,14.27,14.48,14.12,14.29,28400,0.0,0,09,2015,10
2015-10-12,14.27,14.52,14.13,14.52,10500,0.0,0,12,2015,10
2015-10-13,14.38,14.61,14.38,14.47,20000,0.0,0,13,2015,10
2015-10-14,14.65,14.66,14.06,14.07,10900,0.0,0,14,2015,10
2015-10-15,14.05,14.74,14.02,14.73,16800,0.0,0,15,2015,10
2015-10-16,14.7,14.74,14.59,14.62,6700,0.0,0,16,2015,10
2015-10-19,14.61,14.73,14.35,14.47,10600,0.0,0,19,2015,10
2015-10-20,13.35,14.52,13.35,14.33,26800,0.0,0,20,2015,10
2015-10-21,14.26,14.74,13.69,14.26,44900,0.0,0,21,2015,10
2015-10-22,14.21,14.66,14.21,14.58,34400,0.0,0,22,2015,10
2015-10-23,14.61,14.61,14.14,14.59,36400,0.0,0,23,2015,10
2015-10-26,14.56,14.59,14.37,14.53,23500,0.0,0,26,2015,10
2015-10-27,14.44,14.59,14.28,14.5,22100,0.0,0,27,2015,10
2015-10-28,14.58,14.91,14.53,14.82,38200,0.0,0,28,2015,10
2015-10-29,14.7,14.91,14.61,14.68,7700,0.0,0,29,2015,10
2015-10-30,14.7,14.75,14.35,14.46,11900,0.0,0,30,2015,10
2015-11-02,14.56,14.71,14.29,14.7,60100,0.0,0,02,2015,11
2015-11-03,14.43,14.85,14.43,14.55,16100,0.0,0,03,2015,11
2015-11-04,14.6,14.69,14.38,14.6,25100,0.0,0,04,2015,11
2015-11-05,14.53,14.91,14.53,14.7,11600,0.0,0,05,2015,11
2015-11-06,14.7,14.91,14.7,14.89,15800,0.0,0,06,2015,11
2015-11-09,14.83,14.96,14.8,14.93,20500,0.0,0,09,2015,11
2015-11-10,14.91,15.03,14.88,14.98,13200,0.0,0,10,2015,11
2015-11-11,15.03,15.03,14.91,14.91,5200,0.0,0,11,2015,11
2015-11-12,14.8,14.94,14.61,14.61,6300,0.0,0,12,2015,11
2015-11-13,14.55,14.95,14.55,14.89,21700,0.0,0,13,2015,11
2015-11-16,14.47,14.94,14.43,14.88,40000,0.0,0,16,2015,11
2015-11-17,14.88,14.92,14.56,14.84,8300,0.0,0,17,2015,11
2015-11-18,14.84,14.98,14.68,14.89,30300,0.0,0,18,2015,11
2015-11-19,14.89,14.94,14.8,14.85,11000,0.0,0,19,2015,11
2015-11-20,14.93,14.97,14.82,14.85,11200,0.0,0,20,2015,11
2015-11-23,14.85,14.89,14.8,14.89,8500,0.0,0,23,2015,11
2015-11-24,14.84,14.89,14.83,14.89,6800,0.0,0,24,2015,11
2015-11-25,15.02,15.02,14.71,14.83,11000,0.0,0,25,2015,11
2015-11-27,14.76,14.89,14.76,14.86,3500,0.0,0,27,2015,11
2015-11-30,14.87,14.87,14.61,14.75,14100,0.0,0,30,2015,11
2015-12-01,14.78,14.78,14.45,14.6,43800,0.0,0,01,2015,12
2015-12-02,14.57,14.84,14.49,14.51,9600,0.0,0,02,2015,12
2015-12-03,14.5,14.82,14.5,14.61,16100,0.04,0,03,2015,12
2015-12-04,14.68,14.88,14.52,14.67,14100,0.0,0,04,2015,12
2015-12-07,14.65,14.69,14.52,14.57,23700,0.0,0,07,2015,12
2015-12-08,14.55,14.67,14.51,14.55,15100,0.0,0,08,2015,12
2015-12-09,14.62,14.62,14.51,14.56,22700,0.0,0,09,2015,12
2015-12-10,14.57,14.67,14.47,14.53,14400,0.0,0,10,2015,12
2015-12-11,14.29,14.72,13.53,14.26,20200,0.0,0,11,2015,12
2015-12-14,14.32,14.62,14.07,14.34,10900,0.0,0,14,2015,12
2015-12-15,14.42,14.63,14.2,14.52,14200,0.0,0,15,2015,12
2015-12-16,14.49,14.81,14.48,14.81,15700,0.0,0,16,2015,12
2015-12-17,14.83,14.83,14.69,14.71,9700,0.0,0,17,2015,12
2015-12-18,14.63,14.93,14.54,14.93,62800,0.0,0,18,2015,12
2015-12-21,14.93,14.93,14.67,14.92,8400,0.0,0,21,2015,12
2015-12-22,14.93,14.93,14.66,14.92,77000,0.0,0,22,2015,12
2015-12-23,14.93,14.96,14.84,14.96,8400,0.0,0,23,2015,12
2015-12-24,14.98,14.99,14.81,14.91,5400,0.0,0,24,2015,12
2015-12-28,14.86,15.0,14.49,14.58,6900,0.0,0,28,2015,12
2015-12-29,14.57,14.99,14.43,14.75,15800,0.0,0,29,2015,12
2015-12-30,14.76,14.76,14.43,14.51,11200,0.0,0,30,2015,12
2015-12-31,14.54,14.73,14.41,14.41,20800,0.0,0,31,2015,12
2016-01-04,14.38,14.38,13.6,14.1,46500,0.0,0,04,2016,1
2016-01-05,14.1,14.7,14.08,14.39,75600,0.0,0,05,2016,1
2016-01-06,14.19,14.71,14.17,14.52,26500,0.0,0,06,2016,1
2016-01-07,14.31,14.73,14.22,14.29,26400,0.0,0,07,2016,1
2016-01-08,14.35,14.53,14.06,14.06,30000,0.0,0,08,2016,1
2016-01-11,13.74,14.61,13.74,14.33,25300,0.0,0,11,2016,1
2016-01-12,14.36,14.6,13.97,14.13,26200,0.0,0,12,2016,1
2016-01-13,14.07,14.22,13.6,13.64,20200,0.0,0,13,2016,1
2016-01-14,13.78,13.89,13.14,13.45,21700,0.0,0,14,2016,1
2016-01-15,13.14,13.21,12.51,12.73,21800,0.0,0,15,2016,1
2016-01-19,12.57,12.95,12.45,12.6,15700,0.0,0,19,2016,1
2016-01-20,12.53,12.95,12.21,12.84,31600,0.0,0,20,2016,1
2016-01-21,12.78,13.45,12.74,12.75,17100,0.0,0,21,2016,1
2016-01-22,12.84,12.89,12.68,12.79,23400,0.0,0,22,2016,1
2016-01-25,12.77,13.24,12.05,12.31,21100,0.0,0,25,2016,1
2016-01-26,12.33,13.77,12.33,12.96,24700,0.0,0,26,2016,1
2016-01-27,12.97,13.0,12.66,12.68,14600,0.0,0,27,2016,1
2016-01-28,12.79,13.09,12.74,12.9,21200,0.0,0,28,2016,1
2016-01-29,12.9,13.31,12.9,13.29,27300,0.0,0,29,2016,1
2016-02-01,13.2,13.31,13.01,13.08,15300,0.0,0,01,2016,2
2016-02-02,13.0,13.32,12.83,13.24,19800,0.0,0,02,2016,2
2016-02-03,13.3,13.39,13.13,13.28,14700,0.0,0,03,2016,2
2016-02-04,13.12,13.6,13.1,13.3,6400,0.0,0,04,2016,2
2016-02-05,13.28,13.35,12.96,12.96,33700,0.0,0,05,2016,2
2016-02-08,12.94,13.45,12.94,13.36,11500,0.0,0,08,2016,2
2016-02-09,13.23,13.8,13.11,13.62,20100,0.0,0,09,2016,2
2016-02-10,14.37,14.44,13.45,13.45,8100,0.0,0,10,2016,2
2016-02-11,13.39,13.78,13.09,13.62,10800,0.0,0,11,2016,2
2016-02-12,13.74,13.74,13.32,13.64,7400,0.0,0,12,2016,2
2016-02-16,13.75,13.89,13.45,13.73,14700,0.0,0,16,2016,2
2016-02-17,13.75,13.85,13.49,13.58,14800,0.0,0,17,2016,2
2016-02-18,13.56,13.79,13.39,13.56,13200,0.0,0,18,2016,2
2016-02-19,13.58,14.18,13.51,13.64,34800,0.0,0,19,2016,2
2016-02-22,13.81,13.85,13.55,13.6,19900,0.0,0,22,2016,2
2016-02-23,13.6,13.6,13.36,13.38,15300,0.0,0,23,2016,2
2016-02-24,13.62,13.8,13.38,13.64,29500,0.0,0,24,2016,2
2016-02-25,13.7,13.85,13.7,13.78,10900,0.0,0,25,2016,2
2016-02-26,13.73,13.91,13.58,13.91,14400,0.0,0,26,2016,2
2016-02-29,13.85,14.25,13.52,13.52,11000,0.0,0,29,2016,2
2016-03-01,13.54,13.71,13.51,13.71,8000,0.0,0,01,2016,3
2016-03-02,13.62,14.23,13.47,14.22,31600,0.0,0,02,2016,3
2016-03-03,14.37,14.66,13.92,14.54,29300,0.04,0,03,2016,3
2016-03-04,14.58,14.95,14.2,14.46,18500,0.0,0,04,2016,3
2016-03-07,14.34,14.74,14.22,14.36,15600,0.0,0,07,2016,3
2016-03-08,14.32,14.38,14.21,14.31,15800,0.0,0,08,2016,3
2016-03-09,14.51,14.51,14.03,14.16,20800,0.0,0,09,2016,3
2016-03-10,14.14,14.44,13.92,13.93,47000,0.0,0,10,2016,3
2016-03-11,13.9,14.16,13.9,13.93,42100,0.0,0,11,2016,3
2016-03-14,14.03,14.03,13.64,13.69,16700,0.0,0,14,2016,3
2016-03-15,13.72,13.88,13.33,13.42,21300,0.0,0,15,2016,3
2016-03-16,13.84,13.84,13.16,13.6,59100,0.0,0,16,2016,3
2016-03-17,13.74,13.85,13.36,13.81,18700,0.0,0,17,2016,3
2016-03-18,13.89,14.1,13.75,14.0,57500,0.0,0,18,2016,3
2016-03-21,13.94,14.25,13.58,13.59,24700,0.0,0,21,2016,3
2016-03-22,13.57,13.8,13.23,13.35,17000,0.0,0,22,2016,3
2016-03-23,13.37,13.56,13.37,13.37,23900,0.0,0,23,2016,3
2016-03-24,13.37,13.59,13.36,13.39,14900,0.0,0,24,2016,3
2016-03-28,13.44,13.61,13.35,13.37,11700,0.0,0,28,2016,3
2016-03-29,13.37,13.74,13.37,13.71,12900,0.0,0,29,2016,3
2016-03-30,13.62,13.88,13.56,13.64,8500,0.0,0,30,2016,3
2016-03-31,13.72,13.81,13.64,13.74,15300,0.0,0,31,2016,3
2016-04-01,13.84,13.84,13.52,13.6,9400,0.0,0,01,2016,4
2016-04-04,13.54,13.61,13.36,13.4,20400,0.0,0,04,2016,4
2016-04-05,13.26,13.51,13.26,13.41,10600,0.0,0,05,2016,4
2016-04-06,13.37,13.52,13.34,13.46,9300,0.0,0,06,2016,4
2016-04-07,13.4,13.49,13.32,13.33,11100,0.0,0,07,2016,4
2016-04-08,13.42,13.65,13.32,13.37,12600,0.0,0,08,2016,4
2016-04-11,13.41,13.66,13.33,13.42,8800,0.0,0,11,2016,4
2016-04-12,13.42,13.6,13.42,13.53,11700,0.0,0,12,2016,4
2016-04-13,13.42,13.77,13.42,13.6,27200,0.0,0,13,2016,4
2016-04-14,13.65,13.93,13.56,13.6,27600,0.0,0,14,2016,4
2016-04-15,13.54,13.81,13.54,13.58,11000,0.0,0,15,2016,4
2016-04-18,13.6,13.8,13.58,13.73,6800,0.0,0,18,2016,4
2016-04-19,13.6,13.73,13.6,13.62,57500,0.0,0,19,2016,4
2016-04-20,13.67,13.93,13.62,13.87,10400,0.0,0,20,2016,4
2016-04-21,13.92,13.92,13.81,13.86,15300,0.0,0,21,2016,4
2016-04-22,13.93,13.99,13.84,13.89,30100,0.0,0,22,2016,4
2016-04-25,13.89,14.28,13.81,14.19,12100,0.0,0,25,2016,4
2016-04-26,14.22,14.31,14.2,14.27,13100,0.0,0,26,2016,4
2016-04-27,14.3,14.35,14.07,14.28,14800,0.0,0,27,2016,4
2016-04-28,14.17,14.44,14.03,14.05,17900,0.0,0,28,2016,4
2016-04-29,14.62,14.62,13.89,13.95,10700,0.0,0,29,2016,4
2016-05-02,14.02,14.14,13.73,13.9,10900,0.0,0,02,2016,5
2016-05-03,14.06,14.06,13.69,13.69,10500,0.0,0,03,2016,5
2016-05-04,13.7,13.83,13.46,13.76,13300,0.0,0,04,2016,5
2016-05-05,13.82,13.82,13.44,13.55,25000,0.0,0,05,2016,5
2016-05-06,13.53,13.76,13.48,13.66,20500,0.0,0,06,2016,5
2016-05-09,13.65,13.8,13.56,13.79,31200,0.0,0,09,2016,5
2016-05-10,13.79,14.23,13.79,14.13,22000,0.0,0,10,2016,5
2016-05-11,14.17,14.17,13.96,13.97,9100,0.0,0,11,2016,5
2016-05-12,14.08,14.13,13.82,14.11,16100,0.0,0,12,2016,5
2016-05-13,14.12,14.14,14.07,14.11,9800,0.0,0,13,2016,5
2016-05-16,14.2,14.22,14.01,14.19,10100,0.0,0,16,2016,5
2016-05-17,14.21,14.22,13.75,13.84,15300,0.0,0,17,2016,5
2016-05-18,13.89,14.35,13.89,14.24,14900,0.0,0,18,2016,5
2016-05-19,14.12,14.25,14.03,14.14,12500,0.0,0,19,2016,5
2016-05-20,14.22,14.4,14.22,14.38,16500,0.0,0,20,2016,5
2016-05-23,14.43,14.55,14.34,14.4,9700,0.0,0,23,2016,5
2016-05-24,14.54,14.92,14.54,14.88,20100,0.0,0,24,2016,5
2016-05-25,14.85,15.02,14.49,14.53,24900,0.0,0,25,2016,5
2016-05-26,14.57,14.84,14.33,14.53,31400,0.0,0,26,2016,5
2016-05-27,14.52,14.76,14.43,14.54,11800,0.0,0,27,2016,5
2016-05-31,14.55,14.59,14.38,14.59,13000,0.0,0,31,2016,5
2016-06-01,14.49,14.75,14.34,14.58,9900,0.0,0,01,2016,6
2016-06-02,14.44,14.72,14.36,14.63,16200,0.04,0,02,2016,6
2016-06-03,14.58,14.58,14.31,14.44,110100,0.0,0,03,2016,6
2016-06-06,14.5,14.68,14.47,14.54,17400,0.0,0,06,2016,6
2016-06-07,14.44,14.54,14.32,14.39,34000,0.0,0,07,2016,6
2016-06-08,14.68,14.68,14.23,14.27,25600,0.0,0,08,2016,6
2016-06-09,14.03,14.26,13.84,14.14,15100,0.0,0,09,2016,6
2016-06-10,14.12,14.12,13.79,13.93,10800,0.0,0,10,2016,6
2016-06-13,13.95,14.63,13.65,14.05,22200,0.0,0,13,2016,6
2016-06-14,14.34,14.34,13.97,14.12,15600,0.0,0,14,2016,6
2016-06-15,13.86,14.22,13.86,14.01,23400,0.0,0,15,2016,6
2016-06-16,13.96,14.16,13.78,14.03,25100,0.0,0,16,2016,6
2016-06-17,14.08,14.17,13.9,14.12,33800,0.0,0,17,2016,6
2016-06-20,14.17,14.45,14.12,14.4,15100,0.0,0,20,2016,6
2016-06-21,14.15,14.58,14.15,14.51,13700,0.0,0,21,2016,6
2016-06-22,14.61,14.72,14.04,14.2,39800,0.0,0,22,2016,6
2016-06-23,14.25,14.58,14.06,14.54,30600,0.0,0,23,2016,6
2016-06-24,14.1,14.32,13.47,13.59,64200,0.0,0,24,2016,6
2016-06-27,13.59,13.59,13.18,13.22,17000,0.0,0,27,2016,6
2016-06-28,13.34,13.44,12.42,12.99,14800,0.0,0,28,2016,6
2016-06-29,13.09,13.4,12.5,13.02,16100,0.0,0,29,2016,6
2016-06-30,12.98,13.19,12.89,13.14,13900,0.0,0,30,2016,6
2016-07-01,13.04,13.05,12.84,12.88,9500,0.0,0,01,2016,7
2016-07-05,12.57,12.89,12.57,12.79,16400,0.0,0,05,2016,7
2016-07-06,12.86,12.94,12.78,12.84,8200,0.0,0,06,2016,7
2016-07-07,12.81,12.89,12.69,12.72,7900,0.0,0,07,2016,7
2016-07-08,12.78,13.12,12.72,12.85,14300,0.0,0,08,2016,7
2016-07-11,12.9,13.53,12.8,13.32,18900,0.0,0,11,2016,7
2016-07-12,13.41,13.86,13.04,13.66,18700,0.0,0,12,2016,7
2016-07-13,13.56,13.86,12.78,13.7,15200,0.0,0,13,2016,7
2016-07-14,13.85,13.9,12.86,13.86,5800,0.0,0,14,2016,7
2016-07-15,13.96,14.08,13.4,14.0,12000,0.0,0,15,2016,7
2016-07-18,13.95,14.07,13.38,14.07,7000,0.0,0,18,2016,7
2016-07-19,14.0,14.16,13.95,14.06,7100,0.0,0,19,2016,7
2016-07-20,13.97,14.06,13.77,13.94,5000,0.0,0,20,2016,7
2016-07-21,13.96,13.96,13.6,13.73,6700,0.0,0,21,2016,7
2016-07-22,13.87,13.92,13.69,13.82,10900,0.0,0,22,2016,7
2016-07-25,13.75,13.97,13.57,13.83,13600,0.0,0,25,2016,7
2016-07-26,13.73,14.49,13.64,13.66,73700,0.0,0,26,2016,7
2016-07-27,13.69,13.74,13.41,13.48,26100,0.0,0,27,2016,7
2016-07-28,13.31,13.38,13.03,13.29,10400,0.0,0,28,2016,7
2016-07-29,13.34,13.87,13.34,13.51,17900,0.0,0,29,2016,7
2016-08-01,13.58,13.59,13.17,13.17,13000,0.0,0,01,2016,8
2016-08-02,13.28,13.28,13.03,13.11,7700,0.0,0,02,2016,8
2016-08-03,13.01,13.18,12.93,13.1,42000,0.0,0,03,2016,8
2016-08-04,13.03,13.18,12.81,12.83,4800,0.0,0,04,2016,8
2016-08-05,12.93,13.2,12.93,13.06,16800,0.0,0,05,2016,8
2016-08-08,13.06,13.19,12.92,13.09,8400,0.0,0,08,2016,8
2016-08-09,13.17,13.29,13.1,13.21,15300,0.0,0,09,2016,8
2016-08-10,13.21,13.24,13.04,13.18,6900,0.0,0,10,2016,8
2016-08-11,13.14,13.36,13.0,13.19,30900,0.0,0,11,2016,8
2016-08-12,13.24,13.43,13.03,13.3,14700,0.0,0,12,2016,8
2016-08-15,13.07,13.47,13.07,13.34,13000,0.0,0,15,2016,8
2016-08-16,13.29,13.45,13.21,13.23,10600,0.0,0,16,2016,8
2016-08-17,13.21,13.39,13.1,13.22,6400,0.0,0,17,2016,8
2016-08-18,13.31,13.31,13.17,13.21,14500,0.0,0,18,2016,8
2016-08-19,13.21,13.21,13.09,13.12,15200,0.0,0,19,2016,8
2016-08-22,13.04,13.19,12.96,13.11,11500,0.0,0,22,2016,8
2016-08-23,13.18,13.18,13.05,13.06,6600,0.0,0,23,2016,8
2016-08-24,13.12,13.21,13.06,13.1,26300,0.0,0,24,2016,8
2016-08-25,13.3,13.3,13.09,13.1,14600,0.0,0,25,2016,8
2016-08-26,13.3,13.3,13.03,13.13,6000,0.0,0,26,2016,8
2016-08-29,13.29,13.34,13.1,13.17,25800,0.0,0,29,2016,8
2016-08-30,13.39,13.43,13.12,13.19,30700,0.0,0,30,2016,8
2016-08-31,13.33,13.33,13.18,13.2,21200,0.0,0,31,2016,8
2016-09-01,13.14,13.44,13.14,13.22,15200,0.04,0,01,2016,9
2016-09-02,13.3,13.44,13.26,13.44,12800,0.0,0,02,2016,9
2016-09-06,13.41,13.77,13.41,13.76,10700,0.0,0,06,2016,9
2016-09-07,13.74,14.1,13.71,13.91,13900,0.0,0,07,2016,9
2016-09-08,13.98,14.39,13.97,14.38,16200,0.0,0,08,2016,9
2016-09-09,14.4,14.41,13.98,14.08,41200,0.0,0,09,2016,9
2016-09-12,14.13,14.26,13.78,14.08,22400,0.0,0,12,2016,9
2016-09-13,13.93,14.18,13.73,14.08,18900,0.0,0,13,2016,9
2016-09-14,14.14,14.47,14.01,14.35,16800,0.0,0,14,2016,9
2016-09-15,14.26,14.46,14.2,14.28,11900,0.0,0,15,2016,9
2016-09-16,14.33,14.43,13.93,14.0,73100,0.0,0,16,2016,9
2016-09-19,14.13,14.25,13.86,14.06,13700,0.0,0,19,2016,9
2016-09-20,14.14,14.26,14.05,14.16,4900,0.0,0,20,2016,9
2016-09-21,14.26,14.34,14.21,14.32,9300,0.0,0,21,2016,9
2016-09-22,14.38,14.44,14.25,14.42,12500,0.0,0,22,2016,9
2016-09-23,14.34,14.46,14.34,14.4,5000,0.0,0,23,2016,9
2016-09-26,14.27,14.43,14.01,14.01,13100,0.0,0,26,2016,9
2016-09-27,13.99,13.99,13.37,13.74,27800,0.0,0,27,2016,9
2016-09-28,13.86,14.01,13.51,13.96,73800,0.0,0,28,2016,9
2016-09-29,13.9,14.01,13.72,13.77,43100,0.0,0,29,2016,9
2016-09-30,13.83,14.26,13.83,13.98,121100,0.0,0,30,2016,9
2016-10-03,14.01,14.15,13.73,13.93,11700,0.0,0,03,2016,10
2016-10-04,13.9,14.19,13.87,14.07,11000,0.0,0,04,2016,10
2016-10-05,14.08,14.4,14.05,14.14,9300,0.0,0,05,2016,10
2016-10-06,13.97,14.3,13.97,14.07,14800,0.0,0,06,2016,10
2016-10-07,14.01,14.17,13.93,14.08,5700,0.0,0,07,2016,10
2016-10-10,13.98,14.27,13.98,14.18,17100,0.0,0,10,2016,10
2016-10-11,14.18,14.42,14.13,14.22,20400,0.0,0,11,2016,10
2016-10-12,14.19,14.39,14.19,14.34,7100,0.0,0,12,2016,10
2016-10-13,14.22,14.36,14.2,14.25,11200,0.0,0,13,2016,10
2016-10-14,14.29,14.38,14.21,14.29,8500,0.0,0,14,2016,10
2016-10-17,14.43,14.43,14.14,14.34,20000,0.0,0,17,2016,10
2016-10-18,14.48,14.48,14.24,14.41,12800,0.0,0,18,2016,10
2016-10-19,14.48,14.48,14.36,14.4,6400,0.0,0,19,2016,10
2016-10-20,14.45,14.48,14.38,14.45,4800,0.0,0,20,2016,10
2016-10-21,14.31,14.56,14.23,14.48,9600,0.0,0,21,2016,10
2016-10-24,14.58,14.64,14.5,14.61,3200,0.0,0,24,2016,10
2016-10-25,14.66,14.66,14.54,14.62,12300,0.0,0,25,2016,10
2016-10-26,14.57,14.64,14.46,14.47,4500,0.0,0,26,2016,10
2016-10-27,14.61,14.61,14.33,14.34,6600,0.0,0,27,2016,10
2016-10-28,14.26,14.29,14.19,14.26,4700,0.0,0,28,2016,10
2016-10-31,14.29,14.34,14.08,14.24,11500,0.0,0,31,2016,10
2016-11-01,14.29,14.61,14.1,14.18,13200,0.0,0,01,2016,11
2016-11-02,14.23,14.23,13.66,13.7,18400,0.0,0,02,2016,11
2016-11-03,13.73,13.91,13.68,13.89,27400,0.0,0,03,2016,11
2016-11-04,13.83,14.14,13.83,13.91,9400,0.0,0,04,2016,11
2016-11-07,14.15,14.27,14.08,14.23,7900,0.0,0,07,2016,11
2016-11-08,14.19,14.29,14.19,14.26,4900,0.0,0,08,2016,11
2016-11-09,14.28,14.64,14.18,14.62,27200,0.0,0,09,2016,11
2016-11-10,14.71,16.21,13.53,15.33,67800,0.0,0,10,2016,11
2016-11-11,15.32,16.23,15.14,15.99,48800,0.0,0,11,2016,11
2016-11-14,16.27,16.32,15.6,15.89,28000,0.0,0,14,2016,11
2016-11-15,15.73,16.55,15.73,16.38,12500,0.0,0,15,2016,11
2016-11-16,16.29,16.33,14.72,16.22,25700,0.0,0,16,2016,11
2016-11-17,16.22,17.14,16.22,16.85,14800,0.0,0,17,2016,11
2016-11-18,16.88,16.88,16.27,16.73,23900,0.0,0,18,2016,11
2016-11-21,16.69,17.27,16.44,17.19,33000,0.0,0,21,2016,11
2016-11-22,17.31,17.88,16.86,17.79,22900,0.0,0,22,2016,11
2016-11-23,17.57,18.63,17.57,18.38,47200,0.0,0,23,2016,11
2016-11-25,18.13,18.56,17.92,18.41,30700,0.0,0,25,2016,11
2016-11-28,18.13,18.13,17.33,17.71,29900,0.0,0,28,2016,11
2016-11-29,17.74,18.33,16.75,18.04,26500,0.0,0,29,2016,11
2016-11-30,18.15,18.15,17.74,17.84,22400,0.0,0,30,2016,11
2016-12-01,17.94,17.94,17.55,17.66,13600,0.05,0,01,2016,12
2016-12-02,17.62,17.79,17.35,17.52,54400,0.0,0,02,2016,12
2016-12-05,17.6,18.46,17.44,18.41,67600,0.0,0,05,2016,12
2016-12-06,18.73,19.3,18.73,18.98,67100,0.0,0,06,2016,12
2016-12-07,18.8,19.45,18.8,19.22,11800,0.0,0,07,2016,12
2016-12-08,18.75,20.4,18.75,20.08,19100,0.0,0,08,2016,12
2016-12-09,19.99,21.46,19.46,21.14,37300,0.0,0,09,2016,12
2016-12-12,20.96,21.97,20.17,20.34,20200,0.0,0,12,2016,12
2016-12-13,20.56,21.93,20.03,20.37,18300,0.0,0,13,2016,12
2016-12-14,20.36,20.78,19.95,20.16,20200,0.0,0,14,2016,12
2016-12-15,20.29,20.29,19.15,19.84,33200,0.0,0,15,2016,12
2016-12-16,19.79,19.85,19.18,19.27,123600,0.0,0,16,2016,12
2016-12-19,19.47,19.83,19.07,19.77,28100,0.0,0,19,2016,12
2016-12-20,19.88,19.88,19.27,19.85,18200,0.0,0,20,2016,12
2016-12-21,19.19,19.85,18.65,19.58,81400,0.0,0,21,2016,12
2016-12-22,19.47,19.8,19.47,19.75,29200,0.0,0,22,2016,12
2016-12-23,19.78,19.88,19.78,19.81,8400,0.0,0,23,2016,12
2016-12-27,19.73,19.93,19.37,19.9,14500,0.0,0,27,2016,12
2016-12-28,19.91,19.91,19.59,19.71,13900,0.0,0,28,2016,12
2016-12-29,19.65,19.83,19.2,19.52,16000,0.0,0,29,2016,12
2016-12-30,19.52,19.65,19.22,19.44,13100,0.0,0,30,2016,12
2017-01-03,19.65,19.93,19.4,19.79,21100,0.0,0,03,2017,1
2017-01-04,19.89,19.93,19.5,19.83,12900,0.0,0,04,2017,1
2017-01-05,19.77,19.86,19.38,19.42,8300,0.0,0,05,2017,1
2017-01-06,19.61,19.61,19.06,19.28,9300,0.0,0,06,2017,1
2017-01-09,19.1,19.1,18.8,18.93,12300,0.0,0,09,2017,1
2017-01-10,18.6,19.15,18.33,19.12,13900,0.0,0,10,2017,1
2017-01-11,18.97,19.57,18.94,19.4,15200,0.0,0,11,2017,1
2017-01-12,19.02,19.22,18.73,19.0,9000,0.0,0,12,2017,1
2017-01-13,19.08,19.35,19.02,19.09,9800,0.0,0,13,2017,1
2017-01-17,18.89,18.89,18.36,18.78,16300,0.0,0,17,2017,1
2017-01-18,18.91,19.18,18.7,18.93,21300,0.0,0,18,2017,1
2017-01-19,18.92,19.26,18.5,18.76,12700,0.0,0,19,2017,1
2017-01-20,18.89,19.05,18.69,18.84,12600,0.0,0,20,2017,1
2017-01-23,18.87,19.02,18.45,18.54,7800,0.0,0,23,2017,1
2017-01-24,18.98,19.35,18.98,19.21,83600,0.0,0,24,2017,1
2017-01-25,19.19,19.88,19.19,19.73,21600,0.0,0,25,2017,1
2017-01-26,19.73,19.79,19.45,19.75,8900,0.0,0,26,2017,1
2017-01-27,19.63,19.83,19.6,19.69,17800,0.0,0,27,2017,1
2017-01-30,19.66,19.66,19.36,19.54,19700,0.0,0,30,2017,1
2017-01-31,19.55,19.71,19.42,19.64,16900,0.0,0,31,2017,1
2017-02-01,19.71,19.91,19.65,19.84,18300,0.0,0,01,2017,2
2017-02-02,19.72,19.84,19.66,19.75,16100,0.0,0,02,2017,2
2017-02-03,19.92,19.94,19.8,19.94,36700,0.0,0,03,2017,2
2017-02-06,19.92,20.38,19.92,20.16,28300,0.0,0,06,2017,2
2017-02-07,20.1,20.4,19.56,19.59,16700,0.0,0,07,2017,2
2017-02-08,19.46,19.7,18.41,18.86,67300,0.0,0,08,2017,2
2017-02-09,19.28,19.38,18.87,19.11,51400,0.0,0,09,2017,2
2017-02-10,19.24,19.53,19.16,19.33,14700,0.0,0,10,2017,2
2017-02-13,19.5,19.97,19.47,19.72,12500,0.0,0,13,2017,2
2017-02-14,19.83,20.11,19.52,19.83,19600,0.0,0,14,2017,2
2017-02-15,19.79,20.07,19.61,20.0,24100,0.0,0,15,2017,2
2017-02-16,19.91,20.07,19.81,19.97,11400,0.0,0,16,2017,2
2017-02-17,19.92,20.46,19.84,20.27,45400,0.0,0,17,2017,2
2017-02-21,20.23,20.37,20.22,20.37,7400,0.0,0,21,2017,2
2017-02-22,20.22,20.4,19.94,20.36,13500,0.0,0,22,2017,2
2017-02-23,20.4,20.68,20.22,20.46,16900,0.0,0,23,2017,2
2017-02-24,20.53,20.68,20.29,20.39,33900,0.0,0,24,2017,2
2017-02-27,20.27,20.48,19.77,20.02,26400,0.0,0,27,2017,2
2017-02-28,19.85,19.92,19.3,19.39,29100,0.0,0,28,2017,2
2017-03-01,19.79,19.92,19.63,19.89,19800,0.0,0,01,2017,3
2017-03-02,19.5,19.84,19.07,19.64,19500,0.05,0,02,2017,3
2017-03-03,19.54,20.01,19.29,19.48,13200,0.0,0,03,2017,3
2017-03-06,19.68,19.68,19.21,19.25,11400,0.0,0,06,2017,3
2017-03-07,19.36,20.29,18.92,19.04,31100,0.0,0,07,2017,3
2017-03-08,19.31,19.44,19.04,19.15,17700,0.0,0,08,2017,3
2017-03-09,19.38,19.53,19.09,19.1,11900,0.0,0,09,2017,3
2017-03-10,19.28,19.28,18.88,19.03,23000,0.0,0,10,2017,3
2017-03-13,18.9,19.22,18.88,19.03,13300,0.0,0,13,2017,3
2017-03-14,19.1,19.18,18.63,18.84,6600,0.0,0,14,2017,3
2017-03-15,19.07,19.26,18.86,18.93,101300,0.0,0,15,2017,3
2017-03-16,18.76,19.02,18.64,18.95,21700,0.0,0,16,2017,3
2017-03-17,18.81,19.89,18.81,19.49,50800,0.0,0,17,2017,3
2017-03-20,19.57,19.71,19.15,19.21,17800,0.0,0,20,2017,3
2017-03-21,18.74,18.89,18.5,18.56,30000,0.0,0,21,2017,3
2017-03-22,18.48,18.79,18.28,18.67,26000,0.0,0,22,2017,3
2017-03-23,18.85,19.14,18.85,19.05,4300,0.0,0,23,2017,3
2017-03-24,19.83,19.84,19.28,19.44,20000,0.0,0,24,2017,3
2017-03-27,18.98,19.69,18.98,19.65,18500,0.0,0,27,2017,3
2017-03-28,19.55,20.28,19.55,20.1,14100,0.0,0,28,2017,3
2017-03-29,19.96,20.25,19.74,20.02,73900,0.0,0,29,2017,3
2017-03-30,20.05,20.58,19.71,20.42,23800,0.0,0,30,2017,3
2017-03-31,19.87,20.64,19.87,20.35,12600,0.0,0,31,2017,3
2017-04-03,20.46,20.5,19.95,20.12,18200,0.0,0,03,2017,4
2017-04-04,20.22,20.22,19.44,19.69,20300,0.0,0,04,2017,4
2017-04-05,19.91,20.0,18.73,18.89,29900,0.0,0,05,2017,4
2017-04-06,18.65,19.58,18.64,19.11,20200,0.0,0,06,2017,4
2017-04-07,19.06,19.5,19.01,19.39,11800,0.0,0,07,2017,4
2017-04-10,19.33,19.67,19.26,19.55,22200,0.0,0,10,2017,4
2017-04-11,19.49,20.05,19.49,19.89,14000,0.0,0,11,2017,4
2017-04-12,19.86,19.86,19.56,19.63,8200,0.0,0,12,2017,4
2017-04-13,19.95,20.09,19.26,19.65,39500,0.0,0,13,2017,4
2017-04-17,19.83,19.98,19.45,19.69,15200,0.0,0,17,2017,4
2017-04-18,19.44,19.7,19.4,19.63,23100,0.0,0,18,2017,4
2017-04-19,19.41,19.93,19.41,19.77,15000,0.0,0,19,2017,4
2017-04-20,19.83,20.6,19.48,20.08,16500,0.0,0,20,2017,4
2017-04-21,20.01,20.19,19.61,19.87,33800,0.0,0,21,2017,4
2017-04-24,20.45,20.72,19.13,20.14,20600,0.0,0,24,2017,4
2017-04-25,20.11,20.3,19.52,19.97,25700,0.0,0,25,2017,4
2017-04-26,19.79,21.3,19.69,20.98,33600,0.0,0,26,2017,4
2017-04-27,20.89,20.89,19.84,19.94,23800,0.0,0,27,2017,4
2017-04-28,19.84,20.03,19.46,19.61,18000,0.0,0,28,2017,4
2017-05-01,19.52,20.01,19.14,19.79,25100,0.0,0,01,2017,5
2017-05-02,19.95,19.95,19.42,19.55,16700,0.0,0,02,2017,5
2017-05-03,19.39,19.94,19.22,19.43,30700,0.0,0,03,2017,5
2017-05-04,19.52,20.2,19.42,19.68,21300,0.0,0,04,2017,5
2017-05-05,19.84,20.06,19.49,19.62,17400,0.0,0,05,2017,5
2017-05-08,19.85,19.92,19.6,19.84,12100,0.0,0,08,2017,5
2017-05-09,19.84,19.88,19.36,19.37,12900,0.0,0,09,2017,5
2017-05-10,19.32,19.51,19.24,19.28,14400,0.0,0,10,2017,5
2017-05-11,19.34,19.47,18.93,18.93,6700,0.0,0,11,2017,5
2017-05-12,18.88,19.0,18.47,18.54,47300,0.0,0,12,2017,5
2017-05-15,18.73,18.83,18.41,18.55,16900,0.0,0,15,2017,5
2017-05-16,18.36,18.55,18.36,18.49,11600,0.0,0,16,2017,5
2017-05-17,18.08,18.23,16.93,17.35,17500,0.0,0,17,2017,5
2017-05-18,17.69,18.0,17.22,17.42,13900,0.0,0,18,2017,5
2017-05-19,17.31,17.47,16.82,17.07,21300,0.0,0,19,2017,5
2017-05-22,17.01,17.6,17.01,17.6,9800,0.0,0,22,2017,5
2017-05-23,17.38,17.59,17.33,17.45,15600,0.0,0,23,2017,5
2017-05-24,17.6,17.95,17.6,17.85,10900,0.0,0,24,2017,5
2017-05-25,17.89,17.97,17.79,17.87,11200,0.0,0,25,2017,5
2017-05-26,17.56,17.87,17.47,17.77,8600,0.0,0,26,2017,5
2017-05-30,17.73,17.87,17.48,17.75,12600,0.0,0,30,2017,5
2017-05-31,18.29,18.35,17.85,17.85,3900,0.0,0,31,2017,5
2017-06-01,17.99,18.5,17.93,18.36,23400,0.05,0,01,2017,6
2017-06-02,18.36,18.81,18.36,18.67,65900,0.0,0,02,2017,6
2017-06-05,18.75,19.39,18.66,18.75,43800,0.0,0,05,2017,6
2017-06-06,18.56,18.89,18.52,18.6,3400,0.0,0,06,2017,6
2017-06-07,19.33,19.33,18.06,18.51,16700,0.0,0,07,2017,6
2017-06-08,18.42,19.58,18.42,19.41,31200,0.0,0,08,2017,6
2017-06-09,19.88,20.92,19.88,20.82,22700,0.0,0,09,2017,6
2017-06-12,20.99,21.29,19.85,20.05,41000,0.0,0,12,2017,6
2017-06-13,20.2,20.58,20.11,20.5,33100,0.0,0,13,2017,6
2017-06-14,20.45,20.79,20.03,20.2,42900,0.0,0,14,2017,6
2017-06-15,20.04,20.47,19.76,20.3,9700,0.0,0,15,2017,6
2017-06-16,20.08,20.59,19.43,19.75,64600,0.0,0,16,2017,6
2017-06-19,20.01,20.34,19.07,19.37,31200,0.0,0,19,2017,6
2017-06-20,19.33,19.35,18.97,18.97,9000,0.0,0,20,2017,6
2017-06-21,19.03,19.03,18.3,18.42,11100,0.0,0,21,2017,6
2017-06-22,18.55,18.6,18.45,18.55,6200,0.0,0,22,2017,6
2017-06-23,18.65,18.65,18.15,18.54,80900,0.0,0,23,2017,6
2017-06-26,18.6,18.81,18.36,18.51,51400,0.0,0,26,2017,6
2017-06-27,18.54,20.16,18.09,18.52,52300,0.0,0,27,2017,6
2017-06-28,18.6,19.7,18.6,19.21,24900,0.0,0,28,2017,6
2017-06-29,19.45,19.5,18.63,19.45,16700,0.0,0,29,2017,6
2017-06-30,19.55,19.62,19.36,19.48,11200,0.0,0,30,2017,6
2017-07-03,19.42,20.45,18.7,20.28,23600,0.0,0,03,2017,7
2017-07-05,20.05,20.37,19.87,19.96,15400,0.0,0,05,2017,7
2017-07-06,19.96,20.11,19.5,20.04,9500,0.0,0,06,2017,7
2017-07-07,20.04,20.41,19.79,20.25,9500,0.0,0,07,2017,7
2017-07-10,20.19,20.51,19.69,20.37,23300,0.0,0,10,2017,7
2017-07-11,20.37,20.57,19.41,20.36,25600,0.0,0,11,2017,7
2017-07-12,20.51,20.51,19.79,20.1,35300,0.0,0,12,2017,7
2017-07-13,20.09,20.09,19.61,19.86,31500,0.0,0,13,2017,7
2017-07-14,19.57,19.75,19.53,19.58,22300,0.0,0,14,2017,7
2017-07-17,19.44,19.66,19.27,19.4,33200,0.0,0,17,2017,7
2017-07-18,19.19,19.52,19.13,19.49,6600,0.0,0,18,2017,7
2017-07-19,19.51,19.75,19.21,19.34,13500,0.0,0,19,2017,7
2017-07-20,19.26,19.45,19.14,19.42,17500,0.0,0,20,2017,7
2017-07-21,19.58,19.66,19.14,19.29,33800,0.0,0,21,2017,7
2017-07-24,19.09,19.72,18.88,18.95,26200,0.0,0,24,2017,7
2017-07-25,19.34,20.39,19.26,20.23,58100,0.0,0,25,2017,7
2017-07-26,20.45,20.84,20.25,20.25,17400,0.0,0,26,2017,7
2017-07-27,20.52,20.64,20.08,20.17,11500,0.0,0,27,2017,7
2017-07-28,20.17,20.41,20.17,20.29,6600,0.0,0,28,2017,7
2017-07-31,20.22,20.5,19.74,20.37,46500,0.0,0,31,2017,7
2017-08-01,20.5,20.52,20.17,20.38,13400,0.0,0,01,2017,8
2017-08-02,20.22,20.52,20.05,20.31,9500,0.0,0,02,2017,8
2017-08-03,20.41,20.46,19.91,19.96,12900,0.0,0,03,2017,8
2017-08-04,20.17,20.53,20.04,20.34,36000,0.0,0,04,2017,8
2017-08-07,20.57,20.57,19.99,20.35,12400,0.0,0,07,2017,8
2017-08-08,20.28,20.53,20.12,20.33,10000,0.0,0,08,2017,8
2017-08-09,20.23,20.32,19.86,19.93,14000,0.0,0,09,2017,8
2017-08-10,19.91,20.08,19.83,19.94,38900,0.0,0,10,2017,8
2017-08-11,19.99,20.06,19.57,19.84,22900,0.0,0,11,2017,8
2017-08-14,19.96,20.23,19.77,20.22,22800,0.0,0,14,2017,8
2017-08-15,20.26,20.41,20.26,20.37,5900,0.0,0,15,2017,8
2017-08-16,20.43,20.5,20.17,20.2,5500,0.0,0,16,2017,8
2017-08-17,20.16,20.16,19.66,19.74,13700,0.0,0,17,2017,8
2017-08-18,19.56,19.66,19.31,19.37,28000,0.0,0,18,2017,8
2017-08-21,19.32,19.78,19.13,19.61,49700,0.0,0,21,2017,8
2017-08-22,19.69,19.83,19.56,19.61,9900,0.0,0,22,2017,8
2017-08-23,19.48,19.7,19.4,19.45,21300,0.0,0,23,2017,8
2017-08-24,19.47,19.51,19.4,19.45,9200,0.0,0,24,2017,8
2017-08-25,19.46,20.23,19.46,19.92,49000,0.0,0,25,2017,8
2017-08-28,19.98,20.14,19.41,19.71,33200,0.0,0,28,2017,8
2017-08-29,19.43,19.88,19.43,19.7,27500,0.0,0,29,2017,8
2017-08-30,19.72,20.0,19.46,19.51,28800,0.07,0,30,2017,8
2017-08-31,19.59,20.13,19.59,19.87,19000,0.07,0,31,2017,8
2017-09-01,19.83,19.97,19.73,19.81,12600,0.0,0,01,2017,9
2017-09-05,19.67,20.16,19.48,19.58,24600,0.0,0,05,2017,9
2017-09-06,19.78,20.05,19.66,19.81,14000,0.0,0,06,2017,9
2017-09-07,19.61,19.81,18.98,19.22,39400,0.0,0,07,2017,9
2017-09-08,19.26,19.35,19.09,19.21,43100,0.0,0,08,2017,9
2017-09-11,19.37,19.93,19.3,19.74,31700,0.0,0,11,2017,9
2017-09-12,19.93,20.07,19.93,19.99,39100,0.0,0,12,2017,9
2017-09-13,20.07,20.26,20.07,20.17,25000,0.0,0,13,2017,9
2017-09-14,20.17,20.28,20.14,20.15,28000,0.0,0,14,2017,9
2017-09-15,20.16,20.21,19.72,19.96,100900,0.0,0,15,2017,9
2017-09-18,20.06,20.22,19.87,20.13,44700,0.0,0,18,2017,9
2017-09-19,20.17,20.39,20.13,20.22,55300,0.0,0,19,2017,9
2017-09-20,20.22,20.33,20.09,20.18,80000,0.0,0,20,2017,9
2017-09-21,20.26,20.73,20.16,20.7,59000,0.0,0,21,2017,9
2017-09-22,20.66,21.74,20.65,21.63,103200,0.0,0,22,2017,9
2017-09-25,21.64,22.06,21.18,21.97,64100,0.0,0,25,2017,9
2017-09-26,21.99,22.49,21.98,22.34,35100,0.0,0,26,2017,9
2017-09-27,22.62,23.61,22.35,23.37,38300,0.0,0,27,2017,9
2017-09-28,23.17,23.48,22.92,23.42,17200,0.0,0,28,2017,9
2017-09-29,23.46,23.57,23.05,23.06,39700,0.0,0,29,2017,9
2017-10-02,23.0,23.27,22.77,23.05,46000,0.0,0,02,2017,10
2017-10-03,23.15,23.26,22.87,23.22,14700,0.0,0,03,2017,10
2017-10-04,23.5,23.5,22.71,22.9,17100,0.0,0,04,2017,10
2017-10-05,22.89,23.17,22.63,23.03,13000,0.0,0,05,2017,10
2017-10-06,23.05,23.29,22.93,23.23,15100,0.0,0,06,2017,10
2017-10-09,23.3,23.56,23.24,23.48,17300,0.0,0,09,2017,10
2017-10-10,23.64,23.97,23.46,23.86,17600,0.0,0,10,2017,10
2017-10-11,23.71,24.13,23.58,23.9,29000,0.0,0,11,2017,10
2017-10-12,24.35,24.35,23.6,23.65,21100,0.0,0,12,2017,10
2017-10-13,23.64,23.72,23.5,23.56,12100,0.0,0,13,2017,10
2017-10-16,23.57,23.75,23.24,23.69,12900,0.0,0,16,2017,10
2017-10-17,23.58,23.81,23.24,23.26,35600,0.0,0,17,2017,10
2017-10-18,23.41,23.68,23.41,23.58,8400,0.0,0,18,2017,10
2017-10-19,23.52,23.77,23.42,23.75,7300,0.0,0,19,2017,10
2017-10-20,24.09,24.09,23.84,23.97,30800,0.0,0,20,2017,10
2017-10-23,23.9,23.92,23.63,23.64,14000,0.0,0,23,2017,10
2017-10-24,23.82,23.82,22.7,22.83,23700,0.0,0,24,2017,10
2017-10-25,22.79,23.46,22.35,23.42,15800,0.0,0,25,2017,10
2017-10-26,23.55,24.34,23.55,24.24,29500,0.0,0,26,2017,10
2017-10-27,24.22,24.98,24.02,24.91,26800,0.0,0,27,2017,10
2017-10-30,24.89,24.89,23.09,23.17,42800,0.0,0,30,2017,10
2017-10-31,23.19,24.12,23.19,23.68,32700,0.0,0,31,2017,10
2017-11-01,23.9,24.0,23.08,23.24,24300,0.0,0,01,2017,11
2017-11-02,23.29,23.81,23.24,23.72,13500,0.0,0,02,2017,11
2017-11-03,23.7,23.7,23.36,23.41,12100,0.0,0,03,2017,11
2017-11-06,23.42,23.72,23.14,23.23,14900,0.0,0,06,2017,11
2017-11-07,23.26,23.26,22.45,22.46,13500,0.0,0,07,2017,11
2017-11-08,22.27,22.39,21.66,22.0,21100,0.0,0,08,2017,11
2017-11-09,21.88,22.25,21.37,21.98,22500,0.0,0,09,2017,11
2017-11-10,21.97,22.28,21.85,21.91,15600,0.0,0,10,2017,11
2017-11-13,21.87,22.18,21.33,22.11,24600,0.0,0,13,2017,11
2017-11-14,22.41,22.41,22.18,22.37,20500,0.0,0,14,2017,11
2017-11-15,22.15,22.8,22.15,22.62,19700,0.0,0,15,2017,11
2017-11-16,22.71,23.23,22.52,22.93,15700,0.0,0,16,2017,11
2017-11-17,22.76,22.85,22.23,22.73,20600,0.0,0,17,2017,11
2017-11-20,22.65,23.27,22.65,23.25,12000,0.0,0,20,2017,11
2017-11-21,23.25,23.53,23.25,23.44,14900,0.0,0,21,2017,11
2017-11-22,23.24,23.62,23.17,23.25,21500,0.0,0,22,2017,11
2017-11-24,23.38,23.38,22.86,23.01,3700,0.0,0,24,2017,11
2017-11-27,22.91,23.39,22.91,23.18,10200,0.0,0,27,2017,11
2017-11-28,23.29,24.16,23.22,24.08,18200,0.0,0,28,2017,11
2017-11-29,23.94,24.96,23.79,24.85,9200,0.0,0,29,2017,11
2017-11-30,24.97,24.97,24.09,24.28,31600,0.0,0,30,2017,11
2017-12-01,24.36,24.36,23.23,24.0,16700,0.07,0,01,2017,12
2017-12-04,24.48,24.52,21.84,24.18,12500,0.0,0,04,2017,12
2017-12-05,24.01,24.34,23.57,23.57,18800,0.0,0,05,2017,12
2017-12-06,23.42,24.08,23.28,23.38,15500,0.0,0,06,2017,12
2017-12-07,23.19,23.83,23.13,23.24,18500,0.0,0,07,2017,12
2017-12-08,23.34,23.34,22.94,23.08,22100,0.0,0,08,2017,12
2017-12-11,23.47,23.48,23.01,23.1,15000,0.0,0,11,2017,12
2017-12-12,23.21,24.22,23.0,23.35,10400,0.0,0,12,2017,12
2017-12-13,23.07,24.01,23.07,23.5,15100,0.0,0,13,2017,12
2017-12-14,23.4,23.93,22.68,22.68,13700,0.0,0,14,2017,12
2017-12-15,22.6,23.9,22.6,23.61,70600,0.0,0,15,2017,12
2017-12-18,23.76,24.1,23.25,24.03,18200,0.0,0,18,2017,12
2017-12-19,23.99,24.04,23.17,23.45,15200,0.0,0,19,2017,12
2017-12-20,23.35,24.32,23.25,24.0,17700,0.0,0,20,2017,12
2017-12-21,24.1,24.32,23.92,23.94,18700,0.0,0,21,2017,12
2017-12-22,24.13,24.13,23.5,23.59,9700,0.0,0,22,2017,12
2017-12-26,23.48,23.48,22.85,22.94,10300,0.0,0,26,2017,12
2017-12-27,23.01,23.16,21.71,22.74,13900,0.0,0,27,2017,12
2017-12-28,22.85,23.02,22.75,22.83,6300,0.0,0,28,2017,12
2017-12-29,22.62,22.73,22.08,22.09,15400,0.0,0,29,2017,12
2018-01-02,22.33,22.79,22.06,22.13,25600,0.0,0,02,2018,1
2018-01-03,22.15,23.15,22.15,22.5,15600,0.0,0,03,2018,1
2018-01-04,22.57,22.94,22.43,22.44,15000,0.0,0,04,2018,1
2018-01-05,22.51,22.56,22.03,22.49,28200,0.0,0,05,2018,1
2018-01-08,22.49,22.75,22.45,22.58,7500,0.0,0,08,2018,1
2018-01-09,22.68,23.0,22.02,22.56,7100,0.0,0,09,2018,1
2018-01-10,22.48,22.78,22.48,22.6,11600,0.0,0,10,2018,1
2018-01-11,22.72,23.25,22.72,23.14,10800,0.0,0,11,2018,1
2018-01-12,23.09,23.41,22.89,23.1,10400,0.0,0,12,2018,1
2018-01-16,23.36,23.59,23.06,23.22,11300,0.0,0,16,2018,1
2018-01-17,23.21,23.21,22.87,23.09,14600,0.0,0,17,2018,1
2018-01-18,23.15,23.43,22.61,22.62,6800,0.0,0,18,2018,1
2018-01-19,22.56,23.12,22.03,23.12,22500,0.0,0,19,2018,1
2018-01-22,23.12,23.12,21.96,22.87,7400,0.0,0,22,2018,1
2018-01-23,22.82,23.55,22.18,22.48,21700,0.0,0,23,2018,1
2018-01-24,23.3,23.42,22.66,22.7,12700,0.0,0,24,2018,1
2018-01-25,22.89,22.89,22.15,22.21,18400,0.0,0,25,2018,1
2018-01-26,22.46,22.8,22.37,22.57,10300,0.0,0,26,2018,1
2018-01-29,22.49,22.78,22.29,22.59,12700,0.0,0,29,2018,1
2018-01-30,22.54,22.95,22.54,22.83,11300,0.0,0,30,2018,1
2018-01-31,22.95,25.36,22.78,23.62,54400,0.0,0,31,2018,1
2018-02-01,23.46,24.18,23.46,24.04,19700,0.0,0,01,2018,2
2018-02-02,24.17,24.24,23.88,24.03,27700,0.0,0,02,2018,2
2018-02-05,23.65,24.13,23.11,23.22,17500,0.0,0,05,2018,2
2018-02-06,22.66,24.56,22.66,23.17,37000,0.0,0,06,2018,2
2018-02-07,23.24,23.39,21.99,23.19,7700,0.0,0,07,2018,2
2018-02-08,23.36,23.36,22.68,22.69,15800,0.0,0,08,2018,2
2018-02-09,23.17,23.59,23.02,23.49,32400,0.0,0,09,2018,2
2018-02-12,23.51,23.54,23.2,23.26,20800,0.0,0,12,2018,2
2018-02-13,23.18,23.43,23.11,23.2,12000,0.0,0,13,2018,2
2018-02-14,22.95,23.47,22.95,23.26,42600,0.0,0,14,2018,2
2018-02-15,23.4,23.55,23.31,23.49,7300,0.0,0,15,2018,2
2018-02-16,23.51,23.93,23.51,23.61,15900,0.0,0,16,2018,2
2018-02-20,23.46,23.56,22.98,23.4,15600,0.0,0,20,2018,2
2018-02-21,23.39,23.89,23.21,23.44,17800,0.0,0,21,2018,2
2018-02-22,23.46,23.61,23.14,23.29,9000,0.0,0,22,2018,2
2018-02-23,23.3,23.69,23.3,23.68,7500,0.0,0,23,2018,2
2018-02-26,23.84,23.84,23.46,23.74,9800,0.0,0,26,2018,2
2018-02-27,23.45,23.79,23.27,23.34,20000,0.0,0,27,2018,2
2018-02-28,23.34,23.34,23.09,23.11,36500,0.0,0,28,2018,2
2018-03-01,23.11,23.43,23.11,23.31,16800,0.0,0,01,2018,3
2018-03-02,23.19,23.82,23.18,23.71,17300,0.07,0,02,2018,3
2018-03-05,23.7,24.12,23.49,23.95,18600,0.0,0,05,2018,3
2018-03-06,23.81,24.2,23.81,24.17,23700,0.0,0,06,2018,3
2018-03-07,23.97,24.38,23.94,24.33,29200,0.0,0,07,2018,3
2018-03-08,24.11,24.22,23.92,23.99,15300,0.0,0,08,2018,3
2018-03-09,24.28,24.63,24.04,24.62,36500,0.0,0,09,2018,3
2018-03-12,24.62,25.11,24.62,25.02,28200,0.0,0,12,2018,3
2018-03-13,25.11,25.38,24.82,25.08,34000,0.0,0,13,2018,3
2018-03-14,25.11,25.11,24.39,24.62,16200,0.0,0,14,2018,3
2018-03-15,24.67,25.11,24.53,25.1,15100,0.0,0,15,2018,3
2018-03-16,25.05,25.59,24.82,25.55,68100,0.0,0,16,2018,3
2018-03-19,25.56,25.6,25.1,25.6,13100,0.0,0,19,2018,3
2018-03-20,25.57,25.57,25.06,25.12,14800,0.0,0,20,2018,3
2018-03-21,25.31,25.31,24.97,25.01,20800,0.0,0,21,2018,3
2018-03-22,24.88,25.0,24.23,24.24,17600,0.0,0,22,2018,3
2018-03-23,24.32,24.32,23.46,23.59,32600,0.0,0,23,2018,3
2018-03-26,24.05,24.38,23.77,24.14,48100,0.0,0,26,2018,3
2018-03-27,24.77,25.02,24.17,24.17,18300,0.0,0,27,2018,3
2018-03-28,24.36,24.8,23.13,24.43,21100,0.0,0,28,2018,3
2018-03-29,24.47,24.69,23.71,23.91,62100,0.0,0,29,2018,3
2018-04-02,23.88,24.71,23.09,23.26,103700,0.0,0,02,2018,4
2018-04-03,23.33,23.49,23.23,23.35,41700,0.0,0,03,2018,4
2018-04-04,23.2,24.05,23.2,23.83,32100,0.0,0,04,2018,4
2018-04-05,23.91,24.35,23.65,24.21,28200,0.0,0,05,2018,4
2018-04-06,24.03,24.21,23.56,23.78,16000,0.0,0,06,2018,4
2018-04-09,23.95,24.04,23.65,23.82,5500,0.0,0,09,2018,4
2018-04-10,23.92,24.34,23.7,24.26,20000,0.0,0,10,2018,4
2018-04-11,24.21,25.06,23.91,24.06,15900,0.0,0,11,2018,4
2018-04-12,24.37,24.39,24.13,24.17,12800,0.0,0,12,2018,4
2018-04-13,24.34,24.34,23.82,23.86,7000,0.0,0,13,2018,4
2018-04-16,24.08,24.39,23.88,24.17,13000,0.0,0,16,2018,4
2018-04-17,24.1,24.42,23.77,23.94,22000,0.0,0,17,2018,4
2018-04-18,24.06,24.18,23.88,23.92,10300,0.0,0,18,2018,4
2018-04-19,23.95,24.37,23.95,24.24,8800,0.0,0,19,2018,4
2018-04-20,24.2,24.88,24.1,24.41,13200,0.0,0,20,2018,4
2018-04-23,24.4,24.4,23.95,24.0,9600,0.0,0,23,2018,4
2018-04-24,24.06,24.06,23.28,23.48,16900,0.0,0,24,2018,4
2018-04-25,23.25,23.25,22.55,22.73,28200,0.0,0,25,2018,4
2018-04-26,22.78,23.38,22.63,23.21,23500,0.0,0,26,2018,4
2018-04-27,25.1,25.1,23.1,23.14,9300,0.0,0,27,2018,4
2018-04-30,23.28,23.77,21.57,21.62,48200,0.0,0,30,2018,4
2018-05-01,21.63,22.68,21.52,22.54,23500,0.0,0,01,2018,5
2018-05-02,22.54,22.92,22.35,22.39,35600,0.0,0,02,2018,5
2018-05-03,22.32,22.34,21.77,22.0,9500,0.0,0,03,2018,5
2018-05-04,21.8,22.18,21.8,21.95,6400,0.0,0,04,2018,5
2018-05-07,21.79,22.34,21.68,22.09,12300,0.0,0,07,2018,5
2018-05-08,21.97,22.72,21.97,22.58,24700,0.0,0,08,2018,5
2018-05-09,22.58,23.13,22.58,23.02,14900,0.0,0,09,2018,5
2018-05-10,22.85,23.23,22.81,23.18,21900,0.0,0,10,2018,5
2018-05-11,23.08,23.31,22.49,22.69,11900,0.0,0,11,2018,5
2018-05-14,22.6,22.85,22.15,22.25,12700,0.0,0,14,2018,5
2018-05-15,22.17,22.65,22.0,22.39,8500,0.0,0,15,2018,5
2018-05-16,22.48,22.84,22.42,22.53,20900,0.0,0,16,2018,5
2018-05-17,22.65,22.89,22.47,22.81,9100,0.0,0,17,2018,5
2018-05-18,22.94,23.25,22.62,22.68,12500,0.0,0,18,2018,5
2018-05-21,22.68,22.86,22.43,22.79,14800,0.0,0,21,2018,5
2018-05-22,22.76,22.98,22.36,22.62,29100,0.0,0,22,2018,5
2018-05-23,22.55,23.02,22.15,22.55,37500,0.0,0,23,2018,5
2018-05-24,23.2,23.2,22.28,22.49,33100,0.0,0,24,2018,5
2018-05-25,22.42,22.8,22.27,22.32,23400,0.0,0,25,2018,5
2018-05-29,22.21,22.34,21.71,21.94,16400,0.0,0,29,2018,5
2018-05-30,22.0,22.12,21.61,21.75,68100,0.0,0,30,2018,5
2018-05-31,21.8,22.17,21.62,21.77,29200,0.0,0,31,2018,5
2018-06-01,21.87,22.12,21.87,22.02,18800,0.0,0,01,2018,6
2018-06-04,21.95,22.39,21.8,22.32,19100,0.0,0,04,2018,6
2018-06-05,22.21,22.66,22.15,22.56,13200,0.0,0,05,2018,6
2018-06-06,22.55,23.28,22.55,23.18,24900,0.0,0,06,2018,6
2018-06-07,23.3,23.3,22.75,22.88,31100,0.0,0,07,2018,6
2018-06-08,22.94,23.16,22.81,23.03,19000,0.07,0,08,2018,6
2018-06-11,23.39,23.41,22.78,22.91,23100,0.0,0,11,2018,6
2018-06-12,22.86,22.92,22.76,22.91,37000,0.0,0,12,2018,6
2018-06-13,22.81,23.32,22.81,23.19,24900,0.0,0,13,2018,6
2018-06-14,23.39,23.39,22.87,23.19,20300,0.0,0,14,2018,6
2018-06-15,23.06,23.74,22.99,23.59,48400,0.0,0,15,2018,6
2018-06-18,23.78,23.92,23.5,23.64,30600,0.0,0,18,2018,6
2018-06-19,23.58,24.21,23.42,23.96,23800,0.0,0,19,2018,6
2018-06-20,24.08,24.22,23.49,24.19,27600,0.0,0,20,2018,6
2018-06-21,24.1,24.5,23.93,24.19,23100,0.0,0,21,2018,6
2018-06-22,24.4,24.43,23.71,23.98,103000,0.0,0,22,2018,6
2018-06-25,23.99,24.18,23.67,23.76,29900,0.0,0,25,2018,6
2018-06-26,23.87,24.11,23.64,23.93,16800,0.0,0,26,2018,6
2018-06-27,24.76,24.76,23.4,23.43,42100,0.0,0,27,2018,6
2018-06-28,23.4,23.72,22.95,23.35,36100,0.0,0,28,2018,6
2018-06-29,23.43,23.44,22.82,22.89,32400,0.0,0,29,2018,6
2018-07-02,22.87,23.47,22.87,23.47,24400,0.0,0,02,2018,7
2018-07-03,23.48,23.78,23.4,23.47,7600,0.0,0,03,2018,7
2018-07-05,23.51,23.82,23.39,23.67,14600,0.0,0,05,2018,7
2018-07-06,23.79,23.85,23.71,23.77,14700,0.0,0,06,2018,7
2018-07-09,23.87,24.46,23.87,24.37,17900,0.0,0,09,2018,7
2018-07-10,24.61,24.61,24.01,24.24,28200,0.0,0,10,2018,7
2018-07-11,24.11,24.41,24.05,24.09,17000,0.0,0,11,2018,7
2018-07-12,23.97,24.19,23.77,24.1,31800,0.0,0,12,2018,7
2018-07-13,24.03,24.55,23.85,23.98,16900,0.0,0,13,2018,7
2018-07-16,24.03,24.13,23.85,24.07,17100,0.0,0,16,2018,7
2018-07-17,24.19,24.52,24.18,24.24,19600,0.0,0,17,2018,7
2018-07-18,24.28,24.46,24.12,24.22,15700,0.0,0,18,2018,7
2018-07-19,24.14,24.48,24.11,24.22,7700,0.0,0,19,2018,7
2018-07-20,24.15,24.91,24.15,24.75,13900,0.0,0,20,2018,7
2018-07-23,24.66,25.1,24.66,24.86,10300,0.0,0,23,2018,7
2018-07-24,24.86,25.03,24.08,24.12,26500,0.0,0,24,2018,7
2018-07-25,24.15,24.31,24.01,24.12,18500,0.0,0,25,2018,7
2018-07-26,24.2,24.8,23.74,24.44,15000,0.0,0,26,2018,7
2018-07-27,24.26,24.26,23.19,23.4,28500,0.0,0,27,2018,7
2018-07-30,23.42,23.59,23.28,23.43,18700,0.0,0,30,2018,7
2018-07-31,23.4,23.57,23.36,23.46,9300,0.0,0,31,2018,7
2018-08-01,23.41,23.66,23.17,23.39,20900,0.0,0,01,2018,8
2018-08-02,23.24,23.54,23.23,23.42,14000,0.0,0,02,2018,8
2018-08-03,23.41,23.85,23.16,23.17,11900,0.0,0,03,2018,8
2018-08-06,23.27,23.47,23.09,23.34,16400,0.0,0,06,2018,8
2018-08-07,23.61,23.62,22.68,23.28,43000,0.0,0,07,2018,8
2018-08-08,23.31,23.84,23.17,23.71,14500,0.0,0,08,2018,8
2018-08-09,23.42,23.86,23.42,23.58,12500,0.0,0,09,2018,8
2018-08-10,23.43,23.66,23.25,23.6,12100,0.0,0,10,2018,8
2018-08-13,23.7,23.77,23.57,23.59,13000,0.0,0,13,2018,8
2018-08-14,23.69,23.98,23.47,23.88,12000,0.0,0,14,2018,8
2018-08-15,23.8,23.8,23.4,23.5,12600,0.0,0,15,2018,8
2018-08-16,23.7,23.98,23.7,23.97,11900,0.0,0,16,2018,8
2018-08-17,23.8,24.22,23.8,24.19,29000,0.0,0,17,2018,8
2018-08-20,24.06,24.1,23.85,23.88,6800,0.0,0,20,2018,8
2018-08-21,23.83,24.3,23.81,24.09,13600,0.0,0,21,2018,8
2018-08-22,24.17,24.46,24.17,24.39,14000,0.0,0,22,2018,8
2018-08-23,24.48,24.48,24.2,24.3,5700,0.0,0,23,2018,8
2018-08-24,24.41,24.45,24.0,24.08,10200,0.0,0,24,2018,8
2018-08-27,24.34,24.34,23.75,23.75,14700,0.0,0,27,2018,8
2018-08-28,23.76,23.93,23.5,23.55,12200,0.0,0,28,2018,8
2018-08-29,23.66,23.8,23.35,23.68,9400,0.0,0,29,2018,8
2018-08-30,23.6,23.79,23.49,23.66,9400,0.0,0,30,2018,8
2018-08-31,23.65,23.94,23.57,23.84,14400,0.09,0,31,2018,8
2018-09-04,23.72,23.96,23.53,23.54,14700,0.0,0,04,2018,9
2018-09-05,23.79,23.79,23.49,23.53,11900,0.0,0,05,2018,9
2018-09-06,23.55,23.61,23.23,23.36,21600,0.0,0,06,2018,9
2018-09-07,23.22,23.68,22.89,23.57,17400,0.0,0,07,2018,9
2018-09-10,23.77,23.98,23.43,23.48,16500,0.0,0,10,2018,9
2018-09-11,23.34,23.63,23.24,23.28,19200,0.0,0,11,2018,9
2018-09-12,23.34,23.34,23.11,23.26,22700,0.0,0,12,2018,9
2018-09-13,23.38,23.56,23.21,23.37,5600,0.0,0,13,2018,9
2018-09-14,23.29,23.69,23.29,23.49,10600,0.0,0,14,2018,9
2018-09-17,23.46,23.68,23.11,23.35,19300,0.0,0,17,2018,9
2018-09-18,23.56,23.59,23.13,23.14,11200,0.0,0,18,2018,9
2018-09-19,23.18,23.38,23.1,23.14,18400,0.0,0,19,2018,9
2018-09-20,23.37,23.66,23.18,23.45,18200,0.0,0,20,2018,9
2018-09-21,23.37,23.63,23.24,23.37,35200,0.0,0,21,2018,9
2018-09-24,23.49,23.49,23.0,23.09,16400,0.0,0,24,2018,9
2018-09-25,23.29,23.29,22.64,22.84,25500,0.0,0,25,2018,9
2018-09-26,22.95,23.11,22.68,22.75,11600,0.0,0,26,2018,9
2018-09-27,22.8,23.12,22.55,22.62,15200,0.0,0,27,2018,9
2018-09-28,22.94,22.94,22.58,22.69,12700,0.0,0,28,2018,9
2018-10-01,22.75,23.15,22.35,22.41,26000,0.0,0,01,2018,10
2018-10-02,19.66,22.72,19.66,22.47,17500,0.0,0,02,2018,10
2018-10-03,22.4,22.99,21.39,22.93,14100,0.0,0,03,2018,10
2018-10-04,22.71,23.48,22.67,23.0,20000,0.0,0,04,2018,10
2018-10-05,22.69,23.31,22.69,22.91,10700,0.0,0,05,2018,10
2018-10-08,23.0,23.28,22.44,23.18,15400,0.0,0,08,2018,10
2018-10-09,22.83,23.65,22.83,23.46,16400,0.0,0,09,2018,10
2018-10-10,23.58,23.74,23.46,23.49,20100,0.0,0,10,2018,10
2018-10-11,23.36,23.48,23.0,23.02,15100,0.0,0,11,2018,10
2018-10-12,23.15,23.15,21.94,22.47,29800,0.0,0,12,2018,10
2018-10-15,22.33,23.24,22.32,22.57,19100,0.0,0,15,2018,10
2018-10-16,22.56,22.99,22.26,22.9,14700,0.0,0,16,2018,10
2018-10-17,22.71,23.18,22.71,22.86,11900,0.0,0,17,2018,10
2018-10-18,22.72,22.95,22.51,22.63,8900,0.0,0,18,2018,10
2018-10-19,22.47,22.79,22.05,22.05,14000,0.0,0,19,2018,10
2018-10-22,22.07,22.87,21.67,21.76,19900,0.0,0,22,2018,10
2018-10-23,22.1,22.18,19.37,21.56,14500,0.0,0,23,2018,10
2018-10-24,21.69,23.61,21.67,21.95,18700,0.0,0,24,2018,10
2018-10-25,21.72,22.67,21.37,22.67,20700,0.0,0,25,2018,10
2018-10-26,22.32,23.3,22.25,22.7,12400,0.0,0,26,2018,10
2018-10-29,22.96,24.03,21.86,23.28,21200,0.0,0,29,2018,10
2018-10-30,23.45,23.73,23.34,23.56,11100,0.0,0,30,2018,10
2018-10-31,23.78,23.81,22.98,23.04,15100,0.0,0,31,2018,10
2018-11-01,22.93,23.53,22.93,23.39,17200,0.0,0,01,2018,11
2018-11-02,23.35,23.71,23.34,23.52,14500,0.0,0,02,2018,11
2018-11-05,23.44,23.75,23.05,23.63,10400,0.0,0,05,2018,11
2018-11-06,23.95,23.97,23.75,23.75,2500,0.0,0,06,2018,11
2018-11-07,23.89,24.07,23.89,24.07,10200,0.0,0,07,2018,11
2018-11-08,24.07,24.45,23.69,24.45,14000,0.0,0,08,2018,11
2018-11-09,24.07,24.43,23.99,24.15,13300,0.0,0,09,2018,11
2018-11-12,24.23,24.7,23.77,24.26,16500,0.0,0,12,2018,11
2018-11-13,24.56,24.7,24.06,24.32,11700,0.0,0,13,2018,11
2018-11-14,24.31,24.64,24.03,24.05,18000,0.0,0,14,2018,11
2018-11-15,24.15,24.71,24.15,24.41,17900,0.0,0,15,2018,11
2018-11-16,24.18,24.48,24.13,24.39,20800,0.0,0,16,2018,11
2018-11-19,24.3,24.79,23.73,24.31,8200,0.0,0,19,2018,11
2018-11-20,24.21,24.63,23.89,23.89,19500,0.0,0,20,2018,11
2018-11-21,23.95,24.51,23.84,24.09,10300,0.0,0,21,2018,11
2018-11-23,23.96,24.41,23.96,24.41,9600,0.0,0,23,2018,11
2018-11-26,24.41,24.79,24.41,24.67,53100,0.0,0,26,2018,11
2018-11-27,24.5,24.7,24.45,24.66,49200,0.0,0,27,2018,11
2018-11-28,24.79,26.09,24.7,26.09,30500,0.0,0,28,2018,11
2018-11-29,26.15,26.15,25.58,25.9,35600,0.0,0,29,2018,11
2018-11-30,26.03,26.26,25.85,26.26,56800,0.09,0,30,2018,11
2018-12-03,26.29,26.29,25.9,26.09,14500,0.0,0,03,2018,12
2018-12-04,26.02,26.02,23.87,24.0,23700,0.0,0,04,2018,12
2018-12-06,23.73,24.05,22.99,23.94,18900,0.0,0,06,2018,12
2018-12-07,23.95,24.21,23.61,23.98,25900,0.0,0,07,2018,12
2018-12-10,24.11,24.8,23.83,24.42,32500,0.0,0,10,2018,12
2018-12-11,24.62,24.72,24.29,24.57,12000,0.0,0,11,2018,12
2018-12-12,24.95,25.52,24.85,25.17,24000,0.0,0,12,2018,12
2018-12-13,24.98,26.15,24.04,24.44,17700,0.0,0,13,2018,12
2018-12-14,24.43,24.58,23.92,24.2,14900,0.0,0,14,2018,12
2018-12-17,24.2,24.2,22.99,23.15,32400,0.0,0,17,2018,12
2018-12-18,23.34,23.7,23.08,23.18,19100,0.0,0,18,2018,12
2018-12-19,23.14,23.57,22.17,22.27,40400,0.0,0,19,2018,12
2018-12-20,22.28,23.07,22.28,22.9,61700,0.0,0,20,2018,12
2018-12-21,22.93,23.48,22.51,22.62,75300,0.0,0,21,2018,12
2018-12-24,22.53,23.65,21.77,21.77,5900,0.0,0,24,2018,12
2018-12-26,22.39,23.12,21.72,22.71,23100,0.0,0,26,2018,12
2018-12-27,22.36,22.84,21.28,21.85,34800,0.0,0,27,2018,12
2018-12-28,21.85,22.63,21.75,22.39,23900,0.0,0,28,2018,12
2018-12-31,22.4,22.86,22.4,22.64,23700,0.0,0,31,2018,12
2019-01-02,22.47,22.84,21.88,22.82,33500,0.0,0,02,2019,1
2019-01-03,22.75,23.2,22.67,22.85,7400,0.0,0,03,2019,1
2019-01-04,23.09,23.4,22.61,23.17,14600,0.0,0,04,2019,1
2019-01-07,23.12,23.37,23.02,23.29,16600,0.0,0,07,2019,1
2019-01-08,23.24,23.83,22.94,23.66,7600,0.0,0,08,2019,1
2019-01-09,23.68,23.83,23.33,23.42,13100,0.0,0,09,2019,1
2019-01-10,23.28,23.64,23.22,23.58,8900,0.0,0,10,2019,1
2019-01-11,23.57,23.57,23.03,23.5,14000,0.0,0,11,2019,1
2019-01-14,23.39,23.83,23.06,23.08,21400,0.0,0,14,2019,1
2019-01-15,23.1,23.42,22.85,23.1,38700,0.0,0,15,2019,1
2019-01-16,23.13,23.81,23.13,23.7,22900,0.0,0,16,2019,1
2019-01-17,23.7,24.29,23.7,24.12,27200,0.0,0,17,2019,1
2019-01-18,24.15,25.02,24.15,24.85,28200,0.0,0,18,2019,1
2019-01-22,24.94,24.96,24.01,24.01,19200,0.0,0,22,2019,1
2019-01-23,24.22,24.22,22.28,22.71,49400,0.0,0,23,2019,1
2019-01-24,22.74,23.33,22.59,23.27,15200,0.0,0,24,2019,1
2019-01-25,23.46,23.71,23.0,23.55,14900,0.0,0,25,2019,1
2019-01-28,23.51,23.64,23.12,23.32,8000,0.0,0,28,2019,1
2019-01-29,23.74,23.74,23.09,23.12,21100,0.0,0,29,2019,1
2019-01-30,22.87,23.46,22.73,23.46,18300,0.0,0,30,2019,1
2019-01-31,23.38,23.64,23.1,23.42,11000,0.0,0,31,2019,1
2019-02-01,23.55,23.57,23.27,23.41,27400,0.0,0,01,2019,2
2019-02-04,23.53,23.83,23.51,23.71,47000,0.0,0,04,2019,2
2019-02-05,23.61,24.24,23.61,23.82,15500,0.0,0,05,2019,2
2019-02-06,23.74,24.14,23.73,23.78,13600,0.0,0,06,2019,2
2019-02-07,23.88,23.9,23.66,23.89,15000,0.0,0,07,2019,2
2019-02-08,23.86,24.05,23.67,23.9,18900,0.0,0,08,2019,2
2019-02-11,23.89,23.98,23.85,23.9,15600,0.0,0,11,2019,2
2019-02-12,24.17,24.45,24.07,24.27,26500,0.0,0,12,2019,2
2019-02-13,24.39,24.39,24.21,24.33,9600,0.0,0,13,2019,2
2019-02-14,24.22,24.39,24.12,24.12,10100,0.0,0,14,2019,2
2019-02-15,24.24,24.79,24.2,24.49,22100,0.0,0,15,2019,2
2019-02-19,24.43,24.99,24.19,24.75,19100,0.0,0,19,2019,2
2019-02-20,24.15,25.24,24.15,25.03,17200,0.0,0,20,2019,2
2019-02-21,24.72,25.18,24.62,24.78,12400,0.0,0,21,2019,2
2019-02-22,24.92,25.0,24.54,25.0,12700,0.0,0,22,2019,2
2019-02-25,25.0,25.0,24.32,24.32,20400,0.0,0,25,2019,2
2019-02-26,24.38,24.38,24.08,24.08,10400,0.0,0,26,2019,2
2019-02-27,23.98,24.23,23.78,24.05,10700,0.0,0,27,2019,2
2019-02-28,24.05,24.28,23.85,24.08,10400,0.0,0,28,2019,2
2019-03-01,24.22,24.62,24.14,24.62,13000,0.0,0,01,2019,3
2019-03-04,24.47,24.9,24.03,24.2,6100,0.0,0,04,2019,3
2019-03-05,24.13,24.13,23.67,23.84,9100,0.0,0,05,2019,3
2019-03-06,24.02,24.1,23.02,23.07,18600,0.0,0,06,2019,3
2019-03-07,22.93,23.36,22.62,22.69,32600,0.0,0,07,2019,3
2019-03-08,22.58,22.95,22.3,22.92,29300,0.11,0,08,2019,3
2019-03-11,22.96,23.64,22.96,23.53,17100,0.0,0,11,2019,3
2019-03-12,23.6,23.6,23.04,23.24,4100,0.0,0,12,2019,3
2019-03-13,22.77,23.33,22.77,23.3,5600,0.0,0,13,2019,3
2019-03-14,23.22,23.35,23.0,23.02,8900,0.0,0,14,2019,3
2019-03-15,23.1,23.29,22.77,22.79,56500,0.0,0,15,2019,3
2019-03-18,23.11,23.25,22.88,23.08,12000,0.0,0,18,2019,3
2019-03-19,23.05,23.33,22.51,22.51,9500,0.0,0,19,2019,3
2019-03-20,22.38,22.45,21.97,21.98,22800,0.0,0,20,2019,3
2019-03-21,21.73,22.03,21.66,21.7,28900,0.0,0,21,2019,3
2019-03-22,21.59,21.7,20.62,20.83,36600,0.0,0,22,2019,3
2019-03-25,20.98,22.44,20.7,21.01,11200,0.0,0,25,2019,3
2019-03-26,21.39,21.52,20.93,21.26,21100,0.0,0,26,2019,3
2019-03-27,20.62,21.29,20.62,21.11,13200,0.0,0,27,2019,3
2019-03-28,21.57,21.57,21.37,21.47,2600,0.0,0,28,2019,3
2019-03-29,21.83,21.83,21.33,21.35,18100,0.0,0,29,2019,3
2019-04-01,21.47,21.6,21.42,21.6,8300,0.0,0,01,2019,4
2019-04-02,21.49,21.57,21.14,21.55,17000,0.0,0,02,2019,4
2019-04-03,21.57,21.8,21.45,21.75,15100,0.0,0,03,2019,4
2019-04-04,21.6,22.23,21.6,22.19,14100,0.0,0,04,2019,4
2019-04-05,22.13,22.87,22.13,22.83,15400,0.0,0,05,2019,4
2019-04-08,23.04,23.17,22.7,22.99,15500,0.0,0,08,2019,4
2019-04-09,23.09,23.09,22.64,22.71,8600,0.0,0,09,2019,4
2019-04-10,22.85,23.08,22.67,22.96,10800,0.0,0,10,2019,4
2019-04-11,23.03,23.03,22.64,22.64,4100,0.0,0,11,2019,4
2019-04-12,22.86,23.06,22.67,22.8,10400,0.0,0,12,2019,4
2019-04-15,22.73,23.1,22.61,22.82,7300,0.0,0,15,2019,4
2019-04-16,22.81,23.2,22.81,22.9,7400,0.0,0,16,2019,4
2019-04-17,23.0,23.23,22.66,23.09,13400,0.0,0,17,2019,4
2019-04-18,22.96,23.23,22.69,23.02,8500,0.0,0,18,2019,4
2019-04-22,22.3,22.39,21.39,21.7,10700,0.0,0,22,2019,4
2019-04-23,21.56,22.72,21.56,22.29,5400,0.0,0,23,2019,4
2019-04-24,22.22,22.86,22.05,22.47,14200,0.0,0,24,2019,4
2019-04-25,22.31,22.36,21.98,22.09,6200,0.0,0,25,2019,4
2019-04-26,22.72,22.72,22.05,22.37,3400,0.0,0,26,2019,4
2019-04-29,22.55,22.83,22.55,22.82,11300,0.0,0,29,2019,4
2019-04-30,22.73,22.94,22.26,22.49,20000,0.0,0,30,2019,4
2019-05-01,22.77,22.89,22.32,22.33,23200,0.0,0,01,2019,5
2019-05-02,22.7,22.74,22.42,22.57,10400,0.0,0,02,2019,5
2019-05-03,22.61,22.75,22.56,22.73,27300,0.0,0,03,2019,5
2019-05-06,22.58,23.29,22.13,22.89,21900,0.0,0,06,2019,5
2019-05-07,22.75,23.04,22.6,22.6,9300,0.0,0,07,2019,5
2019-05-08,22.3,22.99,22.3,22.64,5200,0.0,0,08,2019,5
2019-05-09,22.67,23.33,22.67,23.27,14300,0.0,0,09,2019,5
2019-05-10,23.11,23.5,23.1,23.43,11000,0.0,0,10,2019,5
2019-05-13,23.13,23.65,22.51,22.58,8800,0.0,0,13,2019,5
2019-05-14,22.75,23.4,22.56,22.79,15000,0.0,0,14,2019,5
2019-05-15,22.61,22.92,22.27,22.35,11100,0.0,0,15,2019,5
2019-05-16,22.57,22.57,22.04,22.35,7400,0.0,0,16,2019,5
2019-05-17,22.22,22.77,22.06,22.46,7400,0.0,0,17,2019,5
2019-05-20,22.26,22.75,21.99,22.51,33800,0.0,0,20,2019,5
2019-05-21,22.6,23.16,22.6,22.9,34700,0.0,0,21,2019,5
2019-05-22,22.54,23.24,22.5,23.04,10900,0.0,0,22,2019,5
2019-05-23,22.75,23.33,22.47,22.74,13900,0.0,0,23,2019,5
2019-05-24,22.7,23.13,22.54,23.13,7500,0.0,0,24,2019,5
2019-05-28,22.94,23.23,22.77,23.04,13100,0.0,0,28,2019,5
2019-05-29,22.75,23.13,22.75,22.97,53700,0.0,0,29,2019,5
2019-05-30,22.88,23.26,22.88,23.12,48700,0.0,0,30,2019,5
2019-05-31,22.79,23.18,22.75,22.95,22000,0.0,0,31,2019,5
2019-06-03,23.05,23.15,22.68,22.76,70500,0.0,0,03,2019,6
2019-06-04,23.09,23.23,23.01,23.23,22700,0.0,0,04,2019,6
2019-06-05,23.16,23.24,23.07,23.21,17800,0.0,0,05,2019,6
2019-06-06,23.24,23.24,23.06,23.21,16700,0.0,0,06,2019,6
2019-06-07,23.19,23.34,23.14,23.34,11200,0.11,0,07,2019,6
2019-06-10,23.35,23.99,21.56,23.94,29700,0.0,0,10,2019,6
2019-06-11,24.16,24.29,23.57,23.98,67800,0.0,0,11,2019,6
2019-06-12,23.69,24.3,23.69,24.12,27200,0.0,0,12,2019,6
2019-06-13,24.27,24.27,23.61,24.11,21900,0.0,0,13,2019,6
2019-06-14,24.23,24.37,23.93,24.29,30800,0.0,0,14,2019,6
2019-06-17,24.36,24.37,23.83,24.15,20400,0.0,0,17,2019,6
2019-06-18,23.85,24.37,23.85,24.37,17000,0.0,0,18,2019,6
2019-06-19,24.47,24.47,24.12,24.28,18200,0.0,0,19,2019,6
2019-06-20,24.45,24.45,23.94,24.28,21500,0.0,0,20,2019,6
2019-06-21,24.06,24.47,23.96,24.47,80500,0.0,0,21,2019,6
2019-06-24,24.47,24.47,24.07,24.35,34200,0.0,0,24,2019,6
2019-06-25,24.4,24.42,24.13,24.26,38900,0.0,0,25,2019,6
2019-06-26,24.23,24.28,24.05,24.15,29500,0.0,0,26,2019,6
2019-06-27,24.15,24.42,24.11,24.42,66400,0.0,0,27,2019,6
2019-06-28,24.49,24.62,24.22,24.47,247100,0.0,0,28,2019,6
2019-07-01,24.59,24.97,24.49,24.84,57200,0.0,0,01,2019,7
2019-07-02,24.78,24.81,24.2,24.28,35900,0.0,0,02,2019,7
2019-07-03,24.43,24.51,24.32,24.32,5700,0.0,0,03,2019,7
2019-07-05,24.42,24.59,24.33,24.54,12600,0.0,0,05,2019,7
2019-07-08,24.38,24.38,24.08,24.23,15100,0.0,0,08,2019,7
2019-07-09,23.88,24.44,23.88,24.42,8700,0.0,0,09,2019,7
2019-07-10,24.44,24.6,24.29,24.36,15600,0.0,0,10,2019,7
2019-07-11,24.45,24.5,24.31,24.36,12600,0.0,0,11,2019,7
2019-07-12,24.21,24.74,24.21,24.36,33300,0.0,0,12,2019,7
2019-07-15,24.54,24.54,23.96,24.19,13800,0.0,0,15,2019,7
2019-07-16,24.13,24.46,23.94,24.35,11900,0.0,0,16,2019,7
2019-07-17,24.29,24.37,24.18,24.29,15100,0.0,0,17,2019,7
2019-07-18,24.26,24.5,24.26,24.36,14800,0.0,0,18,2019,7
2019-07-19,24.29,24.48,24.12,24.28,12800,0.0,0,19,2019,7
2019-07-22,24.07,24.44,24.03,24.44,12800,0.0,0,22,2019,7
2019-07-23,24.4,24.87,24.4,24.69,6600,0.0,0,23,2019,7
2019-07-24,24.85,25.9,24.75,25.68,40500,0.0,0,24,2019,7
2019-07-25,25.64,25.75,25.34,25.34,21000,0.0,0,25,2019,7
2019-07-26,25.44,25.56,25.25,25.4,28600,0.0,0,26,2019,7
2019-07-29,25.48,25.88,23.34,25.68,41200,0.0,0,29,2019,7
2019-07-30,25.56,26.15,25.56,26.05,28300,0.0,0,30,2019,7
2019-07-31,25.85,26.14,25.29,25.43,36600,0.0,0,31,2019,7
2019-08-01,25.69,25.8,24.77,24.81,22900,0.0,0,01,2019,8
2019-08-02,24.76,25.01,24.33,24.91,19300,0.0,0,02,2019,8
2019-08-05,24.54,24.9,23.53,23.76,16300,0.0,0,05,2019,8
2019-08-06,23.85,24.12,23.55,23.95,19200,0.0,0,06,2019,8
2019-08-07,23.63,23.98,23.63,23.78,9900,0.0,0,07,2019,8
2019-08-08,23.81,24.62,23.81,24.27,18500,0.0,0,08,2019,8
2019-08-09,24.24,24.52,23.92,24.22,12300,0.0,0,09,2019,8
2019-08-12,24.07,24.49,24.07,24.29,8600,0.0,0,12,2019,8
2019-08-13,24.23,24.71,24.23,24.5,11700,0.0,0,13,2019,8
2019-08-14,24.01,24.18,23.51,23.67,12300,0.0,0,14,2019,8
2019-08-15,23.67,23.96,23.67,23.96,12400,0.0,0,15,2019,8
2019-08-16,24.02,24.31,23.44,23.58,31100,0.0,0,16,2019,8
2019-08-19,23.97,24.28,23.64,23.81,55000,0.0,0,19,2019,8
2019-08-20,23.6,23.99,23.6,23.88,10400,0.0,0,20,2019,8
2019-08-21,24.03,24.67,23.8,24.67,40700,0.0,0,21,2019,8
2019-08-22,24.59,24.7,24.33,24.45,16100,0.0,0,22,2019,8
2019-08-23,24.22,24.42,23.54,23.67,20900,0.0,0,23,2019,8
2019-08-26,23.96,24.13,23.74,24.13,8800,0.0,0,26,2019,8
2019-08-27,24.29,24.29,23.54,23.58,14300,0.0,0,27,2019,8
2019-08-28,23.62,23.99,23.62,23.94,12700,0.0,0,28,2019,8
2019-08-29,24.14,24.27,23.98,24.22,7000,0.0,0,29,2019,8
2019-08-30,24.33,24.33,23.87,24.01,9900,0.0,0,30,2019,8
2019-09-03,23.76,23.96,23.45,23.51,13100,0.0,0,03,2019,9
2019-09-04,23.73,23.89,23.35,23.62,9300,0.0,0,04,2019,9
2019-09-05,23.92,24.9,23.92,24.54,25800,0.0,0,05,2019,9
2019-09-06,24.6,24.6,24.27,24.29,7700,0.13,0,06,2019,9
2019-09-09,24.26,25.08,24.26,25.0,15500,0.0,0,09,2019,9
2019-09-10,24.82,25.49,24.8,25.32,26100,0.0,0,10,2019,9
2019-09-11,25.41,26.42,25.28,26.16,33200,0.0,0,11,2019,9
2019-09-12,26.14,26.88,25.65,26.58,64900,0.0,0,12,2019,9
2019-09-13,26.72,26.86,26.21,26.56,37300,0.0,0,13,2019,9
2019-09-16,26.51,26.97,26.35,26.63,24300,0.0,0,16,2019,9
2019-09-17,26.55,26.65,26.08,26.23,33400,0.0,0,17,2019,9
2019-09-18,26.33,26.53,25.51,26.37,63700,0.0,0,18,2019,9
2019-09-19,26.45,26.92,26.21,26.23,23900,0.0,0,19,2019,9
2019-09-20,26.22,27.72,26.03,27.24,104700,0.0,0,20,2019,9
2019-09-23,26.89,27.2,26.45,26.62,42800,0.0,0,23,2019,9
2019-09-24,26.67,26.73,25.94,26.59,93800,0.0,0,24,2019,9
2019-09-25,26.49,27.34,26.49,27.16,57500,0.0,0,25,2019,9
2019-09-26,27.02,27.39,26.69,26.74,30100,0.0,0,26,2019,9
2019-09-27,26.99,26.99,26.49,26.85,23400,0.0,0,27,2019,9
2019-09-30,27.04,27.37,26.83,27.18,33900,0.0,0,30,2019,9
2019-10-01,27.31,27.6,26.34,26.44,30000,0.0,0,01,2019,10
2019-10-02,26.3,26.49,25.68,26.28,36500,0.0,0,02,2019,10
2019-10-03,26.29,26.54,25.88,26.24,25600,0.0,0,03,2019,10
2019-10-04,26.33,26.66,26.14,26.66,17600,0.0,0,04,2019,10
2019-10-07,26.49,26.83,26.3,26.3,33800,0.0,0,07,2019,10
2019-10-08,26.18,26.26,25.8,25.92,23800,0.0,0,08,2019,10
2019-10-09,26.33,26.5,26.02,26.35,15700,0.0,0,09,2019,10
2019-10-10,26.37,26.54,26.24,26.33,26200,0.0,0,10,2019,10
2019-10-11,26.7,27.07,26.58,26.65,24900,0.0,0,11,2019,10
2019-10-14,26.46,26.63,26.3,26.48,12400,0.0,0,14,2019,10
2019-10-15,26.48,27.02,26.4,26.62,28500,0.0,0,15,2019,10
2019-10-16,26.68,26.78,26.46,26.55,12300,0.0,0,16,2019,10
2019-10-17,26.7,26.78,26.34,26.59,18100,0.0,0,17,2019,10
2019-10-18,26.39,26.78,26.39,26.78,23800,0.0,0,18,2019,10
2019-10-21,26.81,27.46,26.78,27.23,23800,0.0,0,21,2019,10
2019-10-22,27.26,27.51,26.88,27.37,50400,0.0,0,22,2019,10
2019-10-23,27.38,28.18,27.38,28.14,33100,0.0,0,23,2019,10
2019-10-24,28.2,28.43,27.87,28.14,61300,0.0,0,24,2019,10
2019-10-25,28.08,28.86,28.08,28.51,36200,0.0,0,25,2019,10
2019-10-28,28.61,28.88,28.21,28.28,31600,0.0,0,28,2019,10
2019-10-29,28.65,28.78,25.49,28.53,32000,0.0,0,29,2019,10
2019-10-30,28.59,28.81,28.2,28.67,36200,0.0,0,30,2019,10
2019-10-31,28.72,28.72,27.58,28.17,29500,0.0,0,31,2019,10
2019-11-01,28.42,28.94,28.41,28.84,58400,0.0,0,01,2019,11
2019-11-04,29.13,29.79,29.01,29.49,59800,0.0,0,04,2019,11
2019-11-05,29.46,30.29,29.46,30.24,77000,0.0,0,05,2019,11
2019-11-06,30.26,30.47,29.76,30.21,88100,0.0,0,06,2019,11
2019-11-07,30.54,30.54,29.38,29.5,35200,0.0,0,07,2019,11
2019-11-08,29.59,29.89,29.58,29.67,30500,0.0,0,08,2019,11
2019-11-11,29.65,29.82,29.3,29.45,20600,0.0,0,11,2019,11
2019-11-12,29.55,29.64,29.28,29.55,21600,0.0,0,12,2019,11
2019-11-13,29.42,29.53,29.2,29.25,21800,0.0,0,13,2019,11
2019-11-14,29.17,29.62,29.17,29.45,30500,0.0,0,14,2019,11
2019-11-15,29.56,29.68,29.03,29.18,34200,0.0,0,15,2019,11
2019-11-18,29.21,29.35,29.01,29.16,65600,0.0,0,18,2019,11
2019-11-19,29.28,29.4,29.12,29.16,52400,0.0,0,19,2019,11
2019-11-20,29.14,29.43,29.01,29.17,96900,0.0,0,20,2019,11
2019-11-21,29.32,29.32,28.83,29.01,34900,0.0,0,21,2019,11
2019-11-22,28.8,29.2,28.69,28.88,35700,0.0,0,22,2019,11
2019-11-25,28.87,29.19,28.8,29.06,83200,0.0,0,25,2019,11
2019-11-26,29.09,29.15,28.27,28.59,197800,0.0,0,26,2019,11
2019-11-27,28.81,29.21,28.73,28.94,34400,0.0,0,27,2019,11
2019-11-29,28.94,29.13,28.57,28.64,11500,0.0,0,29,2019,11
2019-12-02,28.7,28.74,28.4,28.56,28000,0.0,0,02,2019,12
2019-12-03,28.34,28.37,27.88,28.02,30400,0.0,0,03,2019,12
2019-12-04,28.18,28.61,28.18,28.36,25700,0.0,0,04,2019,12
2019-12-05,28.39,28.66,28.03,28.28,18500,0.0,0,05,2019,12
2019-12-06,28.74,28.98,28.62,28.72,39000,0.13,0,06,2019,12
2019-12-09,28.62,29.09,28.59,28.89,25500,0.0,0,09,2019,12
2019-12-10,28.77,29.27,28.76,29.27,15400,0.0,0,10,2019,12
2019-12-11,29.35,29.41,28.57,28.74,29600,0.0,0,11,2019,12
2019-12-12,28.74,29.44,28.73,29.44,61700,0.0,0,12,2019,12
2019-12-13,29.43,29.79,29.2,29.64,26600,0.0,0,13,2019,12
2019-12-16,29.74,30.02,29.29,29.69,63900,0.0,0,16,2019,12
2019-12-17,29.57,30.56,29.5,30.49,87000,0.0,0,17,2019,12
2019-12-18,30.64,30.71,29.99,30.26,37900,0.0,0,18,2019,12
2019-12-19,29.94,30.29,29.9,30.07,41200,0.0,0,19,2019,12
2019-12-20,30.08,30.41,29.8,30.18,84400,0.0,0,20,2019,12
2019-12-23,30.4,30.4,29.78,30.02,44500,0.0,0,23,2019,12
2019-12-24,30.21,30.21,29.6,30.15,10400,0.0,0,24,2019,12
2019-12-26,30.13,30.39,30.05,30.25,44800,0.0,0,26,2019,12
2019-12-27,30.23,30.28,29.95,30.18,46600,0.0,0,27,2019,12
2019-12-30,30.39,30.78,30.2,30.4,33200,0.0,0,30,2019,12
2019-12-31,30.47,30.47,29.9,30.33,105600,0.0,0,31,2019,12
2020-01-02,30.45,30.45,29.67,30.01,33300,0.0,0,02,2020,1
2020-01-03,29.61,30.01,29.47,29.68,34900,0.0,0,03,2020,1
2020-01-06,29.63,29.75,29.15,29.54,41500,0.0,0,06,2020,1
2020-01-07,29.48,29.49,29.04,29.31,32400,0.0,0,07,2020,1
2020-01-08,29.19,29.67,29.19,29.46,31400,0.0,0,08,2020,1
2020-01-09,29.6,29.65,29.1,29.17,25000,0.0,0,09,2020,1
2020-01-10,29.21,29.21,28.76,28.85,30000,0.0,0,10,2020,1
2020-01-13,28.89,29.19,28.72,28.96,33600,0.0,0,13,2020,1
2020-01-14,28.93,29.16,28.59,28.62,34600,0.0,0,14,2020,1
2020-01-15,28.58,28.63,28.06,28.49,32300,0.0,0,15,2020,1
2020-01-16,28.57,28.91,28.57,28.84,43700,0.0,0,16,2020,1
2020-01-17,29.08,29.24,28.86,28.88,34500,0.0,0,17,2020,1
2020-01-21,28.78,28.91,28.62,28.74,30700,0.0,0,21,2020,1
2020-01-22,28.71,28.81,28.47,28.51,14300,0.0,0,22,2020,1
2020-01-23,28.39,28.78,28.18,28.62,36800,0.0,0,23,2020,1
2020-01-24,28.88,28.88,28.11,28.22,22800,0.0,0,24,2020,1
2020-01-27,27.85,28.58,27.69,28.2,36500,0.0,0,27,2020,1
2020-01-28,28.33,28.43,28.01,28.38,38500,0.0,0,28,2020,1
2020-01-29,28.59,28.59,28.0,28.2,43100,0.0,0,29,2020,1
2020-01-30,28.04,28.49,27.95,28.36,25100,0.0,0,30,2020,1
2020-01-31,28.12,28.99,28.12,28.36,33300,0.0,0,31,2020,1
2020-02-03,28.47,29.07,28.47,29.04,35200,0.0,0,03,2020,2
2020-02-04,29.45,29.59,29.1,29.5,30900,0.0,0,04,2020,2
2020-02-05,29.72,30.13,29.63,30.04,27000,0.0,0,05,2020,2
2020-02-06,29.98,29.98,29.07,29.84,39500,0.0,0,06,2020,2
2020-02-07,29.67,29.87,29.61,29.74,29300,0.0,0,07,2020,2
2020-02-10,29.69,30.01,29.69,29.96,17600,0.0,0,10,2020,2
2020-02-11,30.1,30.41,29.85,29.89,18500,0.0,0,11,2020,2
2020-02-12,30.07,30.19,29.57,29.67,18600,0.0,0,12,2020,2
2020-02-13,29.62,29.72,29.37,29.57,34200,0.0,0,13,2020,2
2020-02-14,29.6,29.69,29.24,29.38,14600,0.0,0,14,2020,2
2020-02-18,29.54,29.64,29.07,29.23,12800,0.0,0,18,2020,2
2020-02-19,29.11,29.55,29.11,29.25,8100,0.0,0,19,2020,2
2020-02-20,29.2,29.33,29.08,29.24,25600,0.0,0,20,2020,2
2020-02-21,29.3,29.3,28.84,29.05,16300,0.0,0,21,2020,2
2020-02-24,28.39,28.58,27.91,28.24,25200,0.0,0,24,2020,2
2020-02-25,28.26,28.26,27.58,27.76,34400,0.0,0,25,2020,2
2020-02-26,27.93,27.99,27.27,27.58,22300,0.0,0,26,2020,2
2020-02-27,27.21,27.55,26.57,26.64,31900,0.0,0,27,2020,2
2020-02-28,26.04,27.22,25.67,26.5,76000,0.0,0,28,2020,2
2020-03-02,26.59,27.32,26.35,27.11,25900,0.0,0,02,2020,3
2020-03-03,26.89,27.27,26.02,26.09,16500,0.0,0,03,2020,3
2020-03-04,26.43,27.38,26.43,26.86,21400,0.0,0,04,2020,3
2020-03-05,26.3,26.3,24.98,25.44,42700,0.0,0,05,2020,3
2020-03-06,23.0,24.57,21.77,24.09,92800,0.14,0,06,2020,3
2020-03-09,22.76,23.3,21.21,21.48,49100,0.0,0,09,2020,3
2020-03-10,21.12,22.63,21.0,22.4,49600,0.0,0,10,2020,3
2020-03-11,21.81,23.99,20.85,21.15,52100,0.0,0,11,2020,3
2020-03-12,19.74,20.59,18.8,19.36,73200,0.0,0,12,2020,3
