Date,Open,High,Low,Close,Volume,Dividends,Stock Splits,day,year,month
2010-01-04,22.26,22.67,22.16,22.55,195400,0,0,04,2010,1
2010-01-05,22.47,22.66,22.19,22.52,175100,0,0,05,2010,1
2010-01-06,22.48,22.6,22.28,22.57,181800,0,0,06,2010,1
2010-01-07,22.49,22.63,21.97,22.14,200800,0,0,07,2010,1
2010-01-08,22.01,22.29,21.91,22.2,191700,0,0,08,2010,1
2010-01-11,22.25,22.47,21.59,21.7,134500,0,0,11,2010,1
2010-01-12,21.49,21.58,21.24,21.41,104900,0,0,12,2010,1
2010-01-13,21.6,22.22,21.42,22.09,550900,0,0,13,2010,1
2010-01-14,22.1,22.67,22.1,22.52,228700,0,0,14,2010,1
2010-01-15,22.59,22.64,21.83,22.14,247400,0,0,15,2010,1
2010-01-19,22.21,22.71,22.2,22.71,252600,0,0,19,2010,1
2010-01-20,22.48,22.56,22.11,22.46,168000,0,0,20,2010,1
2010-01-21,22.51,22.58,21.84,21.85,215500,0,0,21,2010,1
2010-01-22,21.82,21.99,20.93,20.98,441600,0,0,22,2010,1
2010-01-25,21.22,21.3,20.72,21.27,152200,0,0,25,2010,1
2010-01-26,21.09,21.46,20.56,21.0,218200,0,0,26,2010,1
2010-01-27,20.9,21.24,20.75,21.1,206800,0,0,27,2010,1
2010-01-28,21.18,21.18,20.31,20.92,256600,0,0,28,2010,1
2010-01-29,20.99,21.21,20.27,20.42,321900,0,0,29,2010,1
2010-02-01,20.44,20.56,20.18,20.35,193300,0,0,01,2010,2
2010-02-02,20.31,20.46,20.02,20.26,300700,0,0,02,2010,2
2010-02-03,20.26,20.37,19.7,20.01,276200,0,0,03,2010,2
2010-02-04,19.82,19.89,19.27,19.33,363100,0,0,04,2010,2
2010-02-05,19.34,19.34,18.71,19.02,335800,0,0,05,2010,2
2010-02-08,19.05,19.07,18.73,18.96,141400,0,0,08,2010,2
2010-02-09,19.09,19.31,18.71,19.15,428300,0,0,09,2010,2
2010-02-10,19.02,19.15,18.68,18.94,94900,0,0,10,2010,2
2010-02-11,18.83,19.26,18.75,19.22,242400,0,0,11,2010,2
2010-02-12,19.44,19.49,19.07,19.24,215500,0,0,12,2010,2
2010-02-16,19.34,19.36,19.0,19.34,437800,0,0,16,2010,2
2010-02-17,18.26,18.95,18.01,18.8,806500,0,0,17,2010,2
2010-02-18,19.23,19.26,18.79,19.06,697300,0,0,18,2010,2
2010-02-19,19.07,19.1,18.75,18.88,1058100,0,0,19,2010,2
2010-02-22,18.99,19.01,18.61,18.62,255400,0,0,22,2010,2
2010-02-23,18.55,18.63,18.17,18.37,469900,0,0,23,2010,2
2010-02-24,18.37,18.65,18.3,18.45,276000,0,0,24,2010,2
2010-02-25,18.2,18.35,18.06,18.3,540400,0,0,25,2010,2
2010-02-26,18.37,18.37,18.09,18.12,331800,0,0,26,2010,2
2010-03-01,18.57,18.57,18.19,18.53,504700,0,0,01,2010,3
2010-03-02,18.61,18.79,18.55,18.76,251000,0,0,02,2010,3
2010-03-03,18.85,19.06,18.67,18.75,284000,0,0,03,2010,3
2010-03-04,18.73,18.8,18.49,18.69,229400,0,0,04,2010,3
2010-03-05,18.84,19.32,18.67,19.31,317800,0,0,05,2010,3
2010-03-08,19.23,19.6,19.11,19.16,185100,0,0,08,2010,3
2010-03-09,19.06,19.55,18.81,19.49,327000,0,0,09,2010,3
2010-03-10,19.49,19.7,19.45,19.6,308500,0,0,10,2010,3
2010-03-11,19.44,19.61,19.34,19.57,134500,0,0,11,2010,3
2010-03-12,19.7,19.7,19.18,19.33,323400,0,0,12,2010,3
2010-03-15,19.83,19.83,19.07,19.23,203000,0,0,15,2010,3
2010-03-16,19.24,19.24,18.78,18.95,246900,0,0,16,2010,3
2010-03-17,18.93,19.23,18.87,18.94,292200,0,0,17,2010,3
2010-03-18,19.0,19.0,18.59,18.76,187700,0,0,18,2010,3
2010-03-19,18.88,19.04,18.4,18.53,302600,0,0,19,2010,3
2010-03-22,18.34,18.84,18.34,18.67,183400,0,0,22,2010,3
2010-03-23,18.79,19.31,18.56,19.3,271000,0,0,23,2010,3
2010-03-24,19.16,19.41,19.03,19.15,294300,0,0,24,2010,3
2010-03-25,19.21,19.31,18.76,18.77,240900,0,0,25,2010,3
2010-03-26,18.82,18.92,18.61,18.78,279600,0,0,26,2010,3
2010-03-29,18.86,18.98,18.61,18.83,261100,0,0,29,2010,3
2010-03-30,18.8,18.99,18.72,18.93,309100,0,0,30,2010,3
2010-03-31,18.8,18.84,18.39,18.43,331800,0,0,31,2010,3
2010-04-01,18.59,18.73,18.23,18.46,259000,0,0,01,2010,4
2010-04-05,18.54,18.88,18.51,18.7,148500,0,0,05,2010,4
2010-04-06,18.56,18.78,18.25,18.6,305700,0,0,06,2010,4
2010-04-07,18.52,18.78,18.42,18.53,355000,0,0,07,2010,4
2010-04-08,18.41,18.41,17.99,18.26,213300,0,0,08,2010,4
2010-04-09,18.23,18.32,18.14,18.25,203300,0,0,09,2010,4
2010-04-12,18.31,18.44,18.19,18.35,325600,0,0,12,2010,4
2010-04-13,18.35,18.41,18.09,18.32,237700,0,0,13,2010,4
2010-04-14,18.36,18.81,18.19,18.81,308300,0,0,14,2010,4
2010-04-15,18.85,19.62,18.83,19.58,392200,0,0,15,2010,4
2010-04-16,19.58,19.95,19.44,19.68,461900,0,0,16,2010,4
2010-04-19,19.65,20.52,19.52,20.41,680300,0,0,19,2010,4
2010-04-20,20.56,20.92,20.28,20.3,215900,0,0,20,2010,4
2010-04-21,20.38,20.38,20.09,20.33,294100,0,0,21,2010,4
2010-04-22,20.19,21.52,20.09,21.25,536900,0,0,22,2010,4
2010-04-23,21.22,21.22,21.04,21.12,223500,0,0,23,2010,4
2010-04-26,21.06,21.33,20.88,20.96,331500,0,0,26,2010,4
2010-04-27,19.85,19.99,18.53,19.05,1263300,0,0,27,2010,4
2010-04-28,17.72,17.72,16.19,16.5,2220500,0,0,28,2010,4
2010-04-29,16.58,16.67,16.1,16.2,753900,0,0,29,2010,4
2010-04-30,16.12,16.2,15.75,15.93,623000,0,0,30,2010,4
2010-05-03,15.91,16.41,15.78,16.41,1226900,0,0,03,2010,5
2010-05-04,16.26,16.32,15.99,16.0,547900,0,0,04,2010,5
2010-05-05,16.01,16.5,15.94,16.29,444400,0,0,05,2010,5
2010-05-06,16.27,16.49,14.89,15.56,561400,0,0,06,2010,5
2010-05-07,15.5,16.08,15.05,15.24,667200,0,0,07,2010,5
2010-05-10,15.63,15.81,15.05,15.31,623500,0,0,10,2010,5
2010-05-11,15.17,15.44,15.13,15.2,439400,0,0,11,2010,5
2010-05-12,15.2,15.54,15.18,15.47,424900,0,0,12,2010,5
2010-05-13,15.47,15.84,15.32,15.43,237800,0,0,13,2010,5
2010-05-14,15.27,15.28,14.55,14.59,534600,0,0,14,2010,5
2010-05-17,14.73,14.85,14.29,14.67,233600,0,0,17,2010,5
2010-05-18,14.86,14.88,14.28,14.37,155800,0,0,18,2010,5
2010-05-19,14.28,14.33,14.04,14.16,715200,0,0,19,2010,5
2010-05-20,13.99,14.06,13.5,13.58,659200,0,0,20,2010,5
2010-05-21,13.41,13.91,13.31,13.71,585600,0,0,21,2010,5
2010-05-24,13.77,13.87,13.68,13.81,367000,0,0,24,2010,5
2010-05-25,13.5,13.74,13.22,13.62,1016000,0,0,25,2010,5
2010-05-26,13.64,13.75,13.12,13.21,450500,0,0,26,2010,5
2010-05-27,13.49,13.67,13.22,13.35,624700,0,0,27,2010,5
2010-05-28,13.34,13.45,13.05,13.15,337400,0,0,28,2010,5
2010-06-01,13.02,13.17,12.83,13.0,773800,0,0,01,2010,6
2010-06-02,13.01,13.21,12.83,13.05,689500,0,0,02,2010,6
2010-06-03,13.02,13.35,13.02,13.18,613400,0,0,03,2010,6
2010-06-04,12.74,13.29,12.74,12.76,820700,0,0,04,2010,6
2010-06-07,12.77,13.0,12.74,12.79,548700,0,0,07,2010,6
2010-06-08,12.82,12.93,12.36,12.6,620700,0,0,08,2010,6
2010-06-09,12.74,12.87,12.57,12.71,411300,0,0,09,2010,6
2010-06-10,12.87,12.95,12.77,12.95,378900,0,0,10,2010,6
2010-06-11,12.82,13.15,12.62,13.14,538300,0,0,11,2010,6
2010-06-14,13.29,13.65,13.22,13.27,286600,0,0,14,2010,6
2010-06-15,13.42,13.69,13.3,13.61,299000,0,0,15,2010,6
2010-06-16,13.52,13.68,13.48,13.61,263400,0,0,16,2010,6
2010-06-17,13.67,13.77,13.42,13.47,133800,0,0,17,2010,6
2010-06-18,13.55,13.55,13.28,13.44,529500,0,0,18,2010,6
2010-06-21,13.61,13.79,13.38,13.42,336800,0,0,21,2010,6
2010-06-22,13.5,13.63,13.2,13.22,260500,0,0,22,2010,6
2010-06-23,13.21,13.23,13.05,13.15,223900,0,0,23,2010,6
2010-06-24,13.07,13.16,12.94,12.98,263800,0,0,24,2010,6
2010-06-25,12.99,13.33,12.89,13.31,2431900,0,0,25,2010,6
2010-06-28,13.22,13.37,13.05,13.09,490800,0,0,28,2010,6
2010-06-29,12.91,13.01,12.73,12.81,473300,0,0,29,2010,6
2010-06-30,12.82,13.02,12.61,12.79,665100,0,0,30,2010,6
2010-07-01,12.77,12.88,12.4,12.78,368500,0,0,01,2010,7
2010-07-02,12.92,12.94,12.65,12.84,337200,0,0,02,2010,7
2010-07-06,12.99,13.21,12.96,13.19,694800,0,0,06,2010,7
2010-07-07,13.29,13.79,13.23,13.77,783000,0,0,07,2010,7
2010-07-08,13.9,14.17,13.89,14.08,438800,0,0,08,2010,7
2010-07-09,14.08,14.33,13.88,14.33,383500,0,0,09,2010,7
2010-07-12,14.33,14.97,14.33,14.86,636600,0,0,12,2010,7
2010-07-13,14.98,15.44,14.93,15.37,584400,0,0,13,2010,7
2010-07-14,15.28,15.46,15.28,15.44,237400,0,0,14,2010,7
2010-07-15,15.4,15.54,15.15,15.51,321400,0,0,15,2010,7
2010-07-16,15.37,15.43,14.91,14.93,487000,0,0,16,2010,7
2010-07-19,15.0,15.1,14.96,15.04,248800,0,0,19,2010,7
2010-07-20,14.83,15.37,14.77,15.34,398100,0,0,20,2010,7
2010-07-21,15.47,15.5,14.95,14.99,350600,0,0,21,2010,7
2010-07-22,15.19,15.45,15.0,15.29,303100,0,0,22,2010,7
2010-07-23,15.2,15.76,15.17,15.67,233800,0,0,23,2010,7
2010-07-26,15.61,15.98,15.55,15.91,247100,0,0,26,2010,7
2010-07-27,15.99,16.21,15.91,15.93,353400,0,0,27,2010,7
2010-07-28,15.86,16.01,15.55,15.57,489500,0,0,28,2010,7
2010-07-29,15.68,15.79,15.36,15.55,342300,0,0,29,2010,7
2010-07-30,15.32,15.81,15.32,15.7,560300,0,0,30,2010,7
2010-08-02,15.96,16.11,15.73,15.79,466200,0,0,02,2010,8
2010-08-03,15.71,15.82,15.54,15.75,200800,0,0,03,2010,8
2010-08-04,15.87,15.87,15.48,15.57,219800,0,0,04,2010,8
2010-08-05,15.48,15.57,15.23,15.24,238000,0,0,05,2010,8
2010-08-06,15.05,15.42,14.89,15.36,223200,0,0,06,2010,8
2010-08-09,15.5,15.64,15.36,15.48,161000,0,0,09,2010,8
2010-08-10,15.28,15.35,14.73,14.93,210900,0,0,10,2010,8
2010-08-11,14.64,14.82,14.28,14.37,382300,0,0,11,2010,8
2010-08-12,14.12,14.3,13.88,14.24,218600,0,0,12,2010,8
2010-08-13,14.16,14.32,14.09,14.11,262600,0,0,13,2010,8
2010-08-16,14.01,14.33,13.97,14.14,172400,0,0,16,2010,8
2010-08-17,14.31,14.47,14.12,14.31,263800,0,0,17,2010,8
2010-08-18,14.29,14.38,14.19,14.38,386700,0,0,18,2010,8
2010-08-19,14.36,14.52,14.08,14.16,299800,0,0,19,2010,8
2010-08-20,14.14,14.24,14.01,14.17,322100,0,0,20,2010,8
2010-08-23,14.25,14.33,13.97,14.0,205800,0,0,23,2010,8
2010-08-24,13.83,14.13,13.63,13.9,221000,0,0,24,2010,8
2010-08-25,13.84,14.05,13.76,14.05,147300,0,0,25,2010,8
2010-08-26,14.08,14.19,13.94,14.05,164400,0,0,26,2010,8
2010-08-27,14.23,14.36,14.01,14.34,190600,0,0,27,2010,8
2010-08-30,14.24,14.52,14.05,14.08,165800,0,0,30,2010,8
2010-08-31,14.03,14.28,13.96,14.05,167400,0,0,31,2010,8
2010-09-01,14.3,14.74,14.12,14.74,187400,0,0,01,2010,9
2010-09-02,14.65,15.22,14.44,15.2,227100,0,0,02,2010,9
2010-09-03,15.43,15.63,15.22,15.6,231800,0,0,03,2010,9
2010-09-07,15.51,15.53,15.33,15.41,552800,0,0,07,2010,9
2010-09-08,15.48,15.6,15.34,15.39,104700,0,0,08,2010,9
2010-09-09,15.5,15.87,15.38,15.67,165000,0,0,09,2010,9
2010-09-10,15.68,15.88,15.45,15.71,96900,0,0,10,2010,9
2010-09-13,15.89,16.32,15.71,16.17,166800,0,0,13,2010,9
2010-09-14,16.18,16.4,16.1,16.26,94400,0,0,14,2010,9
2010-09-15,16.21,16.56,16.04,16.51,143800,0,0,15,2010,9
2010-09-16,16.49,16.56,16.32,16.45,198700,0,0,16,2010,9
2010-09-17,16.62,16.86,16.39,16.63,478900,0,0,17,2010,9
2010-09-20,16.67,17.29,16.6,17.27,183400,0,0,20,2010,9
2010-09-21,17.31,17.49,17.12,17.23,181400,0,0,21,2010,9
2010-09-22,17.12,17.33,16.87,16.96,93000,0,0,22,2010,9
2010-09-23,16.81,17.21,16.81,17.05,272600,0,0,23,2010,9
2010-09-24,17.29,17.8,17.28,17.79,198400,0,0,24,2010,9
2010-09-27,17.75,17.83,17.59,17.75,75200,0,0,27,2010,9
2010-09-28,17.84,18.18,17.61,18.16,169600,0,0,28,2010,9
2010-09-29,18.03,18.22,17.87,18.11,352000,0,0,29,2010,9
2010-09-30,18.23,18.28,17.87,17.99,649800,0,0,30,2010,9
2010-10-01,18.15,18.25,17.76,18.01,500000,0,0,01,2010,10
2010-10-04,17.93,18.06,17.61,17.79,204900,0,0,04,2010,10
2010-10-05,17.99,18.36,17.93,18.3,215700,0,0,05,2010,10
2010-10-06,18.3,18.34,17.98,18.07,119200,0,0,06,2010,10
2010-10-07,18.23,18.3,18.03,18.07,90700,0,0,07,2010,10
2010-10-08,18.02,18.42,18.02,18.32,340100,0,0,08,2010,10
2010-10-11,18.3,18.62,18.22,18.25,189700,0,0,11,2010,10
2010-10-12,18.2,18.44,18.01,18.24,221800,0,0,12,2010,10
2010-10-13,18.29,18.99,18.29,18.94,598600,0,0,13,2010,10
2010-10-14,18.94,19.08,18.69,18.79,222100,0,0,14,2010,10
2010-10-15,19.03,19.03,18.8,18.8,248500,0,0,15,2010,10
2010-10-18,18.78,18.96,18.6,18.7,246900,0,0,18,2010,10
2010-10-19,18.41,18.88,18.15,18.4,949600,0,0,19,2010,10
2010-10-20,18.54,18.87,18.54,18.57,166000,0,0,20,2010,10
2010-10-21,18.7,19.09,18.5,18.78,861500,0,0,21,2010,10
2010-10-22,18.56,18.89,18.56,18.76,178900,0,0,22,2010,10
2010-10-25,18.82,18.98,18.61,18.68,189500,0,0,25,2010,10
2010-10-26,18.54,18.95,18.48,18.66,195800,0,0,26,2010,10
2010-10-27,18.5,18.73,17.75,18.2,354800,0,0,27,2010,10
2010-10-28,18.37,18.38,17.98,18.14,141900,0,0,28,2010,10
2010-10-29,18.01,18.3,18.0,18.09,214600,0,0,29,2010,10
2010-11-01,18.17,18.4,17.79,17.95,198500,0,0,01,2010,11
2010-11-02,18.18,18.3,18.07,18.2,227700,0,0,02,2010,11
2010-11-03,18.17,18.2,17.95,18.11,178600,0,0,03,2010,11
2010-11-04,18.41,18.69,18.03,18.11,399300,0,0,04,2010,11
2010-11-05,18.16,18.16,17.75,18.12,236600,0,0,05,2010,11
2010-11-08,17.99,18.16,17.95,18.06,116300,0,0,08,2010,11
2010-11-09,18.0,18.22,17.95,18.06,237000,0,0,09,2010,11
2010-11-10,18.09,18.12,17.83,18.01,357100,0,0,10,2010,11
2010-11-11,17.8,17.8,17.48,17.61,238400,0,0,11,2010,11
2010-11-12,17.44,17.8,17.44,17.63,224900,0,0,12,2010,11
2010-11-15,17.63,17.68,17.33,17.47,203900,0,0,15,2010,11
2010-11-16,17.31,17.31,16.69,16.94,198300,0,0,16,2010,11
2010-11-17,16.98,17.04,16.78,17.04,248100,0,0,17,2010,11
2010-11-18,17.26,17.36,17.14,17.24,121100,0,0,18,2010,11
2010-11-19,17.27,17.32,17.18,17.26,140500,0,0,19,2010,11
2010-11-22,17.2,17.23,16.74,17.11,169800,0,0,22,2010,11
2010-11-23,16.93,17.03,16.6,16.85,157800,0,0,23,2010,11
2010-11-24,16.9,17.05,16.73,16.85,228800,0,0,24,2010,11
2010-11-26,16.69,16.8,16.58,16.7,65700,0,0,26,2010,11
2010-11-29,16.56,16.66,16.18,16.54,204400,0,0,29,2010,11
2010-11-30,16.35,16.47,16.16,16.36,243600,0,0,30,2010,11
2010-12-01,16.65,16.93,16.65,16.81,223200,0,0,01,2010,12
2010-12-02,16.79,17.28,16.79,17.26,97700,0,0,02,2010,12
2010-12-03,17.17,17.42,17.01,17.34,209900,0,0,03,2010,12
2010-12-06,17.26,17.29,16.98,17.19,304800,0,0,06,2010,12
2010-12-07,17.38,17.92,17.25,17.75,236200,0,0,07,2010,12
2010-12-08,17.84,17.97,17.63,17.66,203400,0,0,08,2010,12
2010-12-09,17.82,17.92,17.63,17.64,106100,0,0,09,2010,12
2010-12-10,17.71,17.71,17.44,17.61,122100,0,0,10,2010,12
2010-12-13,17.66,17.66,17.35,17.42,102200,0,0,13,2010,12
2010-12-14,17.51,17.51,17.3,17.44,169700,0,0,14,2010,12
2010-12-15,17.37,17.54,16.87,17.05,201600,0,0,15,2010,12
2010-12-16,16.97,17.18,16.88,16.93,280300,0,0,16,2010,12
2010-12-17,16.9,16.92,16.67,16.71,334300,0,0,17,2010,12
2010-12-20,16.77,17.0,16.6,16.89,185100,0,0,20,2010,12
2010-12-21,17.01,17.28,16.81,17.28,101100,0,0,21,2010,12
2010-12-22,17.25,17.44,17.04,17.4,154400,0,0,22,2010,12
2010-12-23,17.23,17.47,17.08,17.18,175000,0,0,23,2010,12
2010-12-27,17.08,17.34,17.01,17.32,66500,0,0,27,2010,12
2010-12-28,17.33,17.39,16.98,17.36,103000,0,0,28,2010,12
2010-12-29,17.38,17.49,17.32,17.34,57200,0,0,29,2010,12
2010-12-30,17.27,17.49,17.27,17.44,152100,0,0,30,2010,12
2010-12-31,17.41,17.58,17.19,17.44,214200,0,0,31,2010,12
2011-01-03,17.52,17.85,17.38,17.5,210600,0,0,03,2011,1
2011-01-04,17.61,18.1,17.45,17.99,290700,0,0,04,2011,1
2011-01-05,17.91,18.1,17.87,18.09,271600,0,0,05,2011,1
2011-01-06,18.05,18.25,17.96,18.23,346400,0,0,06,2011,1
2011-01-07,18.2,18.43,17.93,18.43,233100,0,0,07,2011,1
2011-01-10,18.25,18.64,18.1,18.53,269600,0,0,10,2011,1
2011-01-11,18.54,18.82,18.39,18.8,227700,0,0,11,2011,1
2011-01-12,18.86,19.12,18.76,19.11,273400,0,0,12,2011,1
2011-01-13,19.02,19.02,18.85,18.98,266500,0,0,13,2011,1
2011-01-14,18.99,19.09,18.95,19.04,157800,0,0,14,2011,1
2011-01-18,18.63,19.3,18.63,19.25,253700,0,0,18,2011,1
2011-01-19,19.2,19.3,18.74,18.85,165400,0,0,19,2011,1
2011-01-20,18.71,18.92,18.23,18.45,137500,0,0,20,2011,1
2011-01-21,18.5,18.61,17.87,18.02,243100,0,0,21,2011,1
2011-01-24,17.99,19.03,17.99,18.9,261600,0,0,24,2011,1
2011-01-25,18.79,19.03,18.71,19.03,187600,0,0,25,2011,1
2011-01-26,19.08,19.32,18.93,19.16,233100,0,0,26,2011,1
2011-01-27,19.15,19.3,18.81,18.93,103400,0,0,27,2011,1
2011-01-28,18.86,18.86,18.23,18.24,206600,0,0,28,2011,1
2011-01-31,18.33,18.44,18.12,18.29,128100,0,0,31,2011,1
2011-02-01,18.37,18.87,18.0,18.76,207100,0,0,01,2011,2
2011-02-02,18.77,18.99,18.67,18.86,70600,0,0,02,2011,2
2011-02-03,18.93,19.05,18.5,18.62,110000,0,0,03,2011,2
2011-02-04,18.68,18.86,18.29,18.56,101300,0,0,04,2011,2
2011-02-07,18.52,18.92,18.52,18.88,78800,0,0,07,2011,2
2011-02-08,18.78,19.35,18.78,19.29,163300,0,0,08,2011,2
2011-02-09,19.41,20.25,19.37,19.6,337800,0,0,09,2011,2
2011-02-10,19.6,19.88,19.5,19.66,155900,0,0,10,2011,2
2011-02-11,19.59,19.62,19.31,19.45,176100,0,0,11,2011,2
2011-02-14,19.51,19.72,19.25,19.32,114700,0,0,14,2011,2
2011-02-15,19.18,19.5,19.18,19.25,191000,0,0,15,2011,2
2011-02-16,19.21,19.25,18.31,18.75,290500,0,0,16,2011,2
2011-02-17,18.66,18.66,18.13,18.43,340900,0,0,17,2011,2
2011-02-18,18.16,18.94,17.87,18.78,270100,0,0,18,2011,2
2011-02-22,18.62,18.68,18.09,18.23,163700,0,0,22,2011,2
2011-02-23,18.27,18.27,17.31,17.59,241100,0,0,23,2011,2
2011-02-24,17.6,17.75,17.33,17.72,163300,0,0,24,2011,2
2011-02-25,17.71,18.09,17.52,18.06,93100,0,0,25,2011,2
2011-02-28,18.06,18.21,17.59,18.07,195600,0,0,28,2011,2
2011-03-01,18.12,18.12,17.36,17.49,170300,0,0,01,2011,3
2011-03-02,17.44,17.73,17.42,17.61,186100,0,0,02,2011,3
2011-03-03,17.75,18.34,17.75,18.34,145300,0,0,03,2011,3
2011-03-04,18.31,18.31,17.74,17.9,80000,0,0,04,2011,3
2011-03-07,17.93,17.93,17.01,17.25,98600,0,0,07,2011,3
2011-03-08,17.23,17.75,16.99,17.67,85000,0,0,08,2011,3
2011-03-09,17.66,17.95,17.35,17.56,131000,0,0,09,2011,3
2011-03-10,17.33,17.51,17.18,17.42,189300,0,0,10,2011,3
2011-03-11,17.38,17.5,17.07,17.37,152200,0,0,11,2011,3
2011-03-14,17.17,17.34,16.97,17.2,128300,0,0,14,2011,3
2011-03-15,16.62,17.3,16.62,17.19,169200,0,0,15,2011,3
2011-03-16,17.11,17.26,16.71,17.03,200600,0,0,16,2011,3
2011-03-17,17.38,17.54,17.07,17.29,201200,0,0,17,2011,3
2011-03-18,17.51,18.21,17.31,18.2,570100,0,0,18,2011,3
2011-03-21,18.39,18.95,18.25,18.81,237400,0,0,21,2011,3
2011-03-22,18.88,18.88,18.23,18.24,186200,0,0,22,2011,3
2011-03-23,18.17,18.56,18.15,18.49,238700,0,0,23,2011,3
2011-03-24,18.57,18.8,18.35,18.52,119900,0,0,24,2011,3
2011-03-25,18.65,18.98,18.43,18.73,94500,0,0,25,2011,3
2011-03-28,18.81,19.03,18.55,18.84,192400,0,0,28,2011,3
2011-03-29,18.87,19.2,18.68,19.05,104200,0,0,29,2011,3
2011-03-30,19.12,19.26,19.08,19.21,100100,0,0,30,2011,3
2011-03-31,19.2,19.38,19.14,19.33,112500,0,0,31,2011,3
2011-04-01,19.38,19.39,18.86,18.89,160700,0,0,01,2011,4
2011-04-04,18.98,19.18,18.98,19.04,186100,0,0,04,2011,4
2011-04-05,18.98,18.98,18.71,18.79,233900,0,0,05,2011,4
2011-04-06,18.85,18.98,18.27,18.8,215700,0,0,06,2011,4
2011-04-07,18.81,18.9,18.36,18.53,175000,0,0,07,2011,4
2011-04-08,18.6,18.6,17.93,18.08,228800,0,0,08,2011,4
2011-04-11,18.04,18.13,17.65,17.74,218700,0,0,11,2011,4
2011-04-12,17.58,17.87,17.5,17.73,362900,0,0,12,2011,4
2011-04-13,17.81,18.04,17.66,18.01,183900,0,0,13,2011,4
2011-04-14,17.8,18.17,17.79,18.15,137500,0,0,14,2011,4
2011-04-15,18.06,18.28,18.02,18.14,191500,0,0,15,2011,4
2011-04-18,17.88,17.89,17.63,17.79,174400,0,0,18,2011,4
2011-04-19,17.8,17.9,17.46,17.59,196800,0,0,19,2011,4
2011-04-20,17.83,18.31,17.83,18.3,148900,0,0,20,2011,4
2011-04-21,18.44,18.55,18.04,18.22,105600,0,0,21,2011,4
2011-04-25,18.17,18.36,18.1,18.3,155500,0,0,25,2011,4
2011-04-26,18.4,18.92,18.2,18.84,190900,0,0,26,2011,4
2011-04-27,18.77,18.87,17.15,18.78,477900,0,0,27,2011,4
2011-04-28,18.65,18.96,18.52,18.96,330500,0,0,28,2011,4
2011-04-29,18.9,19.14,18.75,18.75,317000,0,0,29,2011,4
2011-05-02,18.92,18.99,18.66,18.87,223000,0,0,02,2011,5
2011-05-03,18.78,18.87,18.53,18.66,178000,0,0,03,2011,5
2011-05-04,18.69,19.04,18.0,18.46,262100,0,0,04,2011,5
2011-05-05,18.35,18.8,18.11,18.35,233500,0,0,05,2011,5
2011-05-06,18.6,19.19,18.52,18.66,216000,0,0,06,2011,5
2011-05-09,18.6,18.69,18.49,18.56,125000,0,0,09,2011,5
2011-05-10,18.7,18.89,18.66,18.76,124700,0,0,10,2011,5
2011-05-11,18.67,18.76,18.35,18.37,122300,0,0,11,2011,5
2011-05-12,18.27,18.48,18.14,18.44,239400,0,0,12,2011,5
2011-05-13,18.44,18.44,18.09,18.12,144000,0,0,13,2011,5
2011-05-16,17.97,18.05,17.51,17.64,175800,0,0,16,2011,5
2011-05-17,17.5,17.7,17.3,17.62,139900,0,0,17,2011,5
2011-05-18,17.66,17.66,17.42,17.53,337000,0,0,18,2011,5
2011-05-19,17.55,17.58,17.32,17.39,292800,0,0,19,2011,5
2011-05-20,17.24,17.46,17.1,17.21,271400,0,0,20,2011,5
2011-05-23,17.0,17.15,16.36,16.37,467400,0,0,23,2011,5
2011-05-24,16.4,16.55,16.25,16.3,266000,0,0,24,2011,5
2011-05-25,16.26,16.52,16.26,16.47,394000,0,0,25,2011,5
2011-05-26,16.38,16.88,16.38,16.64,426100,0,0,26,2011,5
2011-05-27,16.74,17.03,16.62,16.8,829000,0,0,27,2011,5
2011-05-31,17.05,17.32,16.93,17.29,504300,0,0,31,2011,5
2011-06-01,17.23,17.25,16.82,16.86,299000,0,0,01,2011,6
2011-06-02,16.96,17.11,16.76,16.77,172900,0,0,02,2011,6
2011-06-03,16.49,16.72,16.33,16.4,190000,0,0,03,2011,6
2011-06-06,16.39,16.56,16.16,16.18,256700,0,0,06,2011,6
2011-06-07,16.34,16.39,16.04,16.1,184100,0,0,07,2011,6
2011-06-08,16.06,16.07,15.9,15.99,238000,0,0,08,2011,6
2011-06-09,16.09,16.43,16.07,16.36,226500,0,0,09,2011,6
2011-06-10,16.22,16.49,16.04,16.08,392600,0,0,10,2011,6
2011-06-13,16.19,16.26,15.86,15.87,188600,0,0,13,2011,6
2011-06-14,16.08,16.41,16.08,16.24,182400,0,0,14,2011,6
2011-06-15,16.04,16.19,15.72,15.83,121200,0,0,15,2011,6
2011-06-16,16.02,16.3,15.84,15.89,152200,0,0,16,2011,6
2011-06-17,16.0,16.0,15.32,15.33,269800,0,0,17,2011,6
2011-06-20,15.29,15.5,15.22,15.43,191300,0,0,20,2011,6
2011-06-21,15.57,15.81,15.49,15.77,150000,0,0,21,2011,6
2011-06-22,15.67,15.97,15.61,15.62,115500,0,0,22,2011,6
2011-06-23,15.43,15.49,14.93,15.2,160900,0,0,23,2011,6
2011-06-24,15.19,15.3,14.97,15.03,395800,0,0,24,2011,6
2011-06-27,15.01,15.18,14.88,15.0,268700,0,0,27,2011,6
2011-06-28,15.1,15.38,15.06,15.29,192900,0,0,28,2011,6
2011-06-29,15.41,15.45,15.22,15.4,230200,0,0,29,2011,6
2011-06-30,15.43,15.62,15.38,15.41,134000,0,0,30,2011,6
2011-07-01,15.44,15.77,15.44,15.69,176400,0,0,01,2011,7
2011-07-05,15.74,15.8,15.59,15.66,114400,0,0,05,2011,7
2011-07-06,15.69,15.94,15.6,15.84,172400,0,0,06,2011,7
2011-07-07,15.98,16.08,15.77,15.84,111300,0,0,07,2011,7
2011-07-08,15.57,15.85,15.52,15.76,167000,0,0,08,2011,7
2011-07-11,15.52,15.73,15.31,15.33,100100,0,0,11,2011,7
2011-07-12,15.23,15.36,15.09,15.24,117700,0,0,12,2011,7
2011-07-13,15.32,15.52,15.29,15.4,126000,0,0,13,2011,7
2011-07-14,15.42,15.78,15.34,15.62,531600,0,0,14,2011,7
2011-07-15,15.67,15.78,15.51,15.7,350500,0,0,15,2011,7
2011-07-18,15.62,15.7,15.36,15.41,237400,0,0,18,2011,7
2011-07-19,15.55,15.78,15.49,15.73,121100,0,0,19,2011,7
2011-07-20,15.75,15.99,15.61,15.65,118100,0,0,20,2011,7
2011-07-21,15.69,16.03,15.54,16.0,146100,0,0,21,2011,7
2011-07-22,15.99,16.12,15.88,16.11,159100,0,0,22,2011,7
2011-07-25,15.85,16.27,15.85,16.15,250900,0,0,25,2011,7
2011-07-26,16.12,16.5,16.1,16.41,308000,0,0,26,2011,7
2011-07-27,16.24,16.9,16.08,16.86,469200,0,0,27,2011,7
2011-07-28,16.93,17.08,16.73,17.06,325400,0,0,28,2011,7
2011-07-29,16.88,17.24,16.82,17.16,323500,0,0,29,2011,7
2011-08-01,17.32,17.32,16.93,17.12,302100,0,0,01,2011,8
2011-08-02,16.99,17.28,16.87,16.89,363000,0,0,02,2011,8
2011-08-03,16.98,17.26,16.52,17.11,220100,0,0,03,2011,8
2011-08-04,16.91,17.22,16.6,16.73,411100,0,0,04,2011,8
2011-08-05,16.93,17.38,16.5,16.96,550600,0,0,05,2011,8
2011-08-08,16.47,17.33,14.82,14.86,561000,0,0,08,2011,8
2011-08-09,15.21,16.0,14.3,15.98,457900,0,0,09,2011,8
2011-08-10,15.5,15.5,14.49,14.6,342900,0,0,10,2011,8
2011-08-11,14.68,15.41,14.37,15.23,371200,0,0,11,2011,8
2011-08-12,15.32,15.55,14.87,15.2,166100,0,0,12,2011,8
2011-08-15,15.34,15.47,14.96,15.43,133800,0,0,15,2011,8
2011-08-16,15.25,15.43,14.76,15.22,185000,0,0,16,2011,8
2011-08-17,15.33,15.39,14.95,15.1,69600,0,0,17,2011,8
2011-08-18,14.64,14.64,14.01,14.16,355100,0,0,18,2011,8
2011-08-19,13.92,14.33,13.55,13.76,266300,0,0,19,2011,8
2011-08-22,14.16,14.16,13.71,13.91,221000,0,0,22,2011,8
2011-08-23,14.03,14.42,13.86,14.38,300700,0,0,23,2011,8
2011-08-24,14.39,15.12,14.19,14.96,311200,0,0,24,2011,8
2011-08-25,15.1,15.13,14.34,14.47,734200,0,0,25,2011,8
2011-08-26,14.6,15.94,14.6,15.7,450800,0,0,26,2011,8
2011-08-29,15.89,16.17,15.68,16.11,287400,0,0,29,2011,8
2011-08-30,15.92,16.29,15.8,16.1,282200,0,0,30,2011,8
2011-08-31,16.2,16.33,15.98,16.27,261800,0,0,31,2011,8
2011-09-01,16.29,16.49,15.98,16.09,222800,0,0,01,2011,9
2011-09-02,15.65,16.08,15.37,15.71,343100,0,0,02,2011,9
2011-09-06,15.13,15.73,14.98,15.69,253500,0,0,06,2011,9
2011-09-07,16.0,16.47,15.92,16.43,210900,0,0,07,2011,9
2011-09-08,16.3,16.45,16.0,16.07,162200,0,0,08,2011,9
2011-09-09,15.91,16.04,15.53,15.67,430800,0,0,09,2011,9
2011-09-12,15.38,15.65,15.27,15.62,327600,0,0,12,2011,9
2011-09-13,15.69,15.82,15.54,15.73,517000,0,0,13,2011,9
2011-09-14,15.92,16.57,15.82,16.4,161500,0,0,14,2011,9
2011-09-15,16.58,16.98,16.39,16.96,139100,0,0,15,2011,9
2011-09-16,17.08,17.64,17.08,17.5,370700,0,0,16,2011,9
2011-09-19,17.11,17.27,16.67,16.95,182100,0,0,19,2011,9
2011-09-20,17.01,17.33,16.48,16.48,176000,0,0,20,2011,9
2011-09-21,16.48,17.28,16.29,16.35,194500,0,0,21,2011,9
2011-09-22,15.79,16.33,15.2,15.82,439900,0,0,22,2011,9
2011-09-23,15.82,16.59,15.82,15.9,351200,0,0,23,2011,9
2011-09-26,16.05,16.13,15.68,15.98,388900,0,0,26,2011,9
2011-09-27,16.37,16.79,16.19,16.49,332100,0,0,27,2011,9
2011-09-28,16.52,16.72,15.86,15.87,230200,0,0,28,2011,9
2011-09-29,16.31,16.31,15.76,16.05,272100,0,0,29,2011,9
2011-09-30,15.78,16.08,15.72,15.74,261400,0,0,30,2011,9
2011-10-03,15.57,15.83,14.68,14.69,444600,0,0,03,2011,10
2011-10-04,14.62,15.29,14.55,15.21,526400,0,0,04,2011,10
2011-10-05,15.26,15.87,15.18,15.71,238600,0,0,05,2011,10
2011-10-06,15.71,16.05,15.54,16.0,260400,0,0,06,2011,10
2011-10-07,16.06,16.1,15.35,15.41,190600,0,0,07,2011,10
2011-10-10,15.69,16.32,15.64,16.3,423100,0,0,10,2011,10
2011-10-11,16.17,16.53,16.1,16.48,213800,0,0,11,2011,10
2011-10-12,16.65,17.44,16.65,17.17,711400,0,0,12,2011,10
2011-10-13,17.06,17.33,16.82,17.17,123400,0,0,13,2011,10
2011-10-14,17.34,17.56,17.03,17.52,126900,0,0,14,2011,10
2011-10-17,17.3,17.37,16.84,16.91,232500,0,0,17,2011,10
2011-10-18,17.0,17.58,16.81,17.49,183300,0,0,18,2011,10
2011-10-19,17.42,17.57,16.84,16.92,183000,0,0,19,2011,10
2011-10-20,16.92,17.34,16.44,17.29,160200,0,0,20,2011,10
2011-10-21,17.64,17.84,17.48,17.8,346300,0,0,21,2011,10
2011-10-24,17.83,18.7,17.78,18.54,396100,0,0,24,2011,10
2011-10-25,18.34,18.36,18.0,18.21,296300,0,0,25,2011,10
2011-10-26,17.88,19.31,17.88,19.3,574700,0,0,26,2011,10
2011-10-27,19.97,20.37,19.01,20.36,1283100,0,0,27,2011,10
2011-10-28,20.16,20.56,19.62,19.95,332900,0,0,28,2011,10
2011-10-31,19.55,19.79,19.33,19.37,202100,0,0,31,2011,10
2011-11-01,18.58,18.71,17.9,18.3,341900,0,0,01,2011,11
2011-11-02,18.66,18.98,18.32,18.46,358300,0,0,02,2011,11
2011-11-03,18.69,19.0,18.31,18.93,319800,0,0,03,2011,11
2011-11-04,18.7,18.7,18.28,18.38,208600,0,0,04,2011,11
2011-11-07,18.38,18.73,18.0,18.69,261200,0,0,07,2011,11
2011-11-08,18.92,19.0,18.36,18.73,278600,0,0,08,2011,11
2011-11-09,18.11,18.42,17.85,17.88,221700,0,0,09,2011,11
2011-11-10,18.19,18.19,17.7,17.73,188400,0,0,10,2011,11
2011-11-11,17.98,18.49,17.98,18.42,180100,0,0,11,2011,11
2011-11-14,18.34,18.46,17.72,17.84,152600,0,0,14,2011,11
2011-11-15,17.9,18.13,17.57,17.96,205800,0,0,15,2011,11
2011-11-16,17.72,18.08,17.46,17.48,143400,0,0,16,2011,11
2011-11-17,17.36,17.61,17.0,17.09,134900,0,0,17,2011,11
2011-11-18,17.08,17.26,16.98,17.19,138400,0,0,18,2011,11
2011-11-21,17.15,17.34,16.75,16.97,150900,0,0,21,2011,11
2011-11-22,16.98,17.0,16.42,16.44,93700,0,0,22,2011,11
2011-11-23,16.29,16.34,15.91,15.98,119300,0,0,23,2011,11
2011-11-25,15.81,16.03,15.62,15.7,87400,0,0,25,2011,11
2011-11-28,16.24,16.57,16.13,16.57,188000,0,0,28,2011,11
2011-11-29,16.54,16.72,16.29,16.67,123700,0,0,29,2011,11
2011-11-30,17.38,18.02,17.19,18.0,389700,0,0,30,2011,11
2011-12-01,17.92,18.13,17.58,17.6,139800,0,0,01,2011,12
2011-12-02,17.9,17.9,17.41,17.45,87900,0,0,02,2011,12
2011-12-05,17.98,18.01,17.53,17.69,135000,0,0,05,2011,12
2011-12-06,17.7,18.01,17.34,17.88,251000,0,0,06,2011,12
2011-12-07,17.77,17.91,17.18,17.79,216100,0,0,07,2011,12
2011-12-08,17.45,17.81,17.38,17.4,187100,0,0,08,2011,12
2011-12-09,17.5,17.99,17.39,17.86,169000,0,0,09,2011,12
2011-12-12,17.6,17.6,17.14,17.52,101500,0,0,12,2011,12
2011-12-13,17.67,17.84,16.95,17.03,148700,0,0,13,2011,12
2011-12-14,16.82,16.97,16.29,16.39,259200,0,0,14,2011,12
2011-12-15,16.7,16.7,16.36,16.5,194800,0,0,15,2011,12
2011-12-16,16.66,17.04,16.43,16.81,299700,0,0,16,2011,12
2011-12-19,16.89,17.19,16.27,16.31,268300,0,0,19,2011,12
2011-12-20,16.76,17.85,16.39,17.85,311000,0,0,20,2011,12
2011-12-21,17.91,17.96,17.47,17.9,204300,0,0,21,2011,12
2011-12-22,17.96,18.34,17.9,18.32,245600,0,0,22,2011,12
2011-12-23,18.34,18.42,18.0,18.38,184300,0,0,23,2011,12
2011-12-27,18.26,18.65,18.02,18.44,106600,0,0,27,2011,12
2011-12-28,18.38,18.5,17.93,18.02,153400,0,0,28,2011,12
2011-12-29,18.14,18.62,18.12,18.54,193100,0,0,29,2011,12
2011-12-30,18.47,18.73,18.29,18.48,154800,0,0,30,2011,12
2012-01-03,18.67,19.3,18.67,19.2,272000,0,0,03,2012,1
2012-01-04,19.07,19.33,18.58,18.85,215800,0,0,04,2012,1
2012-01-05,18.69,19.47,18.34,19.15,212400,0,0,05,2012,1
2012-01-06,19.08,19.26,18.83,18.85,164200,0,0,06,2012,1
2012-01-09,18.93,19.02,18.66,18.87,317500,0,0,09,2012,1
2012-01-10,19.17,19.48,19.01,19.38,140000,0,0,10,2012,1
2012-01-11,19.3,19.45,19.07,19.39,120900,0,0,11,2012,1
2012-01-12,19.39,19.44,19.15,19.18,101900,0,0,12,2012,1
2012-01-13,18.88,19.05,18.48,18.65,184300,0,0,13,2012,1
2012-01-17,18.78,18.98,18.17,18.25,184700,0,0,17,2012,1
2012-01-18,18.25,19.19,18.25,19.15,165800,0,0,18,2012,1
2012-01-19,19.18,19.32,19.0,19.13,75600,0,0,19,2012,1
2012-01-20,19.08,19.24,18.79,18.89,118500,0,0,20,2012,1
2012-01-23,18.81,18.81,17.77,18.23,417800,0,0,23,2012,1
2012-01-24,18.15,18.57,17.92,18.53,175300,0,0,24,2012,1
2012-01-25,18.43,18.7,18.26,18.66,98000,0,0,25,2012,1
2012-01-26,18.78,18.78,18.43,18.64,96600,0,0,26,2012,1
2012-01-27,18.52,18.84,18.49,18.72,85400,0,0,27,2012,1
2012-01-30,18.58,18.71,17.97,18.12,181300,0,0,30,2012,1
2012-01-31,18.29,18.57,18.09,18.36,186100,0,0,31,2012,1
2012-02-01,18.5,18.72,18.4,18.68,182300,0,0,01,2012,2
2012-02-02,18.67,19.55,18.49,19.14,170300,0,0,02,2012,2
2012-02-03,19.53,20.01,19.23,19.3,219500,0,0,03,2012,2
2012-02-06,19.24,19.33,19.02,19.12,168800,0,0,06,2012,2
2012-02-07,19.08,19.26,18.8,19.03,169300,0,0,07,2012,2
2012-02-08,19.03,19.33,18.83,18.97,138700,0,0,08,2012,2
2012-02-09,19.03,19.11,18.77,18.96,108500,0,0,09,2012,2
2012-02-10,18.7,19.18,18.63,18.99,159800,0,0,10,2012,2
2012-02-13,19.24,19.41,19.09,19.31,146400,0,0,13,2012,2
2012-02-14,19.24,19.33,18.55,18.75,106000,0,0,14,2012,2
2012-02-15,18.89,19.17,18.52,18.61,184900,0,0,15,2012,2
2012-02-16,18.63,19.0,18.63,18.93,153700,0,0,16,2012,2
2012-02-17,19.06,19.06,18.64,18.68,107500,0,0,17,2012,2
2012-02-21,20.39,20.53,19.25,19.63,309700,0,0,21,2012,2
2012-02-22,19.66,19.84,19.17,19.6,347700,0,0,22,2012,2
2012-02-23,19.68,19.74,19.35,19.55,366600,0,0,23,2012,2
2012-02-24,19.52,19.6,19.42,19.44,96200,0,0,24,2012,2
2012-02-27,19.2,19.53,18.82,19.48,179900,0,0,27,2012,2
2012-02-28,19.56,19.56,19.06,19.17,165000,0,0,28,2012,2
2012-02-29,19.18,19.55,19.06,19.29,323600,0,0,29,2012,2
2012-03-01,19.35,19.38,18.75,18.75,147400,0,0,01,2012,3
2012-03-02,18.78,18.81,17.75,17.95,230400,0,0,02,2012,3
2012-03-05,17.86,18.12,17.64,18.04,127000,0,0,05,2012,3
2012-03-06,17.91,18.0,17.71,17.78,214800,0,0,06,2012,3
2012-03-07,17.78,17.84,17.64,17.8,108300,0,0,07,2012,3
2012-03-08,17.9,18.09,17.54,18.07,127100,0,0,08,2012,3
2012-03-09,18.04,18.49,17.78,18.06,206000,0,0,09,2012,3
2012-03-12,18.05,18.1,17.66,17.94,123200,0,0,12,2012,3
2012-03-13,18.14,18.14,17.74,18.03,154000,0,0,13,2012,3
2012-03-14,17.99,18.02,17.56,17.59,106600,0,0,14,2012,3
2012-03-15,17.59,18.02,17.5,18.01,175500,0,0,15,2012,3
2012-03-16,18.09,18.09,17.77,17.98,223200,0,0,16,2012,3
2012-03-19,17.92,18.75,17.74,18.43,196300,0,0,19,2012,3
2012-03-20,18.25,18.43,18.11,18.35,125800,0,0,20,2012,3
2012-03-21,18.41,19.62,18.32,19.29,385800,0,0,21,2012,3
2012-03-22,19.03,19.43,18.92,19.34,372500,0,0,22,2012,3
2012-03-23,19.38,19.67,19.06,19.64,158000,0,0,23,2012,3
2012-03-26,19.84,20.11,19.68,20.08,150600,0,0,26,2012,3
2012-03-27,20.15,20.47,19.85,20.37,255800,0,0,27,2012,3
2012-03-28,20.44,20.83,20.19,20.77,335600,0,0,28,2012,3
2012-03-29,20.65,20.84,20.3,20.75,461800,0,0,29,2012,3
2012-03-30,20.94,21.03,20.71,20.89,330500,0,0,30,2012,3
2012-04-02,20.89,21.32,20.88,21.28,258500,0,0,02,2012,4
2012-04-03,21.18,21.34,20.87,21.0,172700,0,0,03,2012,4
2012-04-04,20.7,20.7,20.28,20.66,158600,0,0,04,2012,4
2012-04-05,20.47,21.13,20.13,20.93,174200,0,0,05,2012,4
2012-04-09,20.45,20.59,20.2,20.27,239300,0,0,09,2012,4
2012-04-10,20.27,20.37,19.8,20.26,284300,0,0,10,2012,4
2012-04-11,20.43,20.67,20.2,20.53,257000,0,0,11,2012,4
2012-04-12,20.5,20.97,20.44,20.88,150000,0,0,12,2012,4
2012-04-13,20.73,20.78,20.42,20.43,85000,0,0,13,2012,4
2012-04-16,20.46,20.81,20.43,20.55,122700,0,0,16,2012,4
2012-04-17,20.75,21.1,20.64,20.86,128500,0,0,17,2012,4
2012-04-18,20.72,20.8,20.25,20.49,77300,0,0,18,2012,4
2012-04-19,20.49,20.78,20.07,20.29,184200,0,0,19,2012,4
2012-04-20,20.72,20.86,20.29,20.84,496100,0,0,20,2012,4
2012-04-23,21.27,21.28,20.31,20.85,267300,0,0,23,2012,4
2012-04-24,20.93,21.25,20.77,21.2,177500,0,0,24,2012,4
2012-04-25,21.5,22.5,21.09,21.22,564500,0,0,25,2012,4
2012-04-26,21.25,21.39,20.95,20.99,297000,0,0,26,2012,4
2012-04-27,20.99,21.66,20.81,21.51,956900,0,0,27,2012,4
2012-04-30,21.46,21.69,21.21,21.63,393800,0,0,30,2012,4
2012-05-01,21.58,22.38,21.47,21.75,259000,0,0,01,2012,5
2012-05-02,21.63,22.06,21.25,21.91,653300,0,0,02,2012,5
2012-05-03,21.82,21.82,21.41,21.52,186000,0,0,03,2012,5
2012-05-04,21.4,21.4,20.99,21.15,206300,0,0,04,2012,5
2012-05-07,21.05,21.62,20.93,21.32,513700,0,0,07,2012,5
2012-05-08,21.11,21.5,20.93,21.08,790600,0,0,08,2012,5
2012-05-09,20.77,20.84,20.5,20.74,159000,0,0,09,2012,5
2012-05-10,20.88,21.04,20.66,20.82,275000,0,0,10,2012,5
2012-05-11,20.62,20.91,20.44,20.53,162400,0,0,11,2012,5
2012-05-14,20.28,20.39,19.61,20.21,137500,0,0,14,2012,5
2012-05-15,20.15,20.42,20.0,20.1,176000,0,0,15,2012,5
2012-05-16,20.2,20.3,19.59,19.64,255600,0,0,16,2012,5
2012-05-17,19.54,19.6,18.81,18.94,367900,0,0,17,2012,5
2012-05-18,18.91,19.05,18.23,18.38,268300,0,0,18,2012,5
2012-05-21,18.49,18.95,18.15,18.79,187800,0,0,21,2012,5
2012-05-22,18.76,18.89,18.49,18.63,116000,0,0,22,2012,5
2012-05-23,18.41,18.83,18.22,18.77,83000,0,0,23,2012,5
2012-05-24,18.78,19.09,18.6,19.08,163200,0,0,24,2012,5
2012-05-25,19.03,19.14,18.77,18.79,165800,0,0,25,2012,5
2012-05-29,18.93,19.36,18.87,19.08,104300,0,0,29,2012,5
2012-05-30,18.87,18.96,18.32,18.39,150900,0,0,30,2012,5
2012-05-31,18.43,18.45,17.85,17.99,253900,0,0,31,2012,5
2012-06-01,17.62,17.77,17.33,17.33,190300,0,0,01,2012,6
2012-06-04,17.51,17.71,17.22,17.7,124800,0,0,04,2012,6
2012-06-05,17.57,17.85,17.51,17.66,241000,0,0,05,2012,6
2012-06-06,17.77,18.0,17.7,17.94,156500,0,0,06,2012,6
2012-06-07,18.23,18.4,17.54,17.57,192900,0,0,07,2012,6
2012-06-08,17.48,17.65,17.19,17.45,215300,0,0,08,2012,6
2012-06-11,17.68,17.81,16.82,16.85,187500,0,0,11,2012,6
2012-06-12,16.97,17.04,16.62,16.71,161200,0,0,12,2012,6
2012-06-13,16.64,16.64,16.2,16.26,233300,0,0,13,2012,6
2012-06-14,16.3,16.55,16.26,16.46,137400,0,0,14,2012,6
2012-06-15,16.4,16.55,16.27,16.5,281200,0,0,15,2012,6
2012-06-18,16.43,16.77,16.29,16.64,177500,0,0,18,2012,6
2012-06-19,16.67,16.94,16.6,16.67,211900,0,0,19,2012,6
2012-06-20,16.63,16.84,16.17,16.3,326200,0,0,20,2012,6
2012-06-21,16.26,16.62,15.91,15.99,465400,0,0,21,2012,6
2012-06-22,16.1,16.64,16.04,16.59,536900,0,0,22,2012,6
2012-06-25,16.28,16.52,16.22,16.39,298600,0,0,25,2012,6
2012-06-26,16.39,16.76,16.34,16.65,109900,0,0,26,2012,6
2012-06-27,16.64,16.78,16.53,16.68,107000,0,0,27,2012,6
2012-06-28,16.48,16.57,16.16,16.56,132900,0,0,28,2012,6
2012-06-29,16.84,17.13,16.7,17.07,143700,0,0,29,2012,6
2012-07-02,17.14,17.48,17.01,17.48,133600,0,0,02,2012,7
2012-07-03,17.41,17.98,17.27,17.98,133600,0,0,03,2012,7
2012-07-05,17.9,18.08,17.56,18.0,165800,0,0,05,2012,7
2012-07-06,17.79,17.9,17.4,17.67,166800,0,0,06,2012,7
2012-07-09,17.58,17.74,17.43,17.7,95700,0,0,09,2012,7
2012-07-10,17.75,17.82,17.42,17.48,134100,0,0,10,2012,7
2012-07-11,17.49,17.68,17.25,17.55,417700,0,0,11,2012,7
2012-07-12,17.37,17.55,17.24,17.46,108200,0,0,12,2012,7
2012-07-13,17.5,17.67,17.4,17.48,100200,0,0,13,2012,7
2012-07-16,17.35,17.49,17.15,17.17,159900,0,0,16,2012,7
2012-07-17,17.28,17.53,16.93,17.49,209000,0,0,17,2012,7
2012-07-18,17.49,18.08,17.46,18.06,167000,0,0,18,2012,7
2012-07-19,18.09,18.17,17.91,17.91,90100,0,0,19,2012,7
2012-07-20,17.73,17.91,17.41,17.45,154500,0,0,20,2012,7
2012-07-23,17.21,17.21,16.43,16.5,164900,0,0,23,2012,7
2012-07-24,16.6,16.64,15.97,16.11,824500,0,0,24,2012,7
2012-07-25,16.22,17.85,16.18,17.36,601000,0,0,25,2012,7
2012-07-26,17.69,18.25,17.69,18.16,255200,0,0,26,2012,7
2012-07-27,18.27,18.79,17.91,18.7,138900,0,0,27,2012,7
2012-07-30,18.71,18.84,18.14,18.23,128700,0,0,30,2012,7
2012-07-31,18.21,18.81,18.16,18.28,176200,0,0,31,2012,7
2012-08-01,18.31,18.58,17.3,17.34,163800,0,0,01,2012,8
2012-08-02,17.26,17.61,16.99,17.04,296500,0,0,02,2012,8
2012-08-03,17.43,17.85,17.32,17.7,397700,0,0,03,2012,8
2012-08-06,17.75,18.0,17.38,17.46,229800,0,0,06,2012,8
2012-08-07,17.56,17.92,17.5,17.7,262200,0,0,07,2012,8
2012-08-08,17.68,17.82,17.58,17.64,193800,0,0,08,2012,8
2012-08-09,17.65,18.07,17.45,17.87,164000,0,0,09,2012,8
2012-08-10,17.86,17.86,17.46,17.55,155500,0,0,10,2012,8
2012-08-13,17.48,17.96,17.31,17.79,691300,0,0,13,2012,8
2012-08-14,17.92,17.92,17.3,17.43,145200,0,0,14,2012,8
2012-08-15,17.38,17.6,17.3,17.55,98900,0,0,15,2012,8
2012-08-16,17.49,18.07,17.49,17.86,514800,0,0,16,2012,8
2012-08-17,17.83,18.09,17.83,18.04,123800,0,0,17,2012,8
2012-08-20,18.02,18.02,17.75,17.86,74700,0,0,20,2012,8
2012-08-21,17.91,17.98,17.59,17.66,222000,0,0,21,2012,8
2012-08-22,17.68,17.79,17.46,17.77,75200,0,0,22,2012,8
2012-08-23,17.8,17.81,17.52,17.73,262700,0,0,23,2012,8
2012-08-24,17.64,17.9,17.52,17.58,157500,0,0,24,2012,8
2012-08-27,17.68,17.84,17.45,17.67,105100,0,0,27,2012,8
2012-08-28,17.64,17.85,17.59,17.78,153000,0,0,28,2012,8
2012-08-29,17.8,17.99,17.65,17.88,64800,0,0,29,2012,8
2012-08-30,17.72,17.83,17.57,17.57,87200,0,0,30,2012,8
2012-08-31,17.76,17.81,17.51,17.76,201600,0,0,31,2012,8
2012-09-04,17.74,17.91,17.39,17.75,115900,0,0,04,2012,9
2012-09-05,17.85,17.85,17.56,17.64,507000,0,0,05,2012,9
2012-09-06,17.75,18.35,17.75,18.24,193400,0,0,06,2012,9
2012-09-07,18.39,18.49,18.27,18.41,212900,0,0,07,2012,9
2012-09-10,18.38,18.47,18.11,18.11,100000,0,0,10,2012,9
2012-09-11,18.14,18.22,17.73,17.81,84300,0,0,11,2012,9
2012-09-12,17.84,17.96,17.5,17.58,196500,0,0,12,2012,9
2012-09-13,17.58,18.23,17.47,18.19,199600,0,0,13,2012,9
2012-09-14,18.25,18.76,18.25,18.57,301800,0,0,14,2012,9
2012-09-17,18.4,18.66,18.3,18.57,362600,0,0,17,2012,9
2012-09-18,18.55,18.81,18.07,18.31,348700,0,0,18,2012,9
2012-09-19,18.37,18.4,18.1,18.13,266400,0,0,19,2012,9
2012-09-20,18.04,18.06,17.76,17.81,103500,0,0,20,2012,9
2012-09-21,18.0,18.0,17.77,17.78,281700,0,0,21,2012,9
2012-09-24,17.68,17.97,17.55,17.74,224300,0,0,24,2012,9
2012-09-25,17.8,18.0,17.44,17.5,247500,0,0,25,2012,9
2012-09-26,17.53,18.01,17.46,17.86,209200,0,0,26,2012,9
2012-09-27,17.92,18.57,17.72,18.47,200400,0,0,27,2012,9
2012-09-28,18.37,18.87,18.26,18.79,236800,0,0,28,2012,9
2012-10-01,18.84,19.17,18.74,19.16,235800,0,0,01,2012,10
2012-10-02,19.21,19.26,19.0,19.08,176800,0,0,02,2012,10
2012-10-03,19.11,19.22,19.0,19.15,161700,0,0,03,2012,10
2012-10-04,19.21,19.53,19.03,19.45,122100,0,0,04,2012,10
2012-10-05,19.49,19.68,19.36,19.52,142200,0,0,05,2012,10
2012-10-08,19.39,19.53,19.1,19.49,111000,0,0,08,2012,10
2012-10-09,19.49,19.52,19.08,19.34,162200,0,0,09,2012,10
2012-10-10,19.35,19.45,19.24,19.41,162300,0,0,10,2012,10
2012-10-11,19.55,19.72,19.43,19.63,151300,0,0,11,2012,10
2012-10-12,19.61,19.61,18.46,19.01,280700,0,0,12,2012,10
2012-10-15,19.05,19.57,18.96,19.41,164200,0,0,15,2012,10
2012-10-16,19.58,19.86,19.41,19.83,379200,0,0,16,2012,10
2012-10-17,19.85,20.11,19.7,19.91,158300,0,0,17,2012,10
2012-10-18,19.9,20.11,19.78,19.9,186500,0,0,18,2012,10
2012-10-19,19.77,19.82,19.6,19.69,190200,0,0,19,2012,10
2012-10-22,19.59,19.64,19.31,19.44,133600,0,0,22,2012,10
2012-10-23,19.21,19.45,19.01,19.29,137200,0,0,23,2012,10
2012-10-24,19.35,19.95,19.25,19.33,195600,0,0,24,2012,10
2012-10-25,19.55,20.42,19.46,20.41,240200,0,0,25,2012,10
2012-10-26,20.45,20.56,20.3,20.48,187400,0,0,26,2012,10
2012-10-31,20.43,20.64,20.26,20.29,296100,0,0,31,2012,10
2012-11-01,20.28,20.71,20.25,20.45,251200,0,0,01,2012,11
2012-11-02,20.45,20.45,19.91,19.96,160600,0,0,02,2012,11
2012-11-05,19.93,20.06,19.6,20.04,191900,0,0,05,2012,11
2012-11-06,20.16,20.24,19.94,20.13,207000,0,0,06,2012,11
2012-11-07,19.82,20.22,19.71,20.04,253000,0,0,07,2012,11
2012-11-08,19.97,20.2,19.85,19.86,198200,0,0,08,2012,11
2012-11-09,19.8,20.17,19.74,20.03,272100,0,0,09,2012,11
2012-11-12,20.12,20.54,20.1,20.3,300600,0,0,12,2012,11
2012-11-13,20.2,20.47,20.02,20.16,250000,0,0,13,2012,11
2012-11-14,20.26,20.26,19.99,20.11,161700,0,0,14,2012,11
2012-11-15,20.05,20.08,19.67,19.88,175900,0,0,15,2012,11
2012-11-16,19.79,20.33,19.55,20.26,248400,0,0,16,2012,11
2012-11-19,20.56,21.16,20.3,21.15,254400,0,0,19,2012,11
2012-11-20,21.03,21.1,20.8,21.07,185100,0,0,20,2012,11
2012-11-21,21.1,21.62,20.95,21.45,184200,0,0,21,2012,11
2012-11-23,21.48,21.8,21.35,21.73,87500,0,0,23,2012,11
2012-11-26,21.66,21.98,21.42,21.98,156700,0,0,26,2012,11
2012-11-27,21.96,22.18,21.68,21.76,140500,0,0,27,2012,11
2012-11-28,21.66,21.93,21.54,21.79,99500,0,0,28,2012,11
2012-11-29,21.95,22.42,21.79,22.31,174300,0,0,29,2012,11
2012-11-30,22.41,22.45,22.06,22.26,194400,0,0,30,2012,11
2012-12-03,22.43,22.5,22.1,22.22,279400,0,0,03,2012,12
2012-12-04,22.22,22.29,22.02,22.21,265400,0,0,04,2012,12
2012-12-05,22.28,23.06,22.07,22.7,243300,0,0,05,2012,12
2012-12-06,22.69,22.86,22.46,22.58,139200,0,0,06,2012,12
2012-12-07,22.64,22.65,22.36,22.55,173900,0,0,07,2012,12
2012-12-10,22.55,22.95,22.38,22.95,187400,0,0,10,2012,12
2012-12-11,23.05,23.75,22.92,23.63,227200,0,0,11,2012,12
2012-12-12,23.65,23.8,23.33,23.62,1044200,0,0,12,2012,12
2012-12-13,23.58,23.66,23.35,23.5,222700,0,0,13,2012,12
2012-12-14,23.12,23.66,23.12,23.44,413700,0,0,14,2012,12
2012-12-17,23.18,23.31,22.66,23.12,513500,0,0,17,2012,12
2012-12-18,23.1,23.62,23.07,23.27,292700,0,0,18,2012,12
2012-12-19,23.22,23.58,23.18,23.5,296600,0,0,19,2012,12
2012-12-20,23.45,23.74,23.41,23.65,266300,0,0,20,2012,12
2012-12-21,23.42,23.79,23.16,23.53,493900,0,0,21,2012,12
2012-12-24,23.48,23.48,23.17,23.48,55800,0,0,24,2012,12
2012-12-26,23.61,23.72,23.22,23.31,124500,0,0,26,2012,12
2012-12-27,23.29,23.45,22.47,23.33,342600,0,0,27,2012,12
2012-12-28,23.16,24.0,23.0,23.28,382300,0,0,28,2012,12
2012-12-31,23.28,23.65,22.84,23.6,189800,0,0,31,2012,12
2013-01-02,24.09,24.09,23.63,23.92,430800,0,0,02,2013,1
2013-01-03,23.9,23.99,23.42,23.57,244000,0,0,03,2013,1
2013-01-04,23.73,23.74,23.46,23.69,198600,0,0,04,2013,1
2013-01-07,23.56,23.89,23.54,23.86,119300,0,0,07,2013,1
2013-01-08,23.75,23.96,23.55,23.85,148700,0,0,08,2013,1
2013-01-09,24.0,24.58,23.8,24.58,253500,0,0,09,2013,1
2013-01-10,24.77,24.77,24.13,24.55,171000,0,0,10,2013,1
2013-01-11,24.58,24.81,24.46,24.76,575300,0,0,11,2013,1
2013-01-14,24.83,25.19,24.52,24.72,242600,0,0,14,2013,1
2013-01-15,24.54,24.73,24.41,24.66,121000,0,0,15,2013,1
2013-01-16,24.56,24.71,24.45,24.52,108400,0,0,16,2013,1
2013-01-17,24.84,25.1,24.7,24.85,315700,0,0,17,2013,1
2013-01-18,24.76,24.9,24.58,24.72,180800,0,0,18,2013,1
2013-01-22,24.77,24.8,24.53,24.8,125200,0,0,22,2013,1
2013-01-23,24.85,24.91,24.65,24.67,78700,0,0,23,2013,1
2013-01-24,24.67,24.81,24.47,24.76,148400,0,0,24,2013,1
2013-01-25,24.84,24.92,24.54,24.69,118100,0,0,25,2013,1
2013-01-28,24.81,24.86,24.46,24.6,129000,0,0,28,2013,1
2013-01-29,24.53,24.63,24.33,24.6,142500,0,0,29,2013,1
2013-01-30,24.54,24.54,24.21,24.39,169400,0,0,30,2013,1
2013-01-31,24.42,24.58,24.38,24.47,242000,0,0,31,2013,1
2013-02-01,24.65,24.75,24.24,24.62,200100,0,0,01,2013,2
2013-02-04,24.47,24.58,24.08,24.27,168200,0,0,04,2013,2
2013-02-05,24.4,24.69,24.26,24.26,198800,0,0,05,2013,2
2013-02-06,24.16,24.85,24.16,24.75,227900,0,0,06,2013,2
2013-02-07,24.71,24.82,24.33,24.44,112700,0,0,07,2013,2
2013-02-08,24.53,24.85,24.31,24.62,209200,0,0,08,2013,2
2013-02-11,24.54,24.66,24.29,24.59,121400,0,0,11,2013,2
2013-02-12,24.63,25.0,24.5,24.51,292200,0,0,12,2013,2
2013-02-13,24.48,24.59,23.29,23.79,612800,0,0,13,2013,2
2013-02-14,23.81,24.16,23.63,23.91,291500,0,0,14,2013,2
2013-02-15,24.04,24.46,24.04,24.23,250100,0,0,15,2013,2
2013-02-19,24.26,24.9,24.26,24.8,206800,0,0,19,2013,2
2013-02-20,24.79,24.9,24.41,24.44,464200,0,0,20,2013,2
2013-02-21,24.39,24.58,23.39,23.7,262400,0,0,21,2013,2
2013-02-22,23.86,24.06,23.37,23.79,306700,0,0,22,2013,2
2013-02-25,23.84,23.91,23.16,23.24,246900,0,0,25,2013,2
2013-02-26,23.31,23.53,22.94,23.14,280400,0,0,26,2013,2
2013-02-27,23.13,23.92,23.08,23.86,506000,0,0,27,2013,2
2013-02-28,23.81,24.29,23.75,24.14,326300,0,0,28,2013,2
2013-03-01,23.92,24.72,23.92,24.56,271500,0,0,01,2013,3
2013-03-04,24.5,24.59,24.2,24.5,316600,0,0,04,2013,3
2013-03-05,24.68,24.8,24.28,24.77,112000,0,0,05,2013,3
2013-03-06,24.84,24.9,24.63,24.85,243500,0,0,06,2013,3
2013-03-07,24.83,24.86,24.52,24.57,131700,0,0,07,2013,3
2013-03-08,24.74,24.74,24.39,24.53,162600,0,0,08,2013,3
2013-03-11,24.5,24.5,24.33,24.38,147300,0,0,11,2013,3
2013-03-12,24.35,24.44,24.19,24.22,188500,0,0,12,2013,3
2013-03-13,24.16,24.3,24.01,24.18,316500,0,0,13,2013,3
2013-03-14,24.24,24.69,24.24,24.68,198100,0,0,14,2013,3
2013-03-15,24.71,24.72,23.72,24.29,336900,0,0,15,2013,3
2013-03-18,24.12,24.6,24.12,24.36,158900,0,0,18,2013,3
2013-03-19,24.35,24.53,24.03,24.26,188600,0,0,19,2013,3
2013-03-20,24.31,25.12,24.31,25.11,404300,0,0,20,2013,3
2013-03-21,24.97,25.39,24.9,25.3,211100,0,0,21,2013,3
2013-03-22,25.38,25.68,25.26,25.66,176100,0,0,22,2013,3
2013-03-25,25.82,26.08,25.43,25.93,300100,0,0,25,2013,3
2013-03-26,26.07,26.15,25.62,25.75,242200,0,0,26,2013,3
2013-03-27,25.61,25.97,25.44,25.96,127300,0,0,27,2013,3
2013-03-28,25.8,26.48,25.7,26.34,270300,0,0,28,2013,3
2013-04-01,26.25,26.38,25.92,26.15,198400,0,0,01,2013,4
2013-04-02,26.23,26.48,26.09,26.38,194200,0,0,02,2013,4
2013-04-03,26.4,26.75,26.4,26.66,602900,0,0,03,2013,4
2013-04-04,26.7,27.0,26.6,26.76,175400,0,0,04,2013,4
2013-04-05,26.31,26.64,25.99,26.54,397000,0,0,05,2013,4
2013-04-08,26.66,26.66,26.3,26.55,152900,0,0,08,2013,4
2013-04-09,26.54,26.76,26.45,26.55,551700,0,0,09,2013,4
2013-04-10,26.57,28.0,26.42,28.0,504500,0,0,10,2013,4
2013-04-11,28.0,28.25,27.93,28.04,145800,0,0,11,2013,4
2013-04-12,27.06,27.24,25.92,26.71,598100,0,0,12,2013,4
2013-04-15,26.55,26.7,25.92,26.0,292100,0,0,15,2013,4
2013-04-16,26.15,26.65,25.95,26.62,284700,0,0,16,2013,4
2013-04-17,26.48,26.7,25.91,26.42,275400,0,0,17,2013,4
2013-04-18,26.54,26.83,26.39,26.66,240200,0,0,18,2013,4
2013-04-19,26.65,27.31,26.41,27.23,232700,0,0,19,2013,4
2013-04-22,27.4,27.56,27.14,27.35,288700,0,0,22,2013,4
2013-04-23,27.56,28.02,27.27,28.02,222200,0,0,23,2013,4
2013-04-24,28.15,30.0,27.7,29.9,531500,0,0,24,2013,4
2013-04-25,30.0,30.6,29.58,29.64,259800,0,0,25,2013,4
2013-04-26,29.67,29.67,28.96,29.4,207500,0,0,26,2013,4
2013-04-29,29.58,30.3,29.47,30.1,157900,0,0,29,2013,4
2013-04-30,30.17,30.95,30.06,30.53,285900,0,0,30,2013,4
2013-05-01,30.36,30.71,29.82,29.99,266000,0,0,01,2013,5
2013-05-02,30.0,30.93,29.98,30.67,148700,0,0,02,2013,5
2013-05-03,30.94,31.97,30.93,31.33,600100,0,0,03,2013,5
2013-05-06,31.3,31.62,30.97,30.97,225600,0,0,06,2013,5
2013-05-07,30.97,31.25,30.83,31.25,221800,0,0,07,2013,5
2013-05-08,30.61,30.93,30.22,30.89,343200,0,0,08,2013,5
2013-05-09,30.76,31.06,30.7,31.0,111200,0,0,09,2013,5
2013-05-10,31.1,31.6,30.82,31.4,122300,0,0,10,2013,5
2013-05-13,31.33,31.69,31.17,31.68,122700,0,0,13,2013,5
2013-05-14,31.69,32.75,31.52,32.58,342400,0,0,14,2013,5
2013-05-15,32.5,32.61,32.03,32.26,225500,0,0,15,2013,5
2013-05-16,32.07,32.57,32.01,32.35,152100,0,0,16,2013,5
2013-05-17,32.37,32.85,32.36,32.57,230500,0,0,17,2013,5
2013-05-20,32.4,32.65,32.2,32.47,131800,0,0,20,2013,5
2013-05-21,32.51,32.67,32.25,32.38,98400,0,0,21,2013,5
2013-05-22,32.48,32.51,31.25,31.47,179000,0,0,22,2013,5
2013-05-23,31.29,31.47,31.08,31.28,190300,0,0,23,2013,5
2013-05-24,31.19,31.86,30.92,31.48,149100,0,0,24,2013,5
2013-05-28,31.94,32.04,31.2,31.58,220200,0,0,28,2013,5
2013-05-29,31.32,31.64,31.05,31.25,135700,0,0,29,2013,5
2013-05-30,31.28,31.52,30.93,31.08,304500,0,0,30,2013,5
2013-05-31,30.83,31.0,30.45,30.5,163000,0,0,31,2013,5
2013-06-03,30.68,31.15,30.2,30.69,319500,0,0,03,2013,6
2013-06-04,30.77,30.93,30.33,30.49,167100,0,0,04,2013,6
2013-06-05,30.46,30.48,29.66,29.78,100000,0,0,05,2013,6
2013-06-06,29.88,30.34,29.76,30.3,192700,0,0,06,2013,6
2013-06-07,30.53,31.39,30.53,31.28,256800,0,0,07,2013,6
2013-06-10,31.31,31.57,30.94,31.04,156800,0,0,10,2013,6
2013-06-11,30.65,31.02,30.26,30.78,161800,0,0,11,2013,6
2013-06-12,31.08,31.08,30.61,30.81,78200,0,0,12,2013,6
2013-06-13,30.8,31.21,30.59,31.12,97800,0,0,13,2013,6
2013-06-14,31.09,31.09,30.49,30.65,82100,0,0,14,2013,6
2013-06-17,30.96,31.33,30.56,31.17,94200,0,0,17,2013,6
2013-06-18,31.29,31.89,31.03,31.72,193400,0,0,18,2013,6
2013-06-19,31.72,31.81,28.83,31.48,157400,0,0,19,2013,6
2013-06-20,31.15,31.15,30.26,30.39,159500,0,0,20,2013,6
2013-06-21,30.52,30.54,29.88,30.28,284300,0,0,21,2013,6
2013-06-24,29.91,31.53,29.81,30.47,530600,0,0,24,2013,6
2013-06-25,30.69,31.05,30.04,30.82,198700,0,0,25,2013,6
2013-06-26,30.98,31.15,30.76,30.91,255000,0,0,26,2013,6
2013-06-27,31.09,31.6,30.71,31.43,335400,0,0,27,2013,6
2013-06-28,31.4,32.25,30.97,31.86,2201100,0,0,28,2013,6
2013-07-01,32.0,32.81,31.91,32.63,230000,0,0,01,2013,7
2013-07-02,32.5,32.87,32.1,32.76,300500,0,0,02,2013,7
2013-07-03,32.46,33.24,32.25,32.88,73200,0,0,03,2013,7
2013-07-05,33.25,34.0,32.9,34.0,163200,0,0,05,2013,7
2013-07-08,34.0,34.21,33.43,33.5,134900,0,0,08,2013,7
2013-07-09,33.71,33.88,33.25,33.3,148300,0,0,09,2013,7
2013-07-10,33.27,33.43,33.06,33.35,113900,0,0,10,2013,7
2013-07-11,33.82,33.99,33.28,33.4,174600,0,0,11,2013,7
2013-07-12,33.3,33.68,33.05,33.1,230400,0,0,12,2013,7
2013-07-15,33.08,33.45,32.74,32.98,422600,0,0,15,2013,7
2013-07-16,32.94,33.31,32.62,33.27,324000,0,0,16,2013,7
2013-07-17,33.3,33.91,33.16,33.75,260000,0,0,17,2013,7
2013-07-18,33.9,34.42,33.8,34.42,319400,0,0,18,2013,7
2013-07-19,34.29,34.84,34.25,34.29,265300,0,0,19,2013,7
2013-07-22,34.11,34.34,34.04,34.11,236800,0,0,22,2013,7
2013-07-23,34.15,34.34,33.57,33.9,183300,0,0,23,2013,7
2013-07-24,35.0,36.14,33.91,35.75,732800,0,0,24,2013,7
2013-07-25,35.75,37.23,35.75,37.14,729900,0,0,25,2013,7
2013-07-26,36.72,36.85,36.46,36.73,553300,0,0,26,2013,7
2013-07-29,36.76,36.99,36.49,36.63,449500,0,0,29,2013,7
2013-07-30,36.92,37.0,36.75,36.94,275100,0,0,30,2013,7
2013-07-31,37.0,37.18,36.73,36.81,140700,0,0,31,2013,7
2013-08-01,37.18,38.09,37.11,38.01,218800,0,0,01,2013,8
2013-08-02,37.78,38.46,37.42,38.32,203500,0,0,02,2013,8
2013-08-05,38.38,38.63,37.57,37.88,269200,0,0,05,2013,8
2013-08-06,37.79,38.01,37.6,37.73,147300,0,0,06,2013,8
2013-08-07,37.7,37.77,37.48,37.51,121100,0,0,07,2013,8
2013-08-08,37.8,37.87,37.33,37.64,152900,0,0,08,2013,8
2013-08-09,37.47,37.62,37.24,37.53,54000,0,0,09,2013,8
2013-08-12,37.32,37.68,37.32,37.61,330200,0,0,12,2013,8
2013-08-13,37.68,37.92,37.23,37.73,87100,0,0,13,2013,8
2013-08-14,37.7,37.86,37.08,37.55,378400,0,0,14,2013,8
2013-08-15,37.13,37.42,36.68,36.79,303500,0,0,15,2013,8
2013-08-16,36.64,37.35,36.17,36.68,305900,0,0,16,2013,8
2013-08-19,36.72,37.1,36.37,36.7,233400,0,0,19,2013,8
2013-08-20,36.77,37.44,36.6,37.11,137800,0,0,20,2013,8
2013-08-21,36.92,37.31,36.58,36.96,123200,0,0,21,2013,8
2013-08-22,36.97,37.47,36.82,37.28,115700,0,0,22,2013,8
2013-08-23,37.31,37.32,36.48,36.59,83500,0,0,23,2013,8
2013-08-26,36.69,37.69,36.4,37.04,179400,0,0,26,2013,8
2013-08-27,36.6,36.74,35.28,35.36,126800,0,0,27,2013,8
2013-08-28,35.35,35.35,34.8,35.01,163200,0,0,28,2013,8
2013-08-29,35.02,35.31,34.7,35.21,279900,0,0,29,2013,8
2013-08-30,35.06,35.07,34.25,34.35,178000,0,0,30,2013,8
2013-09-03,34.73,35.6,34.73,35.13,176900,0,0,03,2013,9
2013-09-04,35.21,35.29,34.64,35.13,159000,0,0,04,2013,9
2013-09-05,35.28,35.78,35.24,35.7,151900,0,0,05,2013,9
2013-09-06,35.99,37.67,35.6,36.79,275000,0,0,06,2013,9
2013-09-09,36.89,37.12,36.66,37.09,136800,0,0,09,2013,9
2013-09-10,37.36,37.88,36.84,37.55,193700,0,0,10,2013,9
2013-09-11,37.35,37.65,37.2,37.36,196500,0,0,11,2013,9
2013-09-12,37.37,37.51,36.94,37.02,219500,0,0,12,2013,9
2013-09-13,37.17,37.63,36.41,37.18,219200,0,0,13,2013,9
2013-09-16,37.55,37.88,37.08,37.21,122800,0,0,16,2013,9
2013-09-17,37.11,37.65,36.91,37.46,114400,0,0,17,2013,9
2013-09-18,37.38,37.71,36.57,37.6,137400,0,0,18,2013,9
2013-09-19,37.73,37.73,36.8,37.08,174900,0,0,19,2013,9
2013-09-20,37.11,37.29,36.68,36.73,509400,0,0,20,2013,9
2013-09-23,36.73,36.98,36.46,36.82,175000,0,0,23,2013,9
2013-09-24,36.89,37.48,36.56,37.32,194900,0,0,24,2013,9
2013-09-25,37.29,37.63,36.9,37.24,181700,0,0,25,2013,9
2013-09-26,37.3,38.1,37.05,37.94,218100,0,0,26,2013,9
2013-09-27,37.6,38.62,37.6,38.6,236500,0,0,27,2013,9
2013-09-30,38.29,39.98,38.12,39.88,300800,0,0,30,2013,9
2013-10-01,39.9,40.73,39.71,40.39,471400,0,0,01,2013,10
2013-10-02,40.14,40.41,39.78,40.21,162700,0,0,02,2013,10
2013-10-03,40.15,40.49,40.01,40.23,325100,0,0,03,2013,10
2013-10-04,40.11,40.6,40.11,40.2,91600,0,0,04,2013,10
2013-10-07,40.0,40.25,39.56,39.92,130600,0,0,07,2013,10
2013-10-08,39.92,40.14,39.35,39.45,182400,0,0,08,2013,10
2013-10-09,39.49,40.15,39.28,39.32,155600,0,0,09,2013,10
2013-10-10,39.75,40.33,39.33,40.2,150800,0,0,10,2013,10
2013-10-11,40.06,40.69,40.05,40.26,267400,0,0,11,2013,10
2013-10-14,40.12,40.57,39.97,40.52,229300,0,0,14,2013,10
2013-10-15,40.51,41.76,40.36,41.5,261700,0,0,15,2013,10
2013-10-16,41.69,42.0,41.29,41.57,165600,0,0,16,2013,10
2013-10-17,41.38,42.43,41.38,42.41,299400,0,0,17,2013,10
2013-10-18,42.7,43.21,42.42,42.55,246500,0,0,18,2013,10
2013-10-21,42.48,42.76,42.12,42.6,172300,0,0,21,2013,10
2013-10-22,42.7,44.0,42.51,42.6,280800,0,0,22,2013,10
2013-10-23,42.15,43.96,40.68,43.36,418900,0,0,23,2013,10
2013-10-24,43.33,45.44,43.33,45.32,422200,0,0,24,2013,10
2013-10-25,45.04,45.47,44.53,44.68,167700,0,0,25,2013,10
2013-10-28,44.7,44.94,44.26,44.7,176000,0,0,28,2013,10
2013-10-29,44.97,45.63,44.01,44.74,162800,0,0,29,2013,10
2013-10-30,44.63,44.63,43.71,43.93,165100,0,0,30,2013,10
2013-10-31,43.93,44.06,43.33,43.4,214100,0,0,31,2013,10
2013-11-01,43.29,43.6,42.63,43.4,356000,0,0,01,2013,11
2013-11-04,43.64,43.64,42.6,43.33,235500,0,0,04,2013,11
2013-11-05,43.22,43.38,42.54,42.65,255800,0,0,05,2013,11
2013-11-06,42.87,43.49,42.81,43.07,180600,0,0,06,2013,11
2013-11-07,43.25,43.35,41.15,41.19,229700,0,0,07,2013,11
2013-11-08,41.4,44.64,41.07,44.45,419400,0,0,08,2013,11
2013-11-11,44.43,44.43,42.46,42.77,182800,0,0,11,2013,11
2013-11-12,42.65,43.98,42.65,43.79,240000,0,0,12,2013,11
2013-11-13,43.47,44.09,43.01,43.92,225500,0,0,13,2013,11
2013-11-14,43.95,45.19,43.6,44.43,268600,0,0,14,2013,11
2013-11-15,44.48,45.61,44.48,45.59,360600,0,0,15,2013,11
2013-11-18,45.79,46.05,45.36,45.78,277900,0,0,18,2013,11
2013-11-19,45.79,47.5,45.79,46.84,375800,0,0,19,2013,11
2013-11-20,47.0,47.22,46.14,46.94,368300,0,0,20,2013,11
2013-11-21,47.0,47.7,46.5,47.16,253100,0,0,21,2013,11
2013-11-22,47.38,48.78,47.2,48.66,304600,0,0,22,2013,11
2013-11-25,48.89,48.98,48.06,48.24,242300,0,0,25,2013,11
2013-11-26,48.22,48.63,47.97,48.01,235500,0,0,26,2013,11
2013-11-27,48.19,48.35,47.41,48.03,152500,0,0,27,2013,11
2013-11-29,48.34,48.62,47.66,48.45,99900,0,0,29,2013,11
2013-12-02,48.58,48.58,47.41,47.58,267300,0,0,02,2013,12
2013-12-03,47.38,48.08,47.09,47.33,260800,0,0,03,2013,12
2013-12-04,46.99,47.41,46.01,46.65,243300,0,0,04,2013,12
2013-12-05,46.52,46.93,46.09,46.36,278500,0,0,05,2013,12
2013-12-06,46.69,47.28,46.26,46.52,244100,0,0,06,2013,12
2013-12-09,46.43,46.82,45.87,46.12,208400,0,0,09,2013,12
2013-12-10,45.94,46.33,45.64,45.93,181400,0,0,10,2013,12
2013-12-11,46.0,46.26,45.07,45.44,183800,0,0,11,2013,12
2013-12-12,45.53,46.08,45.26,45.97,189200,0,0,12,2013,12
2013-12-13,46.21,47.89,45.92,47.83,325200,0,0,13,2013,12
2013-12-16,47.68,48.5,47.5,48.48,320500,0,0,16,2013,12
2013-12-17,48.5,48.5,47.93,48.44,243000,0,0,17,2013,12
2013-12-18,48.5,49.43,48.17,49.38,307400,0,0,18,2013,12
2013-12-19,49.08,49.41,48.73,48.91,326200,0,0,19,2013,12
2013-12-20,49.14,49.26,48.71,49.1,578300,0,0,20,2013,12
2013-12-23,49.17,49.33,48.8,49.28,157700,0,0,23,2013,12
2013-12-24,49.45,49.73,49.08,49.27,126600,0,0,24,2013,12
2013-12-26,49.19,50.0,49.02,49.37,224600,0,0,26,2013,12
2013-12-27,49.45,49.45,48.44,48.91,141600,0,0,27,2013,12
2013-12-30,48.96,48.96,48.39,48.5,137700,0,0,30,2013,12
2013-12-31,49.23,49.23,47.79,47.85,220400,0,0,31,2013,12
2014-01-02,47.41,47.76,46.61,47.55,323200,0,0,02,2014,1
2014-01-03,47.5,48.15,46.75,47.96,456800,0,0,03,2014,1
2014-01-06,48.05,48.13,46.33,46.38,474100,0,0,06,2014,1
2014-01-07,46.67,47.31,46.67,46.9,362800,0,0,07,2014,1
2014-01-08,46.87,47.18,46.26,46.32,299900,0,0,08,2014,1
2014-01-09,46.34,46.75,46.06,46.26,274300,0,0,09,2014,1
2014-01-10,46.33,46.63,45.47,46.59,282100,0,0,10,2014,1
2014-01-13,46.45,46.97,46.33,46.58,340000,0,0,13,2014,1
2014-01-14,46.67,47.39,46.37,47.13,277000,0,0,14,2014,1
2014-01-15,47.12,47.63,47.07,47.47,252300,0,0,15,2014,1
2014-01-16,47.24,48.54,47.24,47.52,272800,0,0,16,2014,1
2014-01-17,47.32,47.58,46.83,47.11,193800,0,0,17,2014,1
2014-01-21,47.46,47.76,46.83,47.11,209900,0,0,21,2014,1
2014-01-22,47.14,47.18,46.26,46.41,242800,0,0,22,2014,1
2014-01-23,46.22,46.31,42.73,42.83,621500,0,0,23,2014,1
2014-01-24,42.27,42.8,41.87,42.13,461700,0,0,24,2014,1
2014-01-27,42.12,42.42,40.98,41.3,397400,0,0,27,2014,1
2014-01-28,41.43,42.15,40.85,42.12,693400,0,0,28,2014,1
2014-01-29,41.64,42.54,41.46,42.28,354800,0,0,29,2014,1
2014-01-30,42.73,43.36,42.51,43.17,273500,0,0,30,2014,1
2014-01-31,42.33,43.41,42.16,42.86,356300,0,0,31,2014,1
2014-02-03,42.84,43.18,40.82,41.4,387600,0,0,03,2014,2
2014-02-04,41.63,41.98,40.8,41.65,284600,0,0,04,2014,2
2014-02-05,41.5,42.21,40.64,42.02,254100,0,0,05,2014,2
2014-02-06,42.13,42.64,41.92,42.5,210200,0,0,06,2014,2
2014-02-07,42.7,42.98,42.35,42.95,372300,0,0,07,2014,2
2014-02-10,42.87,43.93,42.7,43.66,463400,0,0,10,2014,2
2014-02-11,43.59,44.14,43.29,44.05,355000,0,0,11,2014,2
2014-02-12,42.0,44.05,37.29,38.1,2306500,0,0,12,2014,2
2014-02-13,39.0,40.23,38.4,39.44,936400,0,0,13,2014,2
2014-02-14,39.38,39.38,38.23,38.55,326800,0,0,14,2014,2
2014-02-18,38.51,38.77,37.72,37.8,499600,0,0,18,2014,2
2014-02-19,37.58,37.8,36.24,36.25,904900,0,0,19,2014,2
2014-02-20,36.46,36.66,36.18,36.33,811600,0,0,20,2014,2
2014-02-21,36.4,36.48,36.16,36.26,345700,0,0,21,2014,2
2014-02-24,36.37,36.99,36.28,36.8,445800,0,0,24,2014,2
2014-02-25,36.62,37.45,36.62,37.35,1300700,0,0,25,2014,2
2014-02-26,37.48,38.25,36.91,37.91,969000,0,0,26,2014,2
2014-02-27,37.66,38.7,37.54,38.48,663100,0,0,27,2014,2
2014-02-28,38.52,39.09,38.04,38.26,580100,0,0,28,2014,2
2014-03-03,37.99,38.26,36.15,36.59,567500,0,0,03,2014,3
2014-03-04,37.09,37.47,36.61,36.92,684300,0,0,04,2014,3
2014-03-05,36.76,36.86,36.3,36.5,334300,0,0,05,2014,3
2014-03-06,36.7,36.83,36.19,36.48,216400,0,0,06,2014,3
2014-03-07,36.74,36.93,36.24,36.29,392300,0,0,07,2014,3
2014-03-10,36.31,36.68,36.05,36.21,180100,0,0,10,2014,3
2014-03-11,36.9,38.25,36.57,37.89,1472400,0,0,11,2014,3
2014-03-12,38.65,38.65,37.23,38.52,498200,0,0,12,2014,3
2014-03-13,38.68,39.13,38.12,38.29,374600,0,0,13,2014,3
2014-03-14,38.17,39.25,38.0,39.0,446300,0,0,14,2014,3
2014-03-17,39.09,40.22,39.0,39.75,426200,0,0,17,2014,3
2014-03-18,39.77,40.45,39.31,40.18,223600,0,0,18,2014,3
2014-03-19,40.32,41.09,39.87,40.99,431800,0,0,19,2014,3
2014-03-20,40.93,41.54,40.7,41.52,267800,0,0,20,2014,3
2014-03-21,41.62,42.17,41.42,41.93,457600,0,0,21,2014,3
2014-03-24,41.96,41.99,41.34,41.76,549000,0,0,24,2014,3
2014-03-25,41.93,42.33,41.38,41.65,552300,0,0,25,2014,3
2014-03-26,41.92,42.17,41.25,41.46,309700,0,0,26,2014,3
2014-03-27,41.44,41.63,41.04,41.51,238900,0,0,27,2014,3
2014-03-28,41.5,41.76,40.56,40.79,248500,0,0,28,2014,3
2014-03-31,40.99,41.73,40.76,41.59,317500,0,0,31,2014,3
2014-04-01,41.61,43.62,41.46,43.59,363700,0,0,01,2014,4
2014-04-02,43.76,43.99,42.04,42.1,412800,0,0,02,2014,4
2014-04-03,42.23,42.52,41.57,42.42,223400,0,0,03,2014,4
2014-04-04,42.72,43.12,41.23,41.43,238600,0,0,04,2014,4
2014-04-07,41.2,42.28,40.99,41.12,612800,0,0,07,2014,4
2014-04-08,41.12,42.46,40.69,42.04,354000,0,0,08,2014,4
2014-04-09,42.32,42.7,41.65,42.14,324600,0,0,09,2014,4
2014-04-10,41.99,42.45,40.55,40.7,429000,0,0,10,2014,4
2014-04-11,40.28,40.77,39.21,39.55,398700,0,0,11,2014,4
2014-04-14,39.97,40.29,39.41,40.21,339800,0,0,14,2014,4
2014-04-15,40.22,40.72,39.44,40.49,272300,0,0,15,2014,4
2014-04-16,40.85,41.42,40.19,40.79,140900,0,0,16,2014,4
2014-04-17,44.03,44.88,41.86,42.44,533100,0,0,17,2014,4
2014-04-21,42.65,43.73,42.49,42.87,361600,0,0,21,2014,4
2014-04-22,42.81,44.85,42.81,44.83,403500,0,0,22,2014,4
2014-04-23,44.8,45.28,44.44,44.92,416400,0,0,23,2014,4
2014-04-24,45.25,46.07,44.52,45.31,317800,0,0,24,2014,4
2014-04-25,45.2,45.58,43.68,44.33,267800,0,0,25,2014,4
2014-04-28,44.57,44.91,42.51,43.86,414700,0,0,28,2014,4
2014-04-29,43.92,44.43,43.53,44.1,421100,0,0,29,2014,4
2014-04-30,43.81,46.98,43.0,45.99,489500,0,0,30,2014,4
2014-05-01,45.97,46.82,45.65,46.67,442300,0,0,01,2014,5
2014-05-02,46.83,46.83,45.84,46.38,314600,0,0,02,2014,5
2014-05-05,46.15,47.0,45.67,46.16,314800,0,0,05,2014,5
2014-05-06,46.15,46.67,45.77,45.98,423200,0,0,06,2014,5
2014-05-07,46.17,46.99,44.76,45.46,227300,0,0,07,2014,5
2014-05-08,45.27,46.06,44.6,44.82,258700,0,0,08,2014,5
2014-05-09,44.56,45.16,44.41,45.06,182100,0,0,09,2014,5
2014-05-12,45.25,46.61,45.25,45.91,289000,0,0,12,2014,5
2014-05-13,45.73,46.04,45.02,45.08,272300,0,0,13,2014,5
2014-05-14,45.0,45.0,44.25,44.79,247900,0,0,14,2014,5
2014-05-15,44.63,44.87,44.01,44.64,265400,0,0,15,2014,5
2014-05-16,44.56,45.18,44.36,45.1,185700,0,0,16,2014,5
2014-05-19,45.0,45.9,45.0,45.5,216300,0,0,19,2014,5
2014-05-20,45.37,45.37,44.21,44.75,237700,0,0,20,2014,5
2014-05-21,45.19,46.23,44.86,45.74,416300,0,0,21,2014,5
2014-05-22,45.67,46.12,45.47,45.85,319000,0,0,22,2014,5
2014-05-23,45.92,46.32,45.75,46.15,312100,0,0,23,2014,5
2014-05-27,46.37,47.41,46.03,47.19,279800,0,0,27,2014,5
2014-05-28,47.14,48.11,46.75,47.84,510400,0,0,28,2014,5
2014-05-29,48.0,48.0,47.17,47.99,284800,0,0,29,2014,5
2014-05-30,47.88,48.11,46.77,47.14,318300,0,0,30,2014,5
2014-06-02,47.1,47.19,46.1,46.88,218700,0,0,02,2014,6
2014-06-03,46.76,47.11,45.86,46.51,195800,0,0,03,2014,6
2014-06-04,46.24,46.8,45.76,46.42,285500,0,0,04,2014,6
2014-06-05,46.67,46.81,45.93,46.76,279500,0,0,05,2014,6
2014-06-06,47.0,49.6,46.98,49.21,549000,0,0,06,2014,6
2014-06-09,49.11,49.11,48.58,48.88,199900,0,0,09,2014,6
2014-06-10,48.58,48.76,48.1,48.58,209300,0,0,10,2014,6
2014-06-11,48.28,48.86,47.95,48.11,294900,0,0,11,2014,6
2014-06-12,48.14,48.14,47.07,47.09,133100,0,0,12,2014,6
2014-06-13,47.31,47.71,46.5,46.57,268700,0,0,13,2014,6
2014-06-16,46.56,47.28,46.22,46.69,147900,0,0,16,2014,6
2014-06-17,46.58,47.41,46.51,47.19,207000,0,0,17,2014,6
2014-06-18,47.44,48.52,47.17,48.42,265900,0,0,18,2014,6
2014-06-19,48.43,48.98,48.05,48.92,285500,0,0,19,2014,6
2014-06-20,49.06,49.32,48.73,49.23,497500,0,0,20,2014,6
2014-06-23,49.2,49.2,47.76,48.12,262900,0,0,23,2014,6
2014-06-24,47.82,48.2,47.53,47.61,365100,0,0,24,2014,6
2014-06-25,47.35,48.21,46.79,48.14,179600,0,0,25,2014,6
2014-06-26,48.36,48.42,47.55,48.37,169000,0,0,26,2014,6
2014-06-27,48.07,48.79,47.99,48.65,257500,0,0,27,2014,6
2014-06-30,48.61,48.93,47.9,48.24,376300,0,0,30,2014,6
2014-07-01,48.28,50.05,48.02,49.58,326000,0,0,01,2014,7
2014-07-02,49.33,49.9,48.79,48.99,328100,0,0,02,2014,7
2014-07-03,49.08,50.32,48.78,49.79,252100,0,0,03,2014,7
2014-07-07,49.55,49.55,48.66,48.68,157900,0,0,07,2014,7
2014-07-08,48.44,48.46,47.32,47.54,165700,0,0,08,2014,7
2014-07-09,47.49,47.75,47.18,47.68,262500,0,0,09,2014,7
2014-07-10,46.72,47.01,46.24,46.43,276700,0,0,10,2014,7
2014-07-11,46.33,46.91,46.05,46.63,216500,0,0,11,2014,7
2014-07-14,47.1,48.49,46.66,48.41,303600,0,0,14,2014,7
2014-07-15,48.4,48.67,47.35,47.98,329300,0,0,15,2014,7
2014-07-16,48.31,48.85,47.47,47.9,273600,0,0,16,2014,7
2014-07-17,47.65,48.27,47.08,47.26,329400,0,0,17,2014,7
2014-07-18,47.11,48.32,46.94,48.03,173100,0,0,18,2014,7
2014-07-21,47.73,47.92,47.09,47.61,117500,0,0,21,2014,7
2014-07-22,47.79,48.77,47.7,48.31,155200,0,0,22,2014,7
2014-07-23,48.31,48.98,48.02,48.63,154200,0,0,23,2014,7
2014-07-24,48.73,48.8,47.3,47.43,132400,0,0,24,2014,7
2014-07-25,46.97,47.24,45.68,46.28,297700,0,0,25,2014,7
2014-07-28,46.3,46.35,45.3,45.96,216500,0,0,28,2014,7
2014-07-29,46.22,47.6,45.93,47.5,342600,0,0,29,2014,7
2014-07-30,50.0,50.0,47.4,49.92,530000,0,0,30,2014,7
2014-07-31,49.42,50.37,49.36,50.04,493800,0,0,31,2014,7
2014-08-01,49.8,50.53,49.44,50.34,363700,0,0,01,2014,8
2014-08-04,50.41,50.74,49.39,50.36,250400,0,0,04,2014,8
2014-08-05,50.1,50.69,49.45,50.23,233500,0,0,05,2014,8
2014-08-06,49.87,50.64,49.63,50.33,228300,0,0,06,2014,8
2014-08-07,50.62,50.73,49.82,49.89,454700,0,0,07,2014,8
2014-08-08,49.86,50.95,49.78,50.86,462100,0,0,08,2014,8
2014-08-11,51.09,51.87,50.73,51.69,305000,0,0,11,2014,8
2014-08-12,51.57,51.9,51.3,51.53,363900,0,0,12,2014,8
2014-08-13,51.64,52.0,51.18,51.91,232400,0,0,13,2014,8
2014-08-14,51.9,52.37,51.66,51.91,334400,0,0,14,2014,8
2014-08-15,52.47,52.5,50.59,51.77,266200,0,0,15,2014,8
2014-08-18,52.22,53.6,52.22,53.16,362300,0,0,18,2014,8
2014-08-19,53.16,53.52,52.69,53.43,233100,0,0,19,2014,8
2014-08-20,53.12,53.24,52.7,53.16,121600,0,0,20,2014,8
2014-08-21,53.12,53.36,52.15,52.65,185000,0,0,21,2014,8
2014-08-22,52.76,52.86,51.38,51.97,363300,0,0,22,2014,8
2014-08-25,52.19,52.56,51.5,51.55,178800,0,0,25,2014,8
2014-08-26,51.83,52.02,51.29,51.97,253100,0,0,26,2014,8
2014-08-27,51.98,52.18,51.66,52.08,209100,0,0,27,2014,8
2014-08-28,51.64,52.35,51.38,52.11,304300,0,0,28,2014,8
2014-08-29,52.21,53.82,51.51,53.3,477900,0,0,29,2014,8
2014-09-02,53.31,54.66,53.22,53.78,414800,0,0,02,2014,9
2014-09-03,54.01,54.01,52.99,53.15,217400,0,0,03,2014,9
2014-09-04,53.44,53.76,52.67,52.7,152300,0,0,04,2014,9
2014-09-05,52.48,52.6,51.67,51.95,212300,0,0,05,2014,9
2014-09-08,51.87,52.75,51.32,51.65,286200,0,0,08,2014,9
2014-09-09,51.38,51.84,50.15,51.09,370700,0,0,09,2014,9
2014-09-10,51.18,51.5,50.77,51.16,245600,0,0,10,2014,9
2014-09-11,50.98,51.04,50.27,50.52,161500,0,0,11,2014,9
2014-09-12,50.41,50.41,48.87,49.33,289600,0,0,12,2014,9
2014-09-15,49.15,49.54,48.51,49.0,282400,0,0,15,2014,9
2014-09-16,49.04,49.39,47.89,47.98,292500,0,0,16,2014,9
2014-09-17,47.92,48.65,47.8,48.18,414400,0,0,17,2014,9
2014-09-18,48.48,50.06,48.0,49.8,362400,0,0,18,2014,9
2014-09-19,49.96,50.01,48.62,49.12,441500,0,0,19,2014,9
2014-09-22,48.82,49.17,48.14,48.19,210200,0,0,22,2014,9
2014-09-23,48.21,48.7,47.89,47.94,238000,0,0,23,2014,9
2014-09-24,48.11,49.26,47.47,49.22,262200,0,0,24,2014,9
2014-09-25,49.15,49.15,47.45,47.49,229000,0,0,25,2014,9
2014-09-26,47.61,47.64,47.01,47.44,254500,0,0,26,2014,9
2014-09-29,46.89,48.02,46.75,47.94,276300,0,0,29,2014,9
2014-09-30,47.85,48.62,47.45,47.79,363100,0,0,30,2014,9
2014-10-01,47.84,47.93,46.51,46.72,252400,0,0,01,2014,10
2014-10-02,46.68,47.6,46.04,47.53,272600,0,0,02,2014,10
2014-10-03,48.07,48.42,47.94,48.28,284100,0,0,03,2014,10
2014-10-06,48.32,48.59,46.99,47.02,269300,0,0,06,2014,10
2014-10-07,46.78,48.79,46.26,46.36,233100,0,0,07,2014,10
2014-10-08,46.39,48.0,45.82,47.96,289600,0,0,08,2014,10
2014-10-09,47.89,47.89,46.07,46.14,302500,0,0,09,2014,10
2014-10-10,45.83,46.95,45.44,45.53,243400,0,0,10,2014,10
2014-10-13,45.67,46.46,44.92,45.58,258000,0,0,13,2014,10
2014-10-14,46.03,46.73,45.28,45.72,249600,0,0,14,2014,10
2014-10-15,45.1,45.92,44.59,45.39,430200,0,0,15,2014,10
2014-10-16,44.65,46.62,43.92,46.3,247800,0,0,16,2014,10
2014-10-17,46.99,47.02,45.96,46.24,210500,0,0,17,2014,10
2014-10-20,45.96,47.14,45.57,47.14,300100,0,0,20,2014,10
2014-10-21,47.35,48.57,46.9,47.52,238500,0,0,21,2014,10
2014-10-22,47.58,47.92,46.79,46.98,260000,0,0,22,2014,10
2014-10-23,49.0,52.08,48.0,51.58,497300,0,0,23,2014,10
2014-10-24,51.71,51.71,50.42,51.16,359000,0,0,24,2014,10
2014-10-27,50.76,51.99,50.46,51.73,232400,0,0,27,2014,10
2014-10-28,51.73,52.52,51.35,52.42,376600,0,0,28,2014,10
2014-10-29,52.61,53.98,52.24,53.32,383800,0,0,29,2014,10
2014-10-30,52.94,53.88,51.74,53.47,407900,0,0,30,2014,10
2014-10-31,54.69,55.91,53.66,53.67,3135900,0,0,31,2014,10
2014-11-03,53.92,54.48,53.5,54.09,855000,0,0,03,2014,11
2014-11-04,53.68,55.31,53.68,54.5,450200,0,0,04,2014,11
2014-11-05,55.1,55.28,53.99,54.64,327700,0,0,05,2014,11
2014-11-06,54.61,55.22,53.83,54.19,270500,0,0,06,2014,11
2014-11-07,54.1,54.47,53.5,54.22,276200,0,0,07,2014,11
2014-11-10,54.32,55.79,53.96,55.36,452900,0,0,10,2014,11
2014-11-11,55.51,55.88,55.15,55.39,251800,0,0,11,2014,11
2014-11-12,55.19,56.26,54.83,55.7,298900,0,0,12,2014,11
2014-11-13,55.92,56.49,55.46,55.53,272600,0,0,13,2014,11
2014-11-14,55.44,56.1,55.04,55.58,203100,0,0,14,2014,11
2014-11-17,55.64,56.1,55.16,55.19,204000,0,0,17,2014,11
2014-11-18,55.37,56.3,55.03,55.79,313900,0,0,18,2014,11
2014-11-19,55.93,55.93,54.26,55.48,247300,0,0,19,2014,11
2014-11-20,55.24,56.2,54.92,56.1,176900,0,0,20,2014,11
2014-11-21,56.8,56.81,55.47,55.68,202200,0,0,21,2014,11
2014-11-24,56.08,57.72,56.02,57.45,301300,0,0,24,2014,11
2014-11-25,57.4,57.98,57.13,57.57,394200,0,0,25,2014,11
2014-11-26,57.72,58.73,57.16,58.09,333100,0,0,26,2014,11
2014-11-28,57.95,59.05,57.74,58.07,288200,0,0,28,2014,11
2014-12-01,57.78,58.08,56.97,57.11,309100,0,0,01,2014,12
2014-12-02,57.36,58.73,57.18,58.68,279300,0,0,02,2014,12
2014-12-03,58.83,59.75,58.18,58.94,306700,0,0,03,2014,12
2014-12-04,59.05,59.34,58.28,58.67,167200,0,0,04,2014,12
2014-12-05,58.65,58.91,56.84,57.08,329000,0,0,05,2014,12
2014-12-08,56.74,57.58,56.1,56.14,274300,0,0,08,2014,12
2014-12-09,55.44,57.3,55.02,56.97,349700,0,0,09,2014,12
2014-12-10,56.71,57.45,56.19,56.24,192900,0,0,10,2014,12
2014-12-11,56.52,56.85,56.12,56.34,192400,0,0,11,2014,12
2014-12-12,55.62,57.16,55.05,56.09,266500,0,0,12,2014,12
2014-12-15,56.1,56.62,54.47,54.89,334400,0,0,15,2014,12
2014-12-16,55.0,55.41,54.15,54.19,288800,0,0,16,2014,12
2014-12-17,54.19,55.1,53.51,54.98,344900,0,0,17,2014,12
2014-12-18,55.71,55.92,55.03,55.45,206400,0,0,18,2014,12
2014-12-19,55.35,55.57,54.29,54.88,373200,0,0,19,2014,12
2014-12-22,54.75,55.37,54.36,55.12,155400,0,0,22,2014,12
2014-12-23,55.26,55.96,54.56,55.66,257400,0,0,23,2014,12
2014-12-24,56.3,58.45,56.3,57.8,166900,0,0,24,2014,12
2014-12-26,57.89,58.13,57.14,57.54,129100,0,0,26,2014,12
2014-12-29,57.34,57.93,56.52,56.75,169100,0,0,29,2014,12
2014-12-30,56.56,57.14,55.75,56.32,182400,0,0,30,2014,12
2014-12-31,56.6,56.75,54.78,54.9,285900,0,0,31,2014,12
2015-01-02,55.15,55.31,53.5,54.11,205700,0,0,02,2015,1
2015-01-05,53.64,54.08,51.68,51.76,321600,0,0,05,2015,1
2015-01-06,51.7,52.45,50.35,51.68,433000,0,0,06,2015,1
2015-01-07,52.23,52.52,51.12,52.21,297000,0,0,07,2015,1
2015-01-08,52.8,53.68,52.15,53.59,155100,0,0,08,2015,1
2015-01-09,53.49,53.82,52.55,53.59,215400,0,0,09,2015,1
2015-01-12,53.44,53.44,52.1,52.46,177700,0,0,12,2015,1
2015-01-13,52.99,53.97,52.04,53.52,285200,0,0,13,2015,1
2015-01-14,52.72,53.27,51.62,51.79,193100,0,0,14,2015,1
2015-01-15,51.97,52.35,50.13,50.45,304800,0,0,15,2015,1
2015-01-16,50.26,51.02,49.84,50.51,227500,0,0,16,2015,1
2015-01-20,50.6,50.7,49.31,49.79,309400,0,0,20,2015,1
2015-01-21,49.49,49.78,48.6,49.6,295900,0,0,21,2015,1
2015-01-22,50.05,51.79,49.34,51.62,187900,0,0,22,2015,1
2015-01-23,51.62,52.16,50.87,50.92,180600,0,0,23,2015,1
2015-01-26,50.8,50.85,49.51,50.19,276800,0,0,26,2015,1
2015-01-27,49.52,50.51,49.3,50.18,292600,0,0,27,2015,1
2015-01-28,50.38,50.88,49.4,49.55,275600,0,0,28,2015,1
2015-01-29,49.51,49.51,46.61,47.26,610300,0,0,29,2015,1
2015-01-30,46.97,47.25,45.08,45.39,539700,0,0,30,2015,1
2015-02-02,45.4,46.66,44.96,46.59,450500,0,0,02,2015,2
2015-02-03,46.93,47.79,46.7,47.2,355900,0,0,03,2015,2
2015-02-04,46.86,48.51,46.75,48.11,364600,0,0,04,2015,2
2015-02-05,48.4,48.79,47.57,47.7,243400,0,0,05,2015,2
2015-02-06,47.82,47.88,46.92,47.16,269200,0,0,06,2015,2
2015-02-09,47.12,47.55,46.79,46.81,401500,0,0,09,2015,2
2015-02-10,47.26,47.71,46.35,47.21,523100,0,0,10,2015,2
2015-02-11,54.4,54.96,52.03,54.0,1578800,0,0,11,2015,2
2015-02-12,54.05,54.95,53.74,54.87,346400,0,0,12,2015,2
2015-02-13,54.92,55.03,53.41,53.96,325200,0,0,13,2015,2
2015-02-17,53.85,53.85,52.92,53.12,256600,0,0,17,2015,2
2015-02-18,52.87,53.21,52.29,52.53,291200,0,0,18,2015,2
2015-02-19,52.26,52.93,51.65,52.81,245900,0,0,19,2015,2
2015-02-20,52.86,54.78,52.12,54.33,419000,0,0,20,2015,2
2015-02-23,54.04,56.14,53.11,55.37,705300,0,0,23,2015,2
2015-02-24,55.3,56.68,54.96,56.67,380700,0,0,24,2015,2
2015-02-25,56.75,57.47,55.76,56.85,297200,0,0,25,2015,2
2015-02-26,56.62,56.96,55.9,56.8,377100,0,0,26,2015,2
2015-02-27,56.53,57.08,56.4,56.5,321800,0,0,27,2015,2
2015-03-02,56.58,58.04,56.47,57.87,278200,0,0,02,2015,3
2015-03-03,57.47,57.93,56.36,56.68,396600,0,0,03,2015,3
2015-03-04,56.61,56.78,55.66,55.8,297500,0,0,04,2015,3
2015-03-05,55.83,56.11,54.97,55.78,204400,0,0,05,2015,3
2015-03-06,55.27,55.9,54.04,54.45,185500,0,0,06,2015,3
2015-03-09,54.57,55.4,54.04,54.8,188000,0,0,09,2015,3
2015-03-10,54.06,54.51,52.77,52.83,224100,0,0,10,2015,3
2015-03-11,52.83,53.87,52.21,52.61,331200,0,0,11,2015,3
2015-03-12,52.87,54.57,52.87,54.54,235300,0,0,12,2015,3
2015-03-13,54.31,54.32,51.79,53.18,186200,0,0,13,2015,3
2015-03-16,53.39,54.22,53.22,54.04,123800,0,0,16,2015,3
2015-03-17,53.76,55.13,53.53,54.28,288600,0,0,17,2015,3
2015-03-18,53.88,54.8,53.6,54.34,249200,0,0,18,2015,3
2015-03-19,54.25,54.69,53.83,54.42,284300,0,0,19,2015,3
2015-03-20,54.74,55.38,54.24,55.0,461500,0,0,20,2015,3
2015-03-23,54.75,57.3,54.75,56.88,347000,0,0,23,2015,3
2015-03-24,56.71,57.43,56.2,57.38,343700,0,0,24,2015,3
2015-03-25,57.71,57.71,56.09,56.56,369800,0,0,25,2015,3
2015-03-26,58.06,58.06,56.51,57.0,382200,0,0,26,2015,3
2015-03-27,57.0,57.33,56.05,57.03,278500,0,0,27,2015,3
2015-03-30,57.55,58.34,57.04,58.13,197000,0,0,30,2015,3
2015-03-31,58.1,58.76,57.01,58.75,439300,0,0,31,2015,3
2015-04-01,58.7,59.05,57.49,58.31,303100,0,0,01,2015,4
2015-04-02,58.42,59.11,56.15,56.92,461400,0,0,02,2015,4
2015-04-06,56.77,57.39,56.56,57.06,289300,0,0,06,2015,4
2015-04-07,56.89,57.57,56.81,57.16,250800,0,0,07,2015,4
2015-04-08,57.29,57.7,56.34,57.66,251400,0,0,08,2015,4
2015-04-09,57.66,58.0,56.31,57.48,207400,0,0,09,2015,4
2015-04-10,57.84,57.9,56.35,57.09,263700,0,0,10,2015,4
2015-04-13,57.3,57.93,57.17,57.34,206200,0,0,13,2015,4
2015-04-14,57.3,57.67,56.51,57.09,298800,0,0,14,2015,4
2015-04-15,57.47,58.59,57.41,57.85,264100,0,0,15,2015,4
2015-04-16,57.92,57.94,56.63,57.38,163300,0,0,16,2015,4
2015-04-17,56.9,57.28,56.05,56.53,223500,0,0,17,2015,4
2015-04-20,57.0,57.38,56.36,56.73,254500,0,0,20,2015,4
2015-04-21,56.89,58.21,56.79,58.2,377600,0,0,21,2015,4
2015-04-22,58.47,59.35,57.54,59.01,290300,0,0,22,2015,4
2015-04-23,59.01,60.05,58.8,59.92,378800,0,0,23,2015,4
2015-04-24,60.0,60.01,59.19,59.47,405900,0,0,24,2015,4
2015-04-27,59.5,59.61,57.66,58.44,357100,0,0,27,2015,4
2015-04-28,58.17,58.76,57.64,58.51,265100,0,0,28,2015,4
2015-04-29,60.0,62.0,59.39,61.01,1033600,0,0,29,2015,4
2015-04-30,59.44,60.2,58.2,58.48,523800,0,0,30,2015,4
2015-05-01,58.55,59.75,57.74,58.36,294700,0,0,01,2015,5
2015-05-04,58.56,59.05,57.93,58.41,276500,0,0,04,2015,5
2015-05-05,58.13,58.7,56.98,58.14,306100,0,0,05,2015,5
2015-05-06,58.5,59.37,58.16,59.22,438400,0,0,06,2015,5
2015-05-07,59.0,60.99,58.57,60.3,343600,0,0,07,2015,5
2015-05-08,61.04,61.04,59.67,60.04,315500,0,0,08,2015,5
2015-05-11,59.84,61.93,59.84,61.21,413100,0,0,11,2015,5
2015-05-12,60.71,60.95,58.74,59.49,342900,0,0,12,2015,5
2015-05-13,59.49,60.3,58.56,59.65,308500,0,0,13,2015,5
2015-05-14,60.13,61.33,59.44,60.78,335600,0,0,14,2015,5
2015-05-15,60.81,62.0,60.68,61.04,302800,0,0,15,2015,5
2015-05-18,61.0,61.63,60.76,61.37,168900,0,0,18,2015,5
2015-05-19,61.5,61.6,60.96,61.36,360400,0,0,19,2015,5
2015-05-20,61.27,62.16,60.8,62.04,261800,0,0,20,2015,5
2015-05-21,61.9,62.4,60.88,61.21,322600,0,0,21,2015,5
2015-05-22,61.07,61.27,60.12,60.17,219500,0,0,22,2015,5
2015-05-26,60.0,60.0,59.27,59.83,251500,0,0,26,2015,5
2015-05-27,59.68,61.16,59.22,61.02,238400,0,0,27,2015,5
2015-05-28,61.14,61.48,60.69,61.42,124500,0,0,28,2015,5
2015-05-29,61.19,61.23,59.64,59.8,190900,0,0,29,2015,5
2015-06-01,60.13,60.24,59.09,59.85,166300,0,0,01,2015,6
2015-06-02,59.43,59.99,59.21,59.88,212700,0,0,02,2015,6
2015-06-03,60.11,60.59,59.9,60.33,371700,0,0,03,2015,6
2015-06-04,60.0,60.12,58.61,58.83,140200,0,0,04,2015,6
2015-06-05,58.78,59.5,58.1,59.47,168100,0,0,05,2015,6
2015-06-08,59.33,59.94,58.35,58.4,137200,0,0,08,2015,6
2015-06-09,58.25,58.5,57.57,58.16,96300,0,0,09,2015,6
2015-06-10,58.46,59.25,58.17,58.82,211600,0,0,10,2015,6
2015-06-11,58.86,59.79,58.84,59.79,183400,0,0,11,2015,6
2015-06-12,59.62,60.61,59.19,60.36,199100,0,0,12,2015,6
2015-06-15,59.9,60.0,58.88,59.35,120600,0,0,15,2015,6
2015-06-16,59.17,60.52,59.17,59.69,113300,0,0,16,2015,6
2015-06-17,59.94,60.12,59.23,59.31,94300,0,0,17,2015,6
2015-06-18,59.33,61.33,59.33,61.32,209300,0,0,18,2015,6
2015-06-19,61.46,61.46,60.28,60.64,301300,0,0,19,2015,6
2015-06-22,60.8,61.63,60.67,60.94,129900,0,0,22,2015,6
2015-06-23,61.26,62.75,61.04,62.17,332100,0,0,23,2015,6
2015-06-24,62.17,62.17,60.5,60.91,204500,0,0,24,2015,6
2015-06-25,61.21,62.17,60.76,62.07,171500,0,0,25,2015,6
2015-06-26,62.26,62.54,61.71,62.43,318600,0,0,26,2015,6
2015-06-29,61.57,62.04,60.21,60.41,284500,0,0,29,2015,6
2015-06-30,60.72,62.32,60.35,61.7,366400,0,0,30,2015,6
2015-07-01,62.07,62.85,61.47,62.76,324200,0,0,01,2015,7
2015-07-02,62.84,62.95,62.01,62.37,400300,0,0,02,2015,7
2015-07-06,61.95,62.45,61.33,62.38,388600,0,0,06,2015,7
2015-07-07,62.57,63.0,61.69,62.22,533400,0,0,07,2015,7
2015-07-08,61.6,62.06,60.6,61.44,249400,0,0,08,2015,7
2015-07-09,62.14,62.64,61.28,61.46,153400,0,0,09,2015,7
2015-07-10,62.23,63.14,61.82,62.81,192600,0,0,10,2015,7
2015-07-13,63.18,63.37,62.71,63.18,127300,0,0,13,2015,7
2015-07-14,63.39,64.29,63.39,64.14,300800,0,0,14,2015,7
2015-07-15,63.99,64.71,63.64,64.31,171400,0,0,15,2015,7
2015-07-16,64.65,65.94,64.41,65.57,233400,0,0,16,2015,7
2015-07-17,65.48,66.29,65.42,65.79,165900,0,0,17,2015,7
2015-07-20,66.0,66.31,65.41,65.64,239500,0,0,20,2015,7
2015-07-21,65.91,66.87,65.38,66.27,405000,0,0,21,2015,7
2015-07-22,65.79,67.32,65.79,67.1,300600,0,0,22,2015,7
2015-07-23,67.05,68.04,65.53,65.66,343700,0,0,23,2015,7
2015-07-24,65.49,66.25,64.71,65.08,352700,0,0,24,2015,7
2015-07-27,64.63,65.0,63.85,63.99,153200,0,0,27,2015,7
2015-07-28,64.41,65.18,63.41,64.87,286700,0,0,28,2015,7
2015-07-29,68.54,71.5,67.12,68.27,1177900,0,0,29,2015,7
2015-07-30,67.27,68.55,65.85,67.92,443700,0,0,30,2015,7
2015-07-31,68.27,69.44,67.86,68.5,454900,0,0,31,2015,7
2015-08-03,68.75,69.32,68.19,68.98,286300,0,0,03,2015,8
2015-08-04,69.04,69.94,68.97,69.53,275000,0,0,04,2015,8
2015-08-05,70.0,70.32,68.63,68.69,295800,0,0,05,2015,8
2015-08-06,68.69,68.91,67.53,67.87,217400,0,0,06,2015,8
2015-08-07,67.49,68.96,67.36,68.77,257100,0,0,07,2015,8
2015-08-10,69.25,69.83,68.91,69.45,207000,0,0,10,2015,8
2015-08-11,68.88,69.21,68.05,68.78,159900,0,0,11,2015,8
2015-08-12,68.37,68.67,67.6,68.47,143700,0,0,12,2015,8
2015-08-13,68.47,68.68,68.08,68.17,147200,0,0,13,2015,8
2015-08-14,68.07,68.76,67.57,68.74,190000,0,0,14,2015,8
2015-08-17,68.46,69.1,68.01,68.9,204700,0,0,17,2015,8
2015-08-18,69.0,69.17,68.37,68.66,218900,0,0,18,2015,8
2015-08-19,68.32,68.89,67.58,68.45,290900,0,0,19,2015,8
2015-08-20,67.97,68.25,66.81,66.89,309900,0,0,20,2015,8
2015-08-21,65.63,66.19,64.51,64.81,322100,0,0,21,2015,8
2015-08-24,61.26,63.7,59.07,62.04,396600,0,0,24,2015,8
2015-08-25,64.38,65.47,62.12,62.54,301200,0,0,25,2015,8
2015-08-26,64.02,64.55,62.37,64.22,362800,0,0,26,2015,8
2015-08-27,65.12,65.51,63.62,65.44,293500,0,0,27,2015,8
2015-08-28,65.53,65.98,64.55,65.62,186700,0,0,28,2015,8
2015-08-31,65.35,65.97,64.38,64.47,207700,0,0,31,2015,8
2015-09-01,63.11,63.84,61.92,62.42,178600,0,0,01,2015,9
2015-09-02,63.36,64.42,62.49,64.42,227300,0,0,02,2015,9
2015-09-03,64.5,65.93,64.31,65.48,215700,0,0,03,2015,9
2015-09-04,64.56,65.84,64.56,65.27,198500,0,0,04,2015,9
2015-09-08,66.62,68.63,66.36,68.48,241000,0,0,08,2015,9
2015-09-09,69.18,69.51,68.18,68.79,453100,0,0,09,2015,9
2015-09-10,68.51,69.44,68.31,68.64,184400,0,0,10,2015,9
2015-09-11,68.34,70.0,68.31,69.92,241200,0,0,11,2015,9
2015-09-14,70.08,70.08,69.09,69.51,178500,0,0,14,2015,9
2015-09-15,70.13,72.04,69.32,70.72,329300,0,0,15,2015,9
2015-09-16,70.88,71.76,70.03,71.01,327400,0,0,16,2015,9
2015-09-17,71.14,71.28,70.2,70.39,257000,0,0,17,2015,9
2015-09-18,69.11,70.33,68.48,68.76,261200,0,0,18,2015,9
2015-09-21,69.39,70.61,69.35,69.83,243800,0,0,21,2015,9
2015-09-22,68.84,69.57,68.4,69.49,139100,0,0,22,2015,9
2015-09-23,69.6,70.94,69.28,70.65,177900,0,0,23,2015,9
2015-09-24,69.97,71.39,69.55,71.08,244200,0,0,24,2015,9
2015-09-25,71.93,72.74,69.68,70.32,295100,0,0,25,2015,9
2015-09-28,70.09,70.69,68.74,70.17,472900,0,0,28,2015,9
2015-09-29,70.06,71.73,69.55,71.53,521300,0,0,29,2015,9
2015-09-30,72.35,76.55,72.28,74.09,672100,0,0,30,2015,9
2015-10-01,74.48,75.51,73.17,74.8,418100,0,0,01,2015,10
2015-10-02,74.17,74.89,73.15,74.89,261100,0,0,02,2015,10
2015-10-05,75.4,75.64,74.2,74.99,506400,0,0,05,2015,10
2015-10-06,75.0,75.05,74.57,74.9,363500,0,0,06,2015,10
2015-10-07,75.1,75.11,74.13,75.0,356700,0,0,07,2015,10
2015-10-08,74.71,76.67,74.49,76.66,346300,0,0,08,2015,10
2015-10-09,77.01,77.5,76.45,77.28,395600,0,0,09,2015,10
2015-10-12,77.38,77.88,76.54,77.86,242300,0,0,12,2015,10
2015-10-13,77.62,78.6,76.11,76.16,261100,0,0,13,2015,10
2015-10-14,76.05,76.46,74.19,74.41,391600,0,0,14,2015,10
2015-10-15,74.66,75.59,73.89,75.58,381600,0,0,15,2015,10
2015-10-16,75.88,76.51,75.19,75.94,374500,0,0,16,2015,10
2015-10-19,75.5,76.07,75.0,75.4,358900,0,0,19,2015,10
2015-10-20,75.54,76.15,74.66,75.63,315200,0,0,20,2015,10
2015-10-21,75.97,76.01,73.44,74.14,263200,0,0,21,2015,10
2015-10-22,77.25,81.27,75.56,80.0,1931200,0,0,22,2015,10
2015-10-23,81.27,81.27,78.85,79.3,416200,0,0,23,2015,10
2015-10-26,79.52,80.05,79.2,79.47,325700,0,0,26,2015,10
2015-10-27,79.44,79.76,77.89,79.01,348300,0,0,27,2015,10
2015-10-28,79.32,81.87,79.01,81.87,563200,0,0,28,2015,10
2015-10-29,81.64,81.7,80.54,80.81,203900,0,0,29,2015,10
2015-10-30,80.99,81.68,80.06,80.24,260400,0,0,30,2015,10
2015-11-02,80.0,81.32,79.81,80.89,256600,0,0,02,2015,11
2015-11-03,80.89,81.16,79.66,80.68,243000,0,0,03,2015,11
2015-11-04,81.02,81.04,79.68,80.01,176800,0,0,04,2015,11
2015-11-05,80.31,81.24,80.3,80.68,267600,0,0,05,2015,11
2015-11-06,80.27,82.14,79.84,82.07,335500,0,0,06,2015,11
2015-11-09,82.0,82.49,80.65,80.98,298600,0,0,09,2015,11
2015-11-10,80.81,81.63,79.51,79.72,277500,0,0,10,2015,11
2015-11-11,80.32,80.61,79.69,80.33,238700,0,0,11,2015,11
2015-11-12,80.0,80.05,78.24,78.41,229700,0,0,12,2015,11
2015-11-13,77.92,78.3,76.7,77.07,235000,0,0,13,2015,11
2015-11-16,76.79,77.17,76.38,76.8,301200,0,0,16,2015,11
2015-11-17,77.3,77.97,77.01,77.62,298800,0,0,17,2015,11
2015-11-18,77.26,77.96,76.32,77.44,210800,0,0,18,2015,11
2015-11-19,77.6,78.1,77.16,77.72,142200,0,0,19,2015,11
2015-11-20,78.23,79.06,77.86,78.28,214000,0,0,20,2015,11
2015-11-23,78.48,79.09,77.78,78.24,193800,0,0,23,2015,11
2015-11-24,77.74,77.79,76.04,76.81,379800,0,0,24,2015,11
2015-11-25,77.96,79.64,77.91,78.76,402000,0,0,25,2015,11
2015-11-27,78.5,79.11,77.89,78.46,82000,0,0,27,2015,11
2015-11-30,78.41,78.97,77.57,77.72,196200,0,0,30,2015,11
2015-12-01,77.77,78.23,77.11,77.7,209400,0,0,01,2015,12
2015-12-02,77.92,77.92,76.1,76.14,228600,0,0,02,2015,12
2015-12-03,76.51,77.63,72.96,73.52,345700,0,0,03,2015,12
2015-12-04,73.84,74.34,72.28,73.95,410800,0,0,04,2015,12
2015-12-07,74.29,75.72,73.76,74.48,427200,0,0,07,2015,12
2015-12-08,73.54,75.66,73.54,74.92,297300,0,0,08,2015,12
2015-12-09,74.99,75.14,73.25,73.61,290900,0,0,09,2015,12
2015-12-10,73.41,75.17,73.17,74.72,253700,0,0,10,2015,12
2015-12-11,73.0,74.7,72.32,73.37,338600,0,0,11,2015,12
2015-12-14,73.08,74.41,72.03,73.48,465300,0,0,14,2015,12
2015-12-15,73.82,74.6,72.8,73.36,327500,0,0,15,2015,12
2015-12-16,73.52,74.45,72.8,74.17,294400,0,0,16,2015,12
2015-12-17,74.39,75.22,73.08,73.14,372100,0,0,17,2015,12
2015-12-18,72.73,72.97,71.18,71.23,667200,0,0,18,2015,12
2015-12-21,72.01,72.86,71.44,71.9,217500,0,0,21,2015,12
2015-12-22,71.93,72.36,70.82,72.25,121300,0,0,22,2015,12
2015-12-23,74.04,74.13,72.67,73.57,182500,0,0,23,2015,12
2015-12-24,73.34,73.58,72.77,73.18,80100,0,0,24,2015,12
2015-12-28,72.69,73.97,71.0,73.94,145000,0,0,28,2015,12
2015-12-29,74.65,75.48,74.0,74.77,144900,0,0,29,2015,12
2015-12-30,74.41,75.59,73.66,73.68,183400,0,0,30,2015,12
2015-12-31,73.32,74.29,72.38,72.43,237500,0,0,31,2015,12
2016-01-04,71.08,71.08,68.53,69.98,405900,0,0,04,2016,1
2016-01-05,70.46,72.39,70.07,71.4,329300,0,0,05,2016,1
2016-01-06,70.15,71.39,70.15,70.85,368900,0,0,06,2016,1
2016-01-07,69.53,71.95,69.06,71.66,515100,0,0,07,2016,1
2016-01-08,72.0,73.57,71.95,73.09,671200,0,0,08,2016,1
2016-01-11,73.1,74.16,72.64,73.53,484400,0,0,11,2016,1
2016-01-12,73.79,74.84,73.61,74.75,473500,0,0,12,2016,1
2016-01-13,74.85,75.24,72.19,72.61,370700,0,0,13,2016,1
2016-01-14,73.19,75.85,72.31,74.98,533800,0,0,14,2016,1
2016-01-15,72.87,73.59,71.35,73.02,529900,0,0,15,2016,1
2016-01-19,74.17,74.68,70.97,71.5,488700,0,0,19,2016,1
2016-01-20,71.42,73.51,69.51,73.39,624500,0,0,20,2016,1
2016-01-21,73.31,74.08,72.09,72.26,444600,0,0,21,2016,1
2016-01-22,73.76,74.16,72.56,73.5,600400,0,0,22,2016,1
2016-01-25,73.6,74.13,71.15,71.7,245400,0,0,25,2016,1
2016-01-26,71.82,73.31,71.51,73.05,271800,0,0,26,2016,1
2016-01-27,73.07,76.74,73.07,73.96,706800,0,0,27,2016,1
2016-01-28,74.76,74.96,73.52,74.06,262300,0,0,28,2016,1
2016-01-29,74.19,79.78,74.07,79.77,734000,0,0,29,2016,1
2016-02-01,78.14,78.18,74.97,76.29,622400,0,0,01,2016,2
2016-02-02,75.64,75.92,73.8,75.49,314800,0,0,02,2016,2
2016-02-03,75.99,76.31,73.78,74.63,270600,0,0,03,2016,2
2016-02-04,74.5,75.15,72.06,73.43,374000,0,0,04,2016,2
2016-02-05,73.02,74.2,72.21,72.49,560200,0,0,05,2016,2
2016-02-08,71.31,71.78,66.88,68.77,756100,0,0,08,2016,2
2016-02-09,68.08,69.77,66.35,68.64,683400,0,0,09,2016,2
2016-02-10,59.25,63.4,52.0,57.93,5193000,0,0,10,2016,2
2016-02-11,56.98,63.07,54.32,62.65,1617400,0,0,11,2016,2
2016-02-12,63.53,65.25,62.68,65.0,918000,0,0,12,2016,2
2016-02-16,65.32,66.59,65.11,65.95,496900,0,0,16,2016,2
2016-02-17,66.22,66.44,65.06,65.22,467800,0,0,17,2016,2
2016-02-18,65.0,65.91,64.61,64.91,367600,0,0,18,2016,2
2016-02-19,64.8,66.57,64.8,65.48,304300,0,0,19,2016,2
2016-02-22,65.94,66.95,64.83,65.17,733300,0,0,22,2016,2
2016-02-23,65.13,66.38,64.95,66.01,442700,0,0,23,2016,2
2016-02-24,65.07,66.01,64.6,65.71,295600,0,0,24,2016,2
2016-02-25,65.92,66.5,64.89,66.27,272500,0,0,25,2016,2
2016-02-26,66.75,67.37,65.72,66.09,246200,0,0,26,2016,2
2016-02-29,65.82,66.52,65.0,65.54,678000,0,0,29,2016,2
2016-03-01,65.78,66.95,64.51,66.91,279600,0,0,01,2016,3
2016-03-02,66.98,67.44,65.34,67.41,655800,0,0,02,2016,3
2016-03-03,67.24,69.77,65.23,69.54,527100,0,0,03,2016,3
2016-03-04,69.5,70.58,68.14,69.88,473100,0,0,04,2016,3
2016-03-07,69.77,70.23,69.15,70.01,404100,0,0,07,2016,3
2016-03-08,69.55,70.55,69.47,69.86,441300,0,0,08,2016,3
2016-03-09,70.11,70.97,69.44,69.96,284200,0,0,09,2016,3
2016-03-10,70.18,70.97,68.53,68.94,380900,0,0,10,2016,3
2016-03-11,69.44,70.83,68.5,70.75,322500,0,0,11,2016,3
2016-03-14,70.13,70.65,69.33,70.25,272900,0,0,14,2016,3
2016-03-15,69.68,70.98,69.47,70.02,254600,0,0,15,2016,3
2016-03-16,69.51,71.62,69.16,71.34,229100,0,0,16,2016,3
2016-03-17,71.17,72.83,70.23,72.58,248500,0,0,17,2016,3
2016-03-18,72.94,74.7,72.14,73.32,857200,0,0,18,2016,3
2016-03-21,72.97,74.01,72.36,73.13,260900,0,0,21,2016,3
2016-03-22,73.19,74.1,72.71,73.68,246300,0,0,22,2016,3
2016-03-23,73.45,73.73,72.17,72.18,260900,0,0,23,2016,3
2016-03-24,71.9,71.94,71.13,71.88,215500,0,0,24,2016,3
2016-03-28,72.08,72.84,71.63,72.25,130300,0,0,28,2016,3
2016-03-29,71.98,74.49,71.18,74.19,250400,0,0,29,2016,3
2016-03-30,74.47,74.69,73.32,73.72,189900,0,0,30,2016,3
2016-03-31,74.04,74.35,73.49,74.11,177400,0,0,31,2016,3
2016-04-01,73.4,74.6,73.34,74.42,254500,0,0,01,2016,4
2016-04-04,74.43,74.99,73.46,73.84,159400,0,0,04,2016,4
2016-04-05,73.58,74.07,72.61,72.72,242300,0,0,05,2016,4
2016-04-06,72.68,74.12,72.59,74.05,378200,0,0,06,2016,4
2016-04-07,73.67,73.97,72.5,73.05,300900,0,0,07,2016,4
2016-04-08,73.45,74.5,73.01,73.86,147000,0,0,08,2016,4
2016-04-11,74.28,74.75,72.71,72.74,162100,0,0,11,2016,4
2016-04-12,72.88,74.17,72.28,73.95,209500,0,0,12,2016,4
2016-04-13,74.08,75.2,74.08,74.61,278000,0,0,13,2016,4
2016-04-14,74.43,74.43,73.53,74.23,191700,0,0,14,2016,4
2016-04-15,73.8,75.06,73.65,74.46,235800,0,0,15,2016,4
2016-04-18,74.39,74.99,73.77,74.6,189200,0,0,18,2016,4
2016-04-19,75.0,75.25,74.3,74.93,273800,0,0,19,2016,4
2016-04-20,74.73,75.34,74.32,75.03,162600,0,0,20,2016,4
2016-04-21,74.77,75.6,74.67,74.88,196000,0,0,21,2016,4
2016-04-22,74.61,75.52,74.34,74.91,362200,0,0,22,2016,4
2016-04-25,74.65,75.39,74.47,74.99,382000,0,0,25,2016,4
2016-04-26,74.92,75.42,73.84,74.99,595200,0,0,26,2016,4
2016-04-27,75.8,78.46,75.33,78.18,650300,0,0,27,2016,4
2016-04-28,78.16,79.74,76.67,77.78,323200,0,0,28,2016,4
2016-04-29,77.82,77.95,74.71,77.1,405500,0,0,29,2016,4
2016-05-02,77.0,77.85,76.56,77.8,261000,0,0,02,2016,5
2016-05-03,77.49,77.85,75.6,75.81,226400,0,0,03,2016,5
2016-05-04,75.09,76.35,74.81,76.16,319300,0,0,04,2016,5
2016-05-05,76.46,76.81,74.87,75.69,258000,0,0,05,2016,5
2016-05-06,75.51,76.25,74.69,76.24,183000,0,0,06,2016,5
2016-05-09,75.96,77.64,75.41,76.34,206400,0,0,09,2016,5
2016-05-10,76.91,77.19,75.52,76.86,165300,0,0,10,2016,5
2016-05-11,76.55,76.71,75.74,76.08,194400,0,0,11,2016,5
2016-05-12,76.1,76.18,74.37,75.26,249400,0,0,12,2016,5
2016-05-13,75.24,75.76,74.22,74.51,250600,0,0,13,2016,5
2016-05-16,74.53,75.29,74.11,74.96,342300,0,0,16,2016,5
2016-05-17,74.57,75.85,74.36,75.38,425900,0,0,17,2016,5
2016-05-18,75.17,76.48,74.5,76.03,295500,0,0,18,2016,5
2016-05-19,75.52,76.95,74.96,76.6,293700,0,0,19,2016,5
2016-05-20,76.91,77.91,76.49,77.85,361300,0,0,20,2016,5
2016-05-23,78.0,78.8,77.75,78.13,339900,0,0,23,2016,5
2016-05-24,78.82,80.47,78.55,80.33,326700,0,0,24,2016,5
2016-05-25,80.51,80.85,79.49,80.14,242500,0,0,25,2016,5
2016-05-26,80.15,80.55,79.01,79.33,242600,0,0,26,2016,5
2016-05-27,79.6,79.87,79.07,79.77,210500,0,0,27,2016,5
2016-05-31,80.21,80.48,79.23,79.81,299400,0,0,31,2016,5
2016-06-01,79.34,80.39,79.03,80.38,413100,0,0,01,2016,6
2016-06-02,80.3,82.12,80.22,81.91,622700,0,0,02,2016,6
2016-06-03,81.51,81.51,80.81,81.33,282700,0,0,03,2016,6
2016-06-06,81.4,81.71,80.63,81.19,259700,0,0,06,2016,6
2016-06-07,81.21,81.69,80.73,81.13,311000,0,0,07,2016,6
2016-06-08,80.89,81.58,80.57,81.18,342800,0,0,08,2016,6
2016-06-09,80.82,81.02,79.86,80.68,364900,0,0,09,2016,6
2016-06-10,78.93,79.01,77.3,78.56,491100,0,0,10,2016,6
2016-06-13,78.21,78.73,77.52,77.73,929900,0,0,13,2016,6
2016-06-14,77.34,77.38,76.04,76.96,308100,0,0,14,2016,6
2016-06-15,77.19,77.44,76.49,76.81,328800,0,0,15,2016,6
2016-06-16,76.35,77.15,75.7,77.08,326500,0,0,16,2016,6
2016-06-17,76.95,77.42,75.51,76.17,482600,0,0,17,2016,6
2016-06-20,76.92,77.36,76.44,77.03,469200,0,0,20,2016,6
2016-06-21,77.13,77.32,75.87,76.83,300500,0,0,21,2016,6
2016-06-22,77.18,77.22,76.08,76.11,311500,0,0,22,2016,6
2016-06-23,76.82,78.34,75.85,78.29,583500,0,0,23,2016,6
2016-06-24,74.65,74.97,70.77,71.76,5532000,0,0,24,2016,6
2016-06-27,71.0,71.0,65.33,65.58,1173700,0,0,27,2016,6
2016-06-28,66.39,68.35,66.39,68.31,909000,0,0,28,2016,6
2016-06-29,68.8,69.21,67.34,68.54,608200,0,0,29,2016,6
2016-06-30,68.49,69.26,68.09,69.19,597700,0,0,30,2016,6
2016-07-01,68.96,71.16,68.04,70.29,562900,0,0,01,2016,7
2016-07-05,69.74,70.09,69.0,69.69,413800,0,0,05,2016,7
2016-07-06,69.35,69.49,68.74,69.17,449200,0,0,06,2016,7
2016-07-07,69.6,70.23,69.39,70.23,435600,0,0,07,2016,7
2016-07-08,71.0,71.26,70.44,71.04,418700,0,0,08,2016,7
2016-07-11,71.3,71.77,71.0,71.34,421400,0,0,11,2016,7
2016-07-12,71.94,72.64,71.61,72.13,294500,0,0,12,2016,7
2016-07-13,72.25,72.76,71.76,72.06,322600,0,0,13,2016,7
2016-07-14,72.81,72.81,71.7,72.03,276200,0,0,14,2016,7
2016-07-15,72.18,72.83,71.37,72.07,401200,0,0,15,2016,7
2016-07-18,72.23,72.34,70.56,71.4,285600,0,0,18,2016,7
2016-07-19,71.05,72.39,71.05,71.88,269800,0,0,19,2016,7
2016-07-20,72.47,72.88,71.82,72.78,692300,0,0,20,2016,7
2016-07-21,72.72,72.75,70.99,71.2,319600,0,0,21,2016,7
2016-07-22,71.1,72.56,70.6,72.52,329600,0,0,22,2016,7
2016-07-25,72.23,73.2,71.96,72.42,574100,0,0,25,2016,7
2016-07-26,77.9,78.17,75.1,77.91,1582200,0,0,26,2016,7
2016-07-27,78.0,78.01,76.51,76.79,619900,0,0,27,2016,7
2016-07-28,76.95,76.95,75.79,75.82,345000,0,0,28,2016,7
2016-07-29,75.74,76.98,74.99,76.26,534300,0,0,29,2016,7
2016-08-01,76.47,77.36,75.92,76.67,376400,0,0,01,2016,8
2016-08-02,76.65,76.78,75.23,75.43,551500,0,0,02,2016,8
2016-08-03,75.3,75.82,74.9,75.52,570400,0,0,03,2016,8
2016-08-04,75.5,77.1,74.62,76.99,656600,0,0,04,2016,8
2016-08-05,77.0,77.26,75.68,77.25,872400,0,0,05,2016,8
2016-08-08,77.16,78.04,76.53,77.83,447800,0,0,08,2016,8
2016-08-09,78.14,78.49,77.1,77.31,298300,0,0,09,2016,8
2016-08-10,77.42,77.65,77.02,77.3,285200,0,0,10,2016,8
2016-08-11,77.63,78.09,77.27,77.97,252500,0,0,11,2016,8
2016-08-12,77.76,78.92,77.76,78.53,294300,0,0,12,2016,8
2016-08-15,78.69,79.11,78.45,78.48,223100,0,0,15,2016,8
2016-08-16,78.06,78.3,77.38,77.71,181100,0,0,16,2016,8
2016-08-17,77.68,78.41,77.24,77.68,201400,0,0,17,2016,8
2016-08-18,77.49,77.9,77.37,77.74,183400,0,0,18,2016,8
2016-08-19,77.36,78.04,77.25,77.86,158000,0,0,19,2016,8
2016-08-22,77.79,77.94,77.08,77.85,163000,0,0,22,2016,8
2016-08-23,78.25,78.74,77.85,77.95,240100,0,0,23,2016,8
2016-08-24,77.77,78.2,77.02,77.14,217200,0,0,24,2016,8
2016-08-25,77.06,77.71,76.78,77.38,135100,0,0,25,2016,8
2016-08-26,77.47,78.08,76.99,77.5,153400,0,0,26,2016,8
2016-08-29,77.84,77.99,77.38,77.85,146400,0,0,29,2016,8
2016-08-30,77.87,78.51,77.45,78.38,201500,0,0,30,2016,8
2016-08-31,78.16,78.42,77.56,77.61,212900,0,0,31,2016,8
2016-09-01,77.5,78.27,77.33,77.91,186400,0,0,01,2016,9
2016-09-02,78.14,78.87,77.97,78.81,163400,0,0,02,2016,9
2016-09-06,78.74,78.96,78.4,78.79,157200,0,0,06,2016,9
2016-09-07,78.59,79.25,78.41,79.25,173300,0,0,07,2016,9
2016-09-08,78.93,79.43,78.59,79.37,233300,0,0,08,2016,9
2016-09-09,78.78,79.5,78.08,78.16,368800,0,0,09,2016,9
2016-09-12,77.71,79.1,77.15,78.95,338300,0,0,12,2016,9
2016-09-13,78.21,78.62,77.43,77.54,276800,0,0,13,2016,9
2016-09-14,77.76,77.85,77.03,77.4,246800,0,0,14,2016,9
2016-09-15,77.39,79.07,77.04,78.96,211300,0,0,15,2016,9
2016-09-16,78.76,78.9,78.09,78.21,323000,0,0,16,2016,9
2016-09-19,78.41,79.0,78.09,78.52,188500,0,0,19,2016,9
2016-09-20,78.77,80.08,78.46,79.75,460200,0,0,20,2016,9
2016-09-21,79.83,81.23,79.77,81.15,259300,0,0,21,2016,9
2016-09-22,81.6,82.18,81.06,81.93,254500,0,0,22,2016,9
2016-09-23,81.57,81.98,80.85,80.97,185500,0,0,23,2016,9
2016-09-26,80.64,81.36,79.51,80.85,150700,0,0,26,2016,9
2016-09-27,80.59,81.55,80.27,81.25,185600,0,0,27,2016,9
2016-09-28,81.25,82.1,81.0,81.92,202200,0,0,28,2016,9
2016-09-29,81.84,82.2,81.11,81.25,244000,0,0,29,2016,9
2016-09-30,81.35,82.12,80.86,81.83,318400,0,0,30,2016,9
2016-10-03,81.53,82.87,81.51,82.73,257800,0,0,03,2016,10
2016-10-04,83.11,83.48,81.9,82.33,344300,0,0,04,2016,10
2016-10-05,82.81,84.43,82.67,83.62,568300,0,0,05,2016,10
2016-10-06,83.31,83.94,82.0,83.47,210100,0,0,06,2016,10
2016-10-07,83.24,83.89,82.25,82.75,462300,0,0,07,2016,10
2016-10-10,82.92,83.93,82.7,82.74,244600,0,0,10,2016,10
2016-10-11,82.5,83.73,82.16,83.66,410600,0,0,11,2016,10
2016-10-12,83.88,84.36,82.11,83.83,508100,0,0,12,2016,10
2016-10-13,83.03,83.34,82.26,83.09,372300,0,0,13,2016,10
2016-10-14,83.19,84.81,83.09,83.13,406800,0,0,14,2016,10
2016-10-17,83.02,84.12,82.95,83.53,272800,0,0,17,2016,10
2016-10-18,84.14,84.16,82.77,82.84,252900,0,0,18,2016,10
2016-10-19,83.12,84.75,82.6,84.51,529200,0,0,19,2016,10
2016-10-20,84.43,84.43,81.72,82.36,529600,0,0,20,2016,10
2016-10-21,79.84,80.97,76.74,80.89,1344700,0,0,21,2016,10
2016-10-24,82.26,83.49,81.47,81.5,402600,0,0,24,2016,10
2016-10-25,81.81,81.81,80.9,81.47,378300,0,0,25,2016,10
2016-10-26,81.34,82.2,80.3,80.75,424700,0,0,26,2016,10
2016-10-27,81.06,81.13,79.82,80.0,681400,0,0,27,2016,10
2016-10-28,80.07,80.9,79.34,79.98,313400,0,0,28,2016,10
2016-10-31,79.96,80.05,79.34,79.55,227400,0,0,31,2016,10
2016-11-01,79.5,79.8,79.02,79.11,420400,0,0,01,2016,11
2016-11-02,79.26,79.73,78.11,78.26,341900,0,0,02,2016,11
2016-11-03,78.42,79.11,78.08,78.18,209800,0,0,03,2016,11
2016-11-04,78.0,78.95,77.47,78.13,278200,0,0,04,2016,11
2016-11-07,78.89,79.97,78.89,79.52,258500,0,0,07,2016,11
2016-11-08,79.5,79.5,78.58,78.76,269900,0,0,08,2016,11
2016-11-09,78.53,78.55,76.51,77.39,620800,0,0,09,2016,11
2016-11-10,78.12,78.56,74.39,74.62,1138200,0,0,10,2016,11
2016-11-11,74.51,75.51,74.21,75.18,281800,0,0,11,2016,11
2016-11-14,75.28,75.94,73.48,73.68,404200,0,0,14,2016,11
2016-11-15,73.77,75.85,73.23,75.34,460700,0,0,15,2016,11
2016-11-16,75.33,76.21,74.69,76.15,388500,0,0,16,2016,11
2016-11-17,76.33,76.56,75.7,76.05,454000,0,0,17,2016,11
2016-11-18,75.93,76.94,75.31,76.49,471500,0,0,18,2016,11
2016-11-21,76.78,77.33,76.27,76.89,386700,0,0,21,2016,11
2016-11-22,77.26,77.47,76.48,77.23,253800,0,0,22,2016,11
2016-11-23,77.07,77.55,76.99,77.44,203800,0,0,23,2016,11
2016-11-25,77.73,77.73,77.18,77.3,68000,0,0,25,2016,11
2016-11-28,77.41,77.68,75.32,75.57,376200,0,0,28,2016,11
2016-11-29,75.71,76.01,74.62,74.69,355200,0,0,29,2016,11
2016-11-30,72.46,73.37,70.64,71.72,1101100,0,0,30,2016,11
2016-12-01,71.17,71.88,71.1,71.79,577100,0,0,01,2016,12
2016-12-02,71.27,71.6,70.57,70.59,305900,0,0,02,2016,12
2016-12-05,70.88,72.35,70.6,71.83,336300,0,0,05,2016,12
2016-12-06,72.0,72.64,70.63,72.12,296900,0,0,06,2016,12
2016-12-07,72.39,74.1,72.08,73.84,296700,0,0,07,2016,12
2016-12-08,74.02,75.3,73.67,75.0,299200,0,0,08,2016,12
2016-12-09,75.49,75.49,74.17,74.35,187100,0,0,09,2016,12
2016-12-12,73.05,74.36,73.05,73.88,299600,0,0,12,2016,12
2016-12-13,73.95,74.94,73.64,73.72,260900,0,0,13,2016,12
2016-12-14,73.47,74.41,72.97,73.14,210600,0,0,14,2016,12
2016-12-15,72.9,74.95,72.45,73.58,290800,0,0,15,2016,12
2016-12-16,73.49,74.06,72.93,72.98,297700,0,0,16,2016,12
2016-12-19,73.22,74.26,72.99,73.93,196200,0,0,19,2016,12
2016-12-20,73.93,74.24,73.48,74.0,243400,0,0,20,2016,12
2016-12-21,74.19,74.19,73.35,73.37,226300,0,0,21,2016,12
2016-12-22,73.67,73.67,72.77,73.14,293400,0,0,22,2016,12
2016-12-23,72.88,74.06,72.54,73.3,179600,0,0,23,2016,12
2016-12-27,73.05,73.53,72.42,72.5,385700,0,0,27,2016,12
2016-12-28,72.8,72.93,71.87,72.33,250700,0,0,28,2016,12
2016-12-29,72.57,72.99,71.92,72.37,324900,0,0,29,2016,12
2016-12-30,72.25,73.48,71.83,72.43,196300,0,0,30,2016,12
2017-01-03,72.54,73.75,72.54,73.06,408200,0,0,03,2017,1
2017-01-04,73.4,74.48,73.4,73.79,345100,0,0,04,2017,1
2017-01-05,73.76,74.2,73.14,73.93,360700,0,0,05,2017,1
2017-01-06,73.93,74.08,73.61,73.82,316800,0,0,06,2017,1
2017-01-09,73.81,74.31,73.81,73.92,407200,0,0,09,2017,1
2017-01-10,73.94,74.01,72.57,73.03,282100,0,0,10,2017,1
2017-01-11,73.0,73.13,72.38,73.08,268800,0,0,11,2017,1
2017-01-12,72.85,73.71,72.32,73.32,176700,0,0,12,2017,1
2017-01-13,73.26,73.47,72.77,73.02,156000,0,0,13,2017,1
2017-01-17,72.9,73.37,72.24,72.83,175500,0,0,17,2017,1
2017-01-18,72.98,73.13,72.42,72.91,415900,0,0,18,2017,1
2017-01-19,72.94,73.51,72.29,72.74,292300,0,0,19,2017,1
2017-01-20,72.88,72.88,71.98,72.23,162600,0,0,20,2017,1
2017-01-23,71.86,72.46,71.86,72.2,268900,0,0,23,2017,1
2017-01-24,72.18,72.74,71.83,72.58,284700,0,0,24,2017,1
2017-01-25,72.59,73.57,72.41,72.89,410500,0,0,25,2017,1
2017-01-26,73.2,73.2,71.47,71.59,438200,0,0,26,2017,1
2017-01-27,71.38,71.78,71.15,71.65,225700,0,0,27,2017,1
2017-01-30,71.58,71.67,70.84,71.63,283700,0,0,30,2017,1
2017-01-31,71.29,71.86,71.21,71.52,254200,0,0,31,2017,1
2017-02-01,71.45,72.18,70.51,71.24,349800,0,0,01,2017,2
2017-02-02,71.16,71.82,70.78,71.22,553800,0,0,02,2017,2
2017-02-03,71.38,72.07,70.78,71.97,453600,0,0,03,2017,2
2017-02-06,72.19,72.61,71.68,72.43,517500,0,0,06,2017,2
2017-02-07,72.55,72.76,71.83,72.47,422300,0,0,07,2017,2
2017-02-08,72.99,77.48,72.3,76.9,1132900,0,0,08,2017,2
2017-02-09,77.44,80.36,77.22,79.77,963200,0,0,09,2017,2
2017-02-10,79.21,80.48,78.4,80.25,687000,0,0,10,2017,2
2017-02-13,80.0,80.47,79.08,79.87,466300,0,0,13,2017,2
2017-02-14,79.28,79.8,79.28,79.76,432100,0,0,14,2017,2
2017-02-15,79.95,80.55,79.09,80.54,298600,0,0,15,2017,2
2017-02-16,80.17,80.59,79.91,80.56,206200,0,0,16,2017,2
2017-02-17,80.53,81.96,80.47,81.92,330100,0,0,17,2017,2
2017-02-21,82.15,83.58,82.15,83.2,455900,0,0,21,2017,2
2017-02-22,82.76,83.48,82.62,82.99,247600,0,0,22,2017,2
2017-02-23,83.2,83.76,82.49,83.42,200400,0,0,23,2017,2
2017-02-24,83.21,83.54,82.89,83.45,241400,0,0,24,2017,2
2017-02-27,83.65,83.65,82.77,82.9,433200,0,0,27,2017,2
2017-02-28,82.6,83.54,81.93,82.78,536700,0,0,28,2017,2
2017-03-01,83.45,83.95,82.36,83.44,314200,0,0,01,2017,3
2017-03-02,83.02,83.96,81.84,82.7,658000,0,0,02,2017,3
2017-03-03,82.87,83.49,82.34,83.17,383300,0,0,03,2017,3
2017-03-06,82.85,83.16,82.69,82.95,208100,0,0,06,2017,3
2017-03-07,82.9,83.47,81.12,82.95,168700,0,0,07,2017,3
2017-03-08,82.95,83.39,82.29,82.37,175100,0,0,08,2017,3
2017-03-09,82.42,82.7,81.95,82.58,234700,0,0,09,2017,3
2017-03-10,82.24,82.99,82.15,82.66,168100,0,0,10,2017,3
2017-03-13,82.7,83.04,82.4,82.96,125400,0,0,13,2017,3
2017-03-14,82.17,83.8,81.31,83.22,502200,0,0,14,2017,3
2017-03-15,83.73,84.11,83.41,83.87,650600,0,0,15,2017,3
2017-03-16,84.1,84.11,83.28,83.56,271600,0,0,16,2017,3
2017-03-17,83.58,83.75,82.78,83.49,302700,0,0,17,2017,3
2017-03-20,84.08,84.08,82.92,83.45,298900,0,0,20,2017,3
2017-03-21,83.61,83.67,82.41,82.6,297100,0,0,21,2017,3
2017-03-22,82.61,83.19,82.27,83.16,250800,0,0,22,2017,3
2017-03-23,83.06,83.48,82.52,83.39,246100,0,0,23,2017,3
2017-03-24,83.62,83.83,83.16,83.54,226900,0,0,24,2017,3
2017-03-27,82.8,84.03,82.26,83.81,417500,0,0,27,2017,3
2017-03-28,83.8,84.48,83.58,84.38,215500,0,0,28,2017,3
2017-03-29,84.38,85.0,84.09,84.83,331500,0,0,29,2017,3
2017-03-30,85.0,85.5,84.73,85.37,217800,0,0,30,2017,3
2017-03-31,85.32,85.97,85.31,85.52,329700,0,0,31,2017,3
2017-04-03,85.75,86.0,84.59,85.16,345000,0,0,03,2017,4
2017-04-04,85.11,85.13,84.4,84.73,320700,0,0,04,2017,4
2017-04-05,85.05,85.38,84.07,84.28,432700,0,0,05,2017,4
2017-04-06,84.67,85.33,84.45,84.7,236800,0,0,06,2017,4
2017-04-07,84.99,85.06,84.12,84.9,284600,0,0,07,2017,4
2017-04-10,85.17,85.79,84.95,85.5,324200,0,0,10,2017,4
2017-04-11,85.48,86.35,85.16,85.78,261000,0,0,11,2017,4
2017-04-12,85.42,85.83,85.16,85.2,333900,0,0,12,2017,4
2017-04-13,85.03,85.6,84.52,84.58,221000,0,0,13,2017,4
2017-04-17,84.8,85.36,84.11,84.73,310600,0,0,17,2017,4
2017-04-18,84.38,85.25,84.35,84.97,238400,0,0,18,2017,4
2017-04-19,85.02,85.37,84.92,85.14,187100,0,0,19,2017,4
2017-04-20,85.5,85.9,84.83,85.31,341100,0,0,20,2017,4
2017-04-21,85.27,85.43,84.17,84.82,313800,0,0,21,2017,4
2017-04-24,85.5,85.81,85.07,85.51,336800,0,0,24,2017,4
2017-04-25,85.75,85.96,84.47,84.67,370900,0,0,25,2017,4
2017-04-26,84.67,84.67,81.19,83.3,839800,0,0,26,2017,4
2017-04-27,83.46,84.59,83.25,83.46,451000,0,0,27,2017,4
2017-04-28,83.65,83.65,82.39,82.62,288500,0,0,28,2017,4
2017-05-01,82.95,84.01,82.72,84.0,269900,0,0,01,2017,5
2017-05-02,84.22,84.77,83.94,84.63,337300,0,0,02,2017,5
2017-05-03,84.64,84.64,83.18,83.84,215200,0,0,03,2017,5
2017-05-04,83.82,84.68,83.82,84.38,249500,0,0,04,2017,5
2017-05-05,84.55,84.98,83.6,84.71,254300,0,0,05,2017,5
2017-05-08,84.91,85.0,83.99,84.59,140700,0,0,08,2017,5
2017-05-09,84.7,85.21,84.42,84.64,153200,0,0,09,2017,5
2017-05-10,84.68,85.42,84.62,85.31,189900,0,0,10,2017,5
2017-05-11,84.94,85.2,84.11,84.64,136700,0,0,11,2017,5
2017-05-12,84.65,84.66,83.74,83.91,129500,0,0,12,2017,5
2017-05-15,83.96,84.88,83.92,84.47,141200,0,0,15,2017,5
2017-05-16,84.79,84.88,83.91,84.08,185800,0,0,16,2017,5
2017-05-17,83.7,83.87,82.37,82.52,206800,0,0,17,2017,5
2017-05-18,82.52,83.15,82.09,82.72,164600,0,0,18,2017,5
2017-05-19,82.6,83.63,82.6,83.46,96800,0,0,19,2017,5
2017-05-22,83.74,84.54,83.53,84.42,170300,0,0,22,2017,5
2017-05-23,84.42,84.49,83.75,83.83,97600,0,0,23,2017,5
2017-05-24,83.94,84.93,83.62,84.76,182400,0,0,24,2017,5
2017-05-25,85.0,85.36,84.39,84.48,160200,0,0,25,2017,5
2017-05-26,84.48,85.2,84.17,84.44,136300,0,0,26,2017,5
2017-05-30,84.44,85.24,84.04,84.86,129200,0,0,30,2017,5
2017-05-31,85.05,87.35,85.04,87.23,344800,0,0,31,2017,5
2017-06-01,87.43,89.0,87.27,88.66,291000,0,0,01,2017,6
2017-06-02,88.99,89.14,87.86,88.3,204500,0,0,02,2017,6
2017-06-05,88.5,89.73,88.02,89.6,249600,0,0,05,2017,6
2017-06-06,89.68,90.23,89.01,89.4,339500,0,0,06,2017,6
2017-06-07,89.68,89.91,88.79,88.89,233800,0,0,07,2017,6
2017-06-08,89.26,89.76,87.83,87.89,220800,0,0,08,2017,6
2017-06-09,88.13,88.39,85.89,86.71,275700,0,0,09,2017,6
2017-06-12,86.6,87.17,85.42,86.77,168500,0,0,12,2017,6
2017-06-13,86.88,88.11,86.52,87.85,173100,0,0,13,2017,6
2017-06-14,87.96,88.0,87.31,87.98,125700,0,0,14,2017,6
2017-06-15,87.3,88.76,86.99,88.71,135300,0,0,15,2017,6
2017-06-16,88.4,88.4,87.05,87.61,282600,0,0,16,2017,6
2017-06-19,87.7,88.55,87.35,87.88,153700,0,0,19,2017,6
2017-06-20,87.6,88.13,86.7,86.77,214700,0,0,20,2017,6
2017-06-21,86.6,87.35,86.58,86.73,242100,0,0,21,2017,6
2017-06-22,86.5,87.1,85.63,86.56,150600,0,0,22,2017,6
2017-06-23,86.39,88.13,86.39,88.06,340900,0,0,23,2017,6
2017-06-26,88.79,89.67,88.24,88.67,219200,0,0,26,2017,6
2017-06-27,88.46,88.46,86.87,87.24,180600,0,0,27,2017,6
2017-06-28,87.4,87.78,86.5,87.55,142500,0,0,28,2017,6
2017-06-29,87.54,87.96,85.85,86.82,137000,0,0,29,2017,6
2017-06-30,87.26,88.13,86.65,87.37,175900,0,0,30,2017,6
2017-07-03,87.56,87.56,85.83,86.23,106900,0,0,03,2017,7
2017-07-05,86.24,88.01,86.24,87.74,152800,0,0,05,2017,7
2017-07-06,87.42,87.74,85.67,86.31,290200,0,0,06,2017,7
2017-07-07,86.5,87.85,85.83,87.23,238400,0,0,07,2017,7
2017-07-10,87.58,87.93,86.64,87.24,204500,0,0,10,2017,7
2017-07-11,87.34,88.76,86.94,88.76,246300,0,0,11,2017,7
2017-07-12,89.21,91.2,89.21,90.73,311200,0,0,12,2017,7
2017-07-13,90.72,91.5,90.31,90.51,303200,0,0,13,2017,7
2017-07-14,90.69,91.68,90.38,90.94,163500,0,0,14,2017,7
2017-07-17,90.93,90.94,89.81,89.86,191400,0,0,17,2017,7
2017-07-18,89.42,90.05,89.08,89.24,229300,0,0,18,2017,7
2017-07-19,90.23,92.0,89.9,91.07,306200,0,0,19,2017,7
2017-07-20,91.43,91.61,90.25,91.36,126100,0,0,20,2017,7
2017-07-21,91.21,91.81,90.67,90.83,128700,0,0,21,2017,7
2017-07-24,91.04,92.58,90.56,92.28,358500,0,0,24,2017,7
2017-07-25,92.68,94.27,90.43,92.83,451800,0,0,25,2017,7
2017-07-26,92.85,94.39,90.57,94.2,584500,0,0,26,2017,7
2017-07-27,94.38,96.0,94.31,95.46,314900,0,0,27,2017,7
2017-07-28,95.18,96.02,94.19,95.59,267800,0,0,28,2017,7
2017-07-31,95.96,96.95,95.45,96.61,429500,0,0,31,2017,7
2017-08-01,96.6,97.17,95.27,97.06,362900,0,0,01,2017,8
2017-08-02,97.14,97.33,96.11,97.26,288300,0,0,02,2017,8
2017-08-03,97.12,97.62,96.2,97.19,191000,0,0,03,2017,8
2017-08-04,97.12,97.55,96.37,96.82,242100,0,0,04,2017,8
2017-08-07,96.78,97.11,96.48,96.83,201100,0,0,07,2017,8
2017-08-08,96.87,97.77,95.97,96.07,334900,0,0,08,2017,8
2017-08-09,95.54,96.68,93.64,96.23,322800,0,0,09,2017,8
2017-08-10,95.99,97.05,95.19,95.27,150300,0,0,10,2017,8
2017-08-11,95.15,96.72,95.15,95.57,291200,0,0,11,2017,8
2017-08-14,95.86,97.92,95.19,96.74,367000,0,0,14,2017,8
2017-08-15,96.67,97.0,95.52,96.61,231000,0,0,15,2017,8
2017-08-16,97.03,97.5,95.16,97.08,265500,0,0,16,2017,8
2017-08-17,96.89,97.12,95.89,96.06,167500,0,0,17,2017,8
2017-08-18,95.76,95.84,95.03,95.19,139500,0,0,18,2017,8
2017-08-21,95.41,96.43,95.3,96.4,252400,0,0,21,2017,8
2017-08-22,96.94,97.22,96.63,96.88,246500,0,0,22,2017,8
2017-08-23,96.2,96.79,96.18,96.64,168600,0,0,23,2017,8
2017-08-24,96.9,97.5,95.89,96.02,160200,0,0,24,2017,8
2017-08-25,96.58,96.88,95.24,95.46,276800,0,0,25,2017,8
2017-08-28,96.0,97.19,96.0,97.16,166400,0,0,28,2017,8
2017-08-29,96.36,97.58,96.36,97.32,227400,0,0,29,2017,8
2017-08-30,97.33,97.68,96.78,97.43,287500,0,0,30,2017,8
2017-08-31,97.7,98.37,97.22,98.27,174800,0,0,31,2017,8
2017-09-01,98.45,98.55,97.57,97.65,176900,0,0,01,2017,9
2017-09-05,97.16,97.28,95.98,96.85,182600,0,0,05,2017,9
2017-09-06,97.0,97.0,96.02,96.69,214700,0,0,06,2017,9
2017-09-07,96.69,97.68,96.51,97.38,185300,0,0,07,2017,9
2017-09-08,97.39,97.7,96.64,97.09,193400,0,0,08,2017,9
2017-09-11,98.0,98.49,97.37,97.43,267200,0,0,11,2017,9
2017-09-12,97.5,98.2,96.91,98.14,256300,0,0,12,2017,9
2017-09-13,98.19,98.55,97.87,98.04,365100,0,0,13,2017,9
2017-09-14,97.93,98.83,97.63,98.4,250100,0,0,14,2017,9
2017-09-15,98.2,99.04,98.15,98.68,293300,0,0,15,2017,9
2017-09-18,98.51,99.53,98.49,99.03,201400,0,0,18,2017,9
2017-09-19,99.06,99.38,97.94,98.02,149500,0,0,19,2017,9
2017-09-20,97.35,97.81,95.25,95.9,400400,0,0,20,2017,9
2017-09-21,96.05,96.14,95.25,95.98,295900,0,0,21,2017,9
2017-09-22,95.75,96.44,94.76,95.97,258300,0,0,22,2017,9
2017-09-25,95.55,95.6,93.49,94.63,382000,0,0,25,2017,9
2017-09-26,94.96,94.98,93.41,94.11,341200,0,0,26,2017,9
2017-09-27,94.15,96.31,93.53,94.25,326800,0,0,27,2017,9
2017-09-28,93.97,94.23,93.56,94.05,211900,0,0,28,2017,9
2017-09-29,94.35,95.07,94.13,94.79,257600,0,0,29,2017,9
2017-10-02,94.85,95.29,94.02,94.6,213100,0,0,02,2017,10
2017-10-03,94.61,97.2,94.47,95.07,273400,0,0,03,2017,10
2017-10-04,94.94,95.44,94.44,95.23,201200,0,0,04,2017,10
2017-10-05,95.72,96.5,95.03,96.33,186000,0,0,05,2017,10
2017-10-06,96.32,97.41,95.96,97.38,215700,0,0,06,2017,10
2017-10-09,97.37,99.33,97.0,99.19,275900,0,0,09,2017,10
2017-10-10,99.01,99.93,98.63,99.35,300800,0,0,10,2017,10
2017-10-11,99.01,99.98,98.52,99.72,703500,0,0,11,2017,10
2017-10-12,99.48,99.76,98.19,98.35,300100,0,0,12,2017,10
2017-10-13,98.37,98.75,95.45,96.28,457900,0,0,13,2017,10
2017-10-16,96.64,97.01,94.83,95.16,365400,0,0,16,2017,10
2017-10-17,95.23,96.97,95.09,96.37,341300,0,0,17,2017,10
2017-10-18,96.55,96.8,96.25,96.68,275800,0,0,18,2017,10
2017-10-19,96.73,97.12,95.51,96.78,372800,0,0,19,2017,10
2017-10-20,100.0,101.07,96.76,98.71,398300,0,0,20,2017,10
2017-10-23,99.41,100.67,99.19,99.98,477100,0,0,23,2017,10
2017-10-24,99.76,99.86,97.8,98.55,372600,0,0,24,2017,10
2017-10-25,98.51,99.72,96.13,96.95,369500,0,0,25,2017,10
2017-10-26,96.96,98.54,96.72,98.18,276700,0,0,26,2017,10
2017-10-27,98.21,98.56,97.51,98.28,241300,0,0,27,2017,10
2017-10-30,98.47,98.47,96.01,96.12,274500,0,0,30,2017,10
2017-10-31,96.14,97.11,95.7,96.64,320000,0,0,31,2017,10
2017-11-01,97.11,98.54,96.39,97.19,372800,0,0,01,2017,11
2017-11-02,96.87,97.06,93.51,93.92,770800,0,0,02,2017,11
2017-11-03,94.05,94.89,93.27,93.68,631000,0,0,03,2017,11
2017-11-06,93.48,93.69,91.51,91.6,690900,0,0,06,2017,11
2017-11-07,91.8,91.8,90.3,90.34,530100,0,0,07,2017,11
2017-11-08,90.0,92.05,87.34,91.79,1248400,0,0,08,2017,11
2017-11-09,91.31,92.1,90.29,90.64,304500,0,0,09,2017,11
2017-11-10,90.13,91.51,89.52,90.7,304900,0,0,10,2017,11
2017-11-13,90.21,90.9,89.91,90.5,240700,0,0,13,2017,11
2017-11-14,90.25,91.1,88.94,88.99,584400,0,0,14,2017,11
2017-11-15,88.56,88.56,85.56,86.49,1073600,0,0,15,2017,11
2017-11-16,87.04,89.34,86.87,88.97,719400,0,0,16,2017,11
2017-11-17,88.66,89.41,88.15,88.9,304800,0,0,17,2017,11
2017-11-20,88.09,89.22,87.48,88.98,363000,0,0,20,2017,11
2017-11-21,89.08,90.29,89.03,89.93,427800,0,0,21,2017,11
2017-11-22,89.81,90.8,89.48,90.11,267400,0,0,22,2017,11
2017-11-24,90.21,91.21,90.1,91.06,87300,0,0,24,2017,11
2017-11-27,91.0,91.4,90.22,90.6,291900,0,0,27,2017,11
2017-11-28,90.7,91.64,90.29,91.45,268400,0,0,28,2017,11
2017-11-29,91.49,91.55,90.63,91.03,308600,0,0,29,2017,11
2017-11-30,91.36,91.56,90.99,91.35,330300,0,0,30,2017,11
2017-12-01,91.34,91.53,89.88,91.05,362800,0,0,01,2017,12
2017-12-04,91.81,91.95,89.84,90.97,425700,0,0,04,2017,12
2017-12-05,90.75,92.72,90.35,92.58,457500,0,0,05,2017,12
2017-12-06,92.07,92.89,92.03,92.71,492700,0,0,06,2017,12
2017-12-07,92.99,93.65,92.53,93.08,270400,0,0,07,2017,12
2017-12-08,93.33,93.61,92.66,93.54,254600,0,0,08,2017,12
2017-12-11,93.11,93.97,92.74,92.99,607400,0,0,11,2017,12
2017-12-12,92.8,93.15,91.61,91.99,408100,0,0,12,2017,12
2017-12-13,91.82,92.54,91.02,91.57,451000,0,0,13,2017,12
2017-12-14,92.0,92.12,91.14,91.28,706900,0,0,14,2017,12
2017-12-15,91.17,92.05,89.81,91.9,495300,0,0,15,2017,12
2017-12-18,89.63,90.33,84.21,84.85,1722100,0,0,18,2017,12
2017-12-19,84.56,89.75,84.5,88.99,1320700,0,0,19,2017,12
2017-12-20,89.14,89.9,86.93,87.22,400100,0,0,20,2017,12
2017-12-21,87.52,88.16,85.78,86.27,384900,0,0,21,2017,12
2017-12-22,85.81,85.81,84.18,84.36,389700,0,0,22,2017,12
2017-12-26,83.94,84.91,83.15,84.03,315200,0,0,26,2017,12
2017-12-27,84.33,84.84,83.85,84.41,220100,0,0,27,2017,12
2017-12-28,84.46,84.46,83.63,84.21,223700,0,0,28,2017,12
2017-12-29,84.21,84.59,83.46,84.27,239300,0,0,29,2017,12
2018-01-02,83.93,85.75,83.93,85.16,459000,0,0,02,2018,1
2018-01-03,89.0,92.68,88.26,92.08,1573100,0,0,03,2018,1
2018-01-04,92.0,93.56,91.71,92.51,1210300,0,0,04,2018,1
2018-01-05,92.42,96.0,92.42,95.89,699200,0,0,05,2018,1
2018-01-08,96.2,96.52,94.26,95.12,513800,0,0,08,2018,1
2018-01-09,95.53,95.53,93.52,93.58,351200,0,0,09,2018,1
2018-01-10,93.4,94.48,93.11,94.37,479300,0,0,10,2018,1
2018-01-11,94.0,95.26,93.51,95.19,313900,0,0,11,2018,1
2018-01-12,95.69,95.78,94.72,95.0,322200,0,0,12,2018,1
2018-01-16,95.67,95.93,94.84,95.18,311200,0,0,16,2018,1
2018-01-17,95.41,95.48,94.44,94.72,293900,0,0,17,2018,1
2018-01-18,95.01,95.77,94.69,94.99,330900,0,0,18,2018,1
2018-01-19,95.29,95.85,95.0,95.31,253900,0,0,19,2018,1
2018-01-22,95.27,95.69,94.91,95.16,407200,0,0,22,2018,1
2018-01-23,95.2,96.46,94.84,95.67,477900,0,0,23,2018,1
2018-01-24,95.66,96.79,94.86,95.41,221200,0,0,24,2018,1
2018-01-25,95.55,96.07,94.79,95.98,226300,0,0,25,2018,1
2018-01-26,96.0,96.65,95.07,95.67,274300,0,0,26,2018,1
2018-01-29,95.09,95.77,94.53,94.74,303400,0,0,29,2018,1
2018-01-30,94.05,95.11,94.05,94.7,425900,0,0,30,2018,1
2018-01-31,95.02,95.07,93.61,93.87,538100,0,0,31,2018,1
2018-02-01,94.18,94.79,88.55,89.98,1841500,0,0,01,2018,2
2018-02-02,89.67,93.0,88.56,88.7,650800,0,0,02,2018,2
2018-02-05,88.27,89.74,85.58,85.58,762500,0,0,05,2018,2
2018-02-06,84.45,87.43,84.06,86.8,828900,0,0,06,2018,2
2018-02-07,84.5,85.48,80.14,82.68,1629500,0,0,07,2018,2
2018-02-08,82.38,82.75,79.47,79.48,926700,0,0,08,2018,2
2018-02-09,80.6,82.3,76.26,78.7,1039400,0,0,09,2018,2
2018-02-12,79.14,80.62,78.63,79.85,906000,0,0,12,2018,2
2018-02-13,79.34,79.87,78.54,78.61,545500,0,0,13,2018,2
2018-02-14,78.43,79.36,78.05,78.89,1010000,0,0,14,2018,2
2018-02-15,79.4,83.5,78.93,82.95,1046100,0,0,15,2018,2
2018-02-16,82.9,85.04,82.14,83.68,785300,0,0,16,2018,2
2018-02-20,83.29,84.7,83.02,84.3,656400,0,0,20,2018,2
2018-02-21,84.54,85.31,83.78,84.44,791300,0,0,21,2018,2
2018-02-22,84.51,85.48,84.12,84.31,720100,0,0,22,2018,2
2018-02-23,84.57,85.12,84.04,85.12,434100,0,0,23,2018,2
2018-02-26,85.59,85.77,84.62,85.68,452400,0,0,26,2018,2
2018-02-27,85.95,86.11,85.13,85.38,395300,0,0,27,2018,2
2018-02-28,85.45,85.85,84.69,84.87,738800,0,0,28,2018,2
2018-03-01,84.84,85.5,82.84,82.9,862100,0,0,01,2018,3
2018-03-02,82.67,84.52,81.86,84.44,414500,0,0,02,2018,3
2018-03-05,83.71,85.9,83.49,85.41,343300,0,0,05,2018,3
2018-03-06,85.28,86.16,84.18,85.9,618300,0,0,06,2018,3
2018-03-07,85.23,87.23,85.19,86.99,832600,0,0,07,2018,3
2018-03-08,86.92,87.79,86.52,87.35,361800,0,0,08,2018,3
2018-03-09,88.1,88.65,87.54,88.29,367400,0,0,09,2018,3
2018-03-12,88.25,88.48,87.32,87.6,417800,0,0,12,2018,3
2018-03-13,88.14,88.47,86.55,87.04,494100,0,0,13,2018,3
2018-03-14,87.57,88.72,86.33,87.32,318400,0,0,14,2018,3
2018-03-15,87.4,88.5,86.7,87.49,229400,0,0,15,2018,3
2018-03-16,87.98,88.22,87.21,87.24,334300,0,0,16,2018,3
2018-03-19,86.78,87.18,84.74,85.75,253600,0,0,19,2018,3
2018-03-20,85.83,86.92,85.83,86.65,166800,0,0,20,2018,3
2018-03-21,86.51,89.32,85.77,88.76,610700,0,0,21,2018,3
2018-03-22,87.77,88.62,87.21,87.26,627400,0,0,22,2018,3
2018-03-23,87.27,87.57,85.15,86.01,477700,0,0,23,2018,3
2018-03-26,87.36,87.64,85.35,87.2,457700,0,0,26,2018,3
2018-03-27,87.36,87.4,83.0,83.86,817300,0,0,27,2018,3
2018-03-28,83.14,83.19,76.06,76.95,2233200,0,0,28,2018,3
2018-03-29,76.92,79.28,74.65,78.92,1134200,0,0,29,2018,3
2018-04-02,79.11,79.11,75.13,76.11,724800,0,0,02,2018,4
2018-04-03,76.29,77.0,71.17,72.26,2820700,0,0,03,2018,4
2018-04-04,71.56,73.06,70.76,72.07,1221400,0,0,04,2018,4
2018-04-05,73.06,73.06,70.67,71.99,1388900,0,0,05,2018,4
2018-04-06,71.56,72.64,70.82,71.24,1063100,0,0,06,2018,4
2018-04-09,72.12,74.8,72.12,73.47,1589200,0,0,09,2018,4
2018-04-10,74.91,75.65,72.8,73.99,1133400,0,0,10,2018,4
2018-04-11,73.48,75.3,73.43,74.25,347100,0,0,11,2018,4
2018-04-12,74.43,75.67,74.25,75.02,561800,0,0,12,2018,4
2018-04-13,75.43,75.88,74.25,75.02,431200,0,0,13,2018,4
2018-04-16,75.4,76.02,74.92,75.58,494200,0,0,16,2018,4
2018-04-17,75.85,77.42,75.28,77.33,389000,0,0,17,2018,4
2018-04-18,77.56,78.43,76.64,77.79,622000,0,0,18,2018,4
2018-04-19,77.31,77.52,74.93,76.61,395100,0,0,19,2018,4
2018-04-20,76.65,77.21,76.02,76.78,452000,0,0,20,2018,4
2018-04-23,77.14,77.26,75.88,76.35,414700,0,0,23,2018,4
2018-04-24,76.27,77.63,74.0,75.3,875700,0,0,24,2018,4
2018-04-25,75.3,79.56,74.35,78.43,1540600,0,0,25,2018,4
2018-04-26,79.47,79.98,77.15,79.41,1257300,0,0,26,2018,4
2018-04-27,79.68,79.89,78.43,79.4,904900,0,0,27,2018,4
2018-04-30,79.32,79.97,77.64,78.11,793700,0,0,30,2018,4
2018-05-01,77.97,79.11,77.9,78.7,477200,0,0,01,2018,5
2018-05-02,78.48,79.18,77.53,78.3,586000,0,0,02,2018,5
2018-05-03,78.17,78.94,78.11,78.69,691700,0,0,03,2018,5
2018-05-04,78.86,80.51,78.43,79.86,716800,0,0,04,2018,5
2018-05-07,79.78,81.38,79.78,81.02,641000,0,0,07,2018,5
2018-05-08,81.89,82.72,80.9,81.81,662700,0,0,08,2018,5
2018-05-09,82.06,83.22,80.19,82.93,646100,0,0,09,2018,5
2018-05-10,82.88,84.02,81.28,83.7,406400,0,0,10,2018,5
2018-05-11,83.95,84.49,82.45,82.53,457000,0,0,11,2018,5
2018-05-14,82.45,82.97,81.87,82.08,391000,0,0,14,2018,5
2018-05-15,81.93,82.86,81.07,82.38,529300,0,0,15,2018,5
2018-05-16,82.61,83.55,82.06,82.68,318400,0,0,16,2018,5
2018-05-17,82.55,82.92,78.65,82.25,265100,0,0,17,2018,5
2018-05-18,81.91,82.64,80.64,82.01,249100,0,0,18,2018,5
2018-05-21,82.56,84.39,81.59,81.68,283500,0,0,21,2018,5
2018-05-22,82.09,82.43,79.52,82.0,333100,0,0,22,2018,5
2018-05-23,81.58,82.38,81.38,82.18,294700,0,0,23,2018,5
2018-05-24,82.18,82.38,81.72,82.16,551100,0,0,24,2018,5
2018-05-25,81.86,81.86,80.73,81.74,219600,0,0,25,2018,5
2018-05-29,81.24,81.48,80.12,80.56,470600,0,0,29,2018,5
2018-05-30,80.63,82.52,80.46,81.66,513800,0,0,30,2018,5
2018-05-31,81.84,84.21,81.75,83.81,731600,0,0,31,2018,5
2018-06-01,83.9,84.87,83.38,84.4,397800,0,0,01,2018,6
2018-06-04,84.51,85.13,83.99,84.89,266400,0,0,04,2018,6
2018-06-05,84.88,85.46,84.34,85.11,240300,0,0,05,2018,6
2018-06-06,85.47,87.3,84.53,87.25,514700,0,0,06,2018,6
2018-06-07,87.48,87.8,84.39,85.29,502800,0,0,07,2018,6
2018-06-08,84.99,86.21,84.94,85.98,221300,0,0,08,2018,6
2018-06-11,85.0,85.31,84.06,84.88,588400,0,0,11,2018,6
2018-06-12,84.71,85.95,84.23,85.82,302100,0,0,12,2018,6
2018-06-13,86.2,86.69,85.44,85.48,451800,0,0,13,2018,6
2018-06-14,85.99,85.99,84.86,85.11,377100,0,0,14,2018,6
2018-06-15,85.04,85.53,83.9,85.37,704700,0,0,15,2018,6
2018-06-18,85.27,87.4,84.63,87.28,610600,0,0,18,2018,6
2018-06-19,86.66,87.28,85.46,87.13,396000,0,0,19,2018,6
2018-06-20,87.2,88.54,86.8,88.4,278000,0,0,20,2018,6
2018-06-21,88.44,88.75,87.13,88.43,329900,0,0,21,2018,6
2018-06-22,88.73,88.96,87.46,87.49,1240600,0,0,22,2018,6
2018-06-25,87.32,87.48,84.1,84.5,314700,0,0,25,2018,6
2018-06-26,84.49,85.0,83.48,84.45,298300,0,0,26,2018,6
2018-06-27,84.86,84.86,82.39,82.49,177800,0,0,27,2018,6
2018-06-28,82.01,83.82,81.69,83.47,401200,0,0,28,2018,6
2018-06-29,83.36,84.33,83.0,83.77,400500,0,0,29,2018,6
2018-07-02,83.43,85.19,82.85,84.93,188100,0,0,02,2018,7
2018-07-03,85.36,85.46,84.25,84.74,127100,0,0,03,2018,7
2018-07-05,84.83,85.29,84.06,85.18,577800,0,0,05,2018,7
2018-07-06,85.19,86.23,85.18,85.75,221100,0,0,06,2018,7
2018-07-09,86.41,86.41,85.33,85.4,470200,0,0,09,2018,7
2018-07-10,85.3,86.52,85.3,86.28,857200,0,0,10,2018,7
2018-07-11,86.29,86.87,86.04,86.35,315600,0,0,11,2018,7
2018-07-12,86.51,86.9,85.75,85.9,275700,0,0,12,2018,7
2018-07-13,85.61,86.0,84.69,85.2,286000,0,0,13,2018,7
2018-07-16,85.08,85.9,84.49,84.77,242200,0,0,16,2018,7
2018-07-17,84.73,85.79,84.73,85.25,375900,0,0,17,2018,7
2018-07-18,85.26,86.24,84.87,85.94,529200,0,0,18,2018,7
2018-07-19,85.97,86.37,85.47,86.09,198300,0,0,19,2018,7
2018-07-20,85.77,86.27,85.54,85.92,164700,0,0,20,2018,7
2018-07-23,85.62,85.65,84.25,84.35,342800,0,0,23,2018,7
2018-07-24,84.6,85.48,82.72,84.02,537300,0,0,24,2018,7
2018-07-25,84.03,95.48,84.03,94.4,1933100,0,0,25,2018,7
2018-07-26,94.8,96.2,93.5,95.21,1086600,0,0,26,2018,7
2018-07-27,95.46,95.46,92.32,93.43,633800,0,0,27,2018,7
2018-07-30,93.1,93.1,89.91,91.18,504400,0,0,30,2018,7
2018-07-31,91.26,92.32,90.89,91.94,478600,0,0,31,2018,7
2018-08-01,91.94,92.83,91.66,92.13,432700,0,0,01,2018,8
2018-08-02,91.92,94.41,91.86,93.93,374600,0,0,02,2018,8
2018-08-03,94.24,94.24,92.22,93.7,240300,0,0,03,2018,8
2018-08-06,93.64,94.5,93.47,93.88,210500,0,0,06,2018,8
2018-08-07,94.03,94.77,93.82,94.05,150300,0,0,07,2018,8
2018-08-08,94.04,94.04,92.38,92.93,207000,0,0,08,2018,8
2018-08-09,92.89,94.65,92.89,94.29,150200,0,0,09,2018,8
2018-08-10,93.86,94.93,93.34,94.32,324400,0,0,10,2018,8
2018-08-13,94.32,94.48,93.28,93.92,223400,0,0,13,2018,8
2018-08-14,94.17,94.72,93.78,94.61,246200,0,0,14,2018,8
2018-08-15,94.13,94.49,92.78,94.05,183400,0,0,15,2018,8
2018-08-16,94.56,95.01,94.34,94.55,173500,0,0,16,2018,8
2018-08-17,94.68,95.09,93.28,95.0,141100,0,0,17,2018,8
2018-08-20,95.19,95.87,94.36,95.64,169700,0,0,20,2018,8
2018-08-21,95.92,96.3,95.49,95.99,286800,0,0,21,2018,8
2018-08-22,96.0,96.96,95.61,96.7,215100,0,0,22,2018,8
2018-08-23,96.71,97.17,96.27,96.39,151300,0,0,23,2018,8
2018-08-24,96.54,97.15,96.33,96.99,242900,0,0,24,2018,8
2018-08-27,97.31,97.48,96.34,96.56,254800,0,0,27,2018,8
2018-08-28,96.7,96.96,95.96,96.56,175600,0,0,28,2018,8
2018-08-29,96.93,97.0,96.33,96.74,326500,0,0,29,2018,8
2018-08-30,96.74,97.08,95.42,96.89,237300,0,0,30,2018,8
2018-08-31,96.81,98.19,96.68,97.8,307300,0,0,31,2018,8
2018-09-04,98.36,98.46,97.12,97.92,449400,0,0,04,2018,9
2018-09-05,97.92,98.1,96.34,98.01,755400,0,0,05,2018,9
2018-09-06,97.73,98.25,97.18,97.91,394100,0,0,06,2018,9
2018-09-07,97.82,98.84,97.18,98.36,612800,0,0,07,2018,9
2018-09-10,98.8,99.82,98.46,99.77,525800,0,0,10,2018,9
2018-09-11,99.61,100.03,99.06,99.96,443700,0,0,11,2018,9
2018-09-12,100.3,102.19,100.01,101.42,1361600,0,0,12,2018,9
2018-09-13,101.74,102.39,101.29,101.66,641500,0,0,13,2018,9
2018-09-14,101.63,102.5,101.49,102.3,424400,0,0,14,2018,9
2018-09-17,102.1,102.47,101.14,102.03,386900,0,0,17,2018,9
2018-09-18,101.73,102.95,101.57,102.92,511200,0,0,18,2018,9
2018-09-19,102.86,104.16,101.79,102.09,552000,0,0,19,2018,9
2018-09-20,102.15,103.87,102.15,103.22,428100,0,0,20,2018,9
2018-09-21,103.19,103.86,101.96,102.1,332100,0,0,21,2018,9
2018-09-24,101.91,101.91,100.52,101.37,250800,0,0,24,2018,9
2018-09-25,101.47,101.74,100.64,100.78,370700,0,0,25,2018,9
2018-09-26,100.7,101.86,99.86,100.91,303100,0,0,26,2018,9
2018-09-27,101.11,101.51,100.09,100.21,278000,0,0,27,2018,9
2018-09-28,100.08,100.35,99.53,100.22,362600,0,0,28,2018,9
2018-10-01,109.0,115.33,109.0,115.06,2026200,0,0,01,2018,10
2018-10-02,118.74,118.86,114.96,115.3,1635600,0,0,02,2018,10
2018-10-03,116.28,120.12,116.28,119.14,1193500,0,0,03,2018,10
2018-10-04,119.44,119.44,116.57,117.72,742500,0,0,04,2018,10
2018-10-05,117.69,118.69,115.79,116.84,558300,0,0,05,2018,10
2018-10-08,116.18,116.62,112.97,114.05,429600,0,0,08,2018,10
2018-10-09,114.33,116.29,113.39,114.98,1450000,0,0,09,2018,10
2018-10-10,115.01,115.08,110.41,110.79,512500,0,0,10,2018,10
2018-10-11,110.8,111.7,109.41,110.48,616700,0,0,11,2018,10
2018-10-12,113.19,113.59,111.24,112.86,359800,0,0,12,2018,10
2018-10-15,112.46,113.7,110.99,112.28,476100,0,0,15,2018,10
2018-10-16,113.51,115.44,112.4,115.37,431400,0,0,16,2018,10
2018-10-17,115.8,118.52,114.19,115.6,480700,0,0,17,2018,10
2018-10-18,115.41,117.05,111.46,112.69,900000,0,0,18,2018,10
2018-10-19,111.41,117.86,111.41,115.89,1374400,0,0,19,2018,10
2018-10-22,117.11,118.09,111.31,113.34,787400,0,0,22,2018,10
2018-10-23,111.46,114.01,110.87,113.0,481000,0,0,23,2018,10
2018-10-24,112.12,114.75,110.31,110.49,427100,0,0,24,2018,10
2018-10-25,111.62,112.59,110.04,111.19,347100,0,0,25,2018,10
2018-10-26,109.22,111.86,105.18,111.29,625000,0,0,26,2018,10
2018-10-29,112.75,112.75,106.41,107.29,688500,0,0,29,2018,10
2018-10-30,107.0,109.58,105.98,108.14,392300,0,0,30,2018,10
2018-10-31,109.57,112.74,109.57,111.18,600100,0,0,31,2018,10
2018-11-01,111.31,113.24,110.67,111.5,460200,0,0,01,2018,11
2018-11-02,112.25,114.01,110.1,111.2,367800,0,0,02,2018,11
2018-11-05,110.86,112.46,109.12,110.29,371600,0,0,05,2018,11
2018-11-06,110.2,111.84,109.63,110.7,294000,0,0,06,2018,11
2018-11-07,111.1,113.83,110.55,112.13,639800,0,0,07,2018,11
2018-11-08,111.9,113.15,109.98,110.78,549700,0,0,08,2018,11
2018-11-09,110.11,111.58,109.36,110.85,406700,0,0,09,2018,11
2018-11-12,110.44,110.8,107.82,108.77,378200,0,0,12,2018,11
2018-11-13,108.88,110.31,108.71,108.71,329800,0,0,13,2018,11
2018-11-14,109.5,111.16,108.59,109.02,323900,0,0,14,2018,11
2018-11-15,108.58,112.9,108.05,112.23,448800,0,0,15,2018,11
2018-11-16,111.71,115.19,111.71,113.67,528200,0,0,16,2018,11
2018-11-19,113.0,114.1,111.28,111.42,505300,0,0,19,2018,11
2018-11-20,109.58,109.87,106.86,108.38,562700,0,0,20,2018,11
2018-11-21,109.17,111.48,107.95,111.13,310800,0,0,21,2018,11
2018-11-23,110.05,112.02,110.05,111.32,141700,0,0,23,2018,11
2018-11-26,112.5,113.97,112.29,113.07,409400,0,0,26,2018,11
2018-11-27,112.16,114.42,111.24,113.88,492700,0,0,27,2018,11
2018-11-28,114.91,118.97,114.53,117.67,1057400,0,0,28,2018,11
2018-11-29,118.41,118.77,115.85,118.4,510200,0,0,29,2018,11
2018-11-30,118.4,121.64,117.35,117.61,1035700,0,0,30,2018,11
2018-12-03,121.0,121.93,118.2,120.53,678900,0,0,03,2018,12
2018-12-04,119.98,120.51,115.81,116.26,590500,0,0,04,2018,12
2018-12-06,113.42,113.42,104.1,112.92,939100,0,0,06,2018,12
2018-12-07,112.4,115.41,110.22,111.34,393200,0,0,07,2018,12
2018-12-10,110.52,113.4,110.21,112.88,318400,0,0,10,2018,12
2018-12-11,114.2,115.86,112.62,113.17,284000,0,0,11,2018,12
2018-12-12,114.46,115.17,111.35,111.45,419900,0,0,12,2018,12
2018-12-13,111.46,113.38,106.94,107.83,602100,0,0,13,2018,12
2018-12-14,106.77,107.39,104.06,104.79,690300,0,0,14,2018,12
2018-12-17,104.6,105.58,100.55,100.96,665700,0,0,17,2018,12
2018-12-18,101.06,103.22,100.11,102.91,526500,0,0,18,2018,12
2018-12-19,103.47,105.86,101.03,101.96,585200,0,0,19,2018,12
2018-12-20,101.1,102.04,97.9,100.41,571700,0,0,20,2018,12
2018-12-21,101.01,101.01,96.98,97.08,728500,0,0,21,2018,12
2018-12-24,96.41,97.64,95.44,96.7,208800,0,0,24,2018,12
2018-12-26,97.49,101.2,91.78,101.12,353200,0,0,26,2018,12
2018-12-27,99.1,101.43,98.23,101.42,367000,0,0,27,2018,12
2018-12-28,101.92,102.92,100.01,101.18,314900,0,0,28,2018,12
2018-12-31,101.64,102.38,99.62,102.38,362100,0,0,31,2018,12
2019-01-02,100.59,102.85,99.92,101.56,519500,0,0,02,2019,1
2019-01-03,100.52,100.97,96.42,96.45,596900,0,0,03,2019,1
2019-01-04,98.08,100.88,96.94,100.13,599000,0,0,04,2019,1
2019-01-07,100.46,101.88,98.19,101.47,508800,0,0,07,2019,1
2019-01-08,101.58,104.05,101.58,103.31,646700,0,0,08,2019,1
2019-01-09,103.39,104.62,102.89,104.01,609500,0,0,09,2019,1
2019-01-10,103.16,104.64,102.82,104.6,376400,0,0,10,2019,1
2019-01-11,104.54,105.22,103.81,104.74,1168400,0,0,11,2019,1
2019-01-14,104.24,106.93,103.01,106.05,406300,0,0,14,2019,1
2019-01-15,106.08,108.03,106.08,107.96,309100,0,0,15,2019,1
2019-01-16,108.1,110.1,108.1,109.7,332100,0,0,16,2019,1
2019-01-17,109.55,112.0,109.55,110.79,453600,0,0,17,2019,1
2019-01-18,111.37,113.26,110.85,113.0,650700,0,0,18,2019,1
2019-01-22,112.77,112.77,111.6,112.46,472100,0,0,22,2019,1
2019-01-23,112.5,114.24,111.63,113.56,369800,0,0,23,2019,1
2019-01-24,113.45,114.83,113.45,114.37,342500,0,0,24,2019,1
2019-01-25,115.09,116.38,114.89,115.41,382100,0,0,25,2019,1
2019-01-28,114.59,115.56,113.42,114.79,259400,0,0,28,2019,1
2019-01-29,114.72,114.99,113.04,113.65,202400,0,0,29,2019,1
2019-01-30,114.4,115.69,113.48,115.56,311800,0,0,30,2019,1
2019-01-31,115.6,116.98,109.8,115.01,404600,0,0,31,2019,1
2019-02-01,115.0,116.58,114.67,115.35,398600,0,0,01,2019,2
2019-02-04,115.36,116.52,114.88,116.52,267500,0,0,04,2019,2
2019-02-05,116.9,118.25,116.6,117.51,209900,0,0,05,2019,2
2019-02-06,117.4,117.73,116.21,116.85,228000,0,0,06,2019,2
2019-02-07,116.68,117.12,115.0,115.33,478900,0,0,07,2019,2
2019-02-08,118.6,129.33,115.36,126.57,1877500,0,0,08,2019,2
2019-02-11,127.91,134.0,127.29,129.13,1208600,0,0,11,2019,2
2019-02-12,129.33,131.55,128.14,128.76,712600,0,0,12,2019,2
2019-02-13,129.29,130.15,128.6,129.29,515000,0,0,13,2019,2
2019-02-14,129.16,130.88,128.17,129.37,366800,0,0,14,2019,2
2019-02-15,130.27,130.85,128.65,128.98,517000,0,0,15,2019,2
2019-02-19,128.54,130.19,128.08,129.76,339200,0,0,19,2019,2
2019-02-20,129.7,132.29,129.33,131.6,404000,0,0,20,2019,2
2019-02-21,131.59,132.38,130.67,131.3,214100,0,0,21,2019,2
2019-02-22,131.9,134.52,131.83,133.99,285500,0,0,22,2019,2
2019-02-25,134.99,135.0,132.51,133.2,251000,0,0,25,2019,2
2019-02-26,132.68,134.27,131.32,133.01,264100,0,0,26,2019,2
2019-02-27,133.06,134.94,132.71,134.63,243600,0,0,27,2019,2
2019-02-28,134.65,135.07,133.53,134.32,296300,0,0,28,2019,2
2019-03-01,135.42,135.88,132.76,135.37,492900,0,0,01,2019,3
2019-03-04,136.17,137.77,135.05,136.97,493900,0,0,04,2019,3
2019-03-05,137.07,137.5,135.79,137.14,310500,0,0,05,2019,3
2019-03-06,137.53,137.98,135.78,137.13,257100,0,0,06,2019,3
2019-03-07,136.69,137.56,135.38,136.46,248900,0,0,07,2019,3
2019-03-08,135.27,136.52,134.6,135.55,277200,0,0,08,2019,3
2019-03-11,135.88,138.53,134.9,137.9,521900,0,0,11,2019,3
2019-03-12,138.0,139.27,137.0,138.31,344900,0,0,12,2019,3
2019-03-13,138.29,139.58,137.7,138.77,618300,0,0,13,2019,3
2019-03-14,139.59,143.17,139.28,140.47,2076700,0,0,14,2019,3
2019-03-15,140.5,141.3,137.76,138.15,662000,0,0,15,2019,3
2019-03-18,138.49,139.87,138.08,139.73,427900,0,0,18,2019,3
2019-03-19,140.66,142.99,139.25,140.45,783900,0,0,19,2019,3
2019-03-20,139.58,139.92,135.65,137.82,716000,0,0,20,2019,3
2019-03-21,138.33,143.0,138.33,142.02,710500,0,0,21,2019,3
2019-03-22,142.04,143.45,138.24,138.78,546400,0,0,22,2019,3
2019-03-25,138.29,139.09,136.38,137.3,409900,0,0,25,2019,3
2019-03-26,138.37,139.89,137.39,139.38,479000,0,0,26,2019,3
2019-03-27,139.46,140.98,138.52,139.51,335300,0,0,27,2019,3
2019-03-28,141.75,142.6,139.35,139.98,482200,0,0,28,2019,3
2019-03-29,140.95,142.9,140.2,142.59,500000,0,0,29,2019,3
2019-04-01,143.8,145.91,143.24,144.95,554500,0,0,01,2019,4
2019-04-02,145.33,147.43,141.0,141.33,810200,0,0,02,2019,4
2019-04-03,142.22,144.22,141.11,141.98,963300,0,0,03,2019,4
2019-04-04,141.69,143.2,139.02,141.03,654700,0,0,04,2019,4
2019-04-05,142.35,143.84,141.02,142.75,533400,0,0,05,2019,4
2019-04-08,142.2,143.63,140.9,143.51,413900,0,0,08,2019,4
2019-04-09,142.79,144.78,141.2,143.82,497800,0,0,09,2019,4
2019-04-10,143.74,144.97,142.73,143.07,487700,0,0,10,2019,4
2019-04-11,143.51,144.4,141.03,142.88,525400,0,0,11,2019,4
2019-04-12,143.49,145.26,142.5,144.69,698400,0,0,12,2019,4
2019-04-15,144.92,146.92,144.73,146.72,658400,0,0,15,2019,4
2019-04-16,147.35,148.19,146.08,146.81,861900,0,0,16,2019,4
2019-04-17,146.82,149.15,145.95,148.96,684900,0,0,17,2019,4
2019-04-18,149.13,150.53,147.15,147.42,680000,0,0,18,2019,4
2019-04-22,146.79,148.05,146.15,147.49,318500,0,0,22,2019,4
2019-04-23,148.03,149.27,147.55,147.97,480400,0,0,23,2019,4
2019-04-24,147.85,149.17,147.08,147.96,679300,0,0,24,2019,4
2019-04-25,149.2,149.59,146.18,147.02,435300,0,0,25,2019,4
2019-04-26,147.08,147.91,146.33,147.24,273200,0,0,26,2019,4
2019-04-29,148.12,148.53,146.42,147.45,748400,0,0,29,2019,4
2019-04-30,147.52,150.63,145.51,149.89,1246200,0,0,30,2019,4
2019-05-01,150.48,152.0,148.51,149.75,695500,0,0,01,2019,5
2019-05-02,149.25,151.03,146.79,148.16,505600,0,0,02,2019,5
2019-05-03,149.06,150.81,147.64,150.67,435100,0,0,03,2019,5
2019-05-06,147.64,152.17,147.6,151.96,372300,0,0,06,2019,5
2019-05-07,151.99,152.34,148.0,150.33,456400,0,0,07,2019,5
2019-05-08,149.96,152.16,149.96,150.92,430800,0,0,08,2019,5
2019-05-09,148.92,150.96,148.1,150.77,385500,0,0,09,2019,5
2019-05-10,150.04,151.64,147.73,151.46,415200,0,0,10,2019,5
2019-05-13,148.47,150.05,145.75,146.8,476400,0,0,13,2019,5
2019-05-14,147.74,149.65,147.55,148.37,376600,0,0,14,2019,5
2019-05-15,147.67,150.99,147.65,149.83,348000,0,0,15,2019,5
2019-05-16,150.61,154.72,150.61,153.51,439300,0,0,16,2019,5
2019-05-17,152.63,154.89,152.63,153.28,410000,0,0,17,2019,5
2019-05-20,152.01,153.78,151.16,152.04,316300,0,0,20,2019,5
2019-05-21,153.13,155.99,153.13,155.46,468300,0,0,21,2019,5
2019-05-22,154.64,158.7,154.64,158.39,541400,0,0,22,2019,5
2019-05-23,157.05,157.37,155.52,156.14,402000,0,0,23,2019,5
2019-05-24,157.17,158.8,156.82,158.39,180400,0,0,24,2019,5
2019-05-28,159.21,160.2,157.72,158.04,274700,0,0,28,2019,5
2019-05-29,157.18,157.67,155.1,155.91,268300,0,0,29,2019,5
2019-05-30,156.66,158.27,156.03,156.48,289000,0,0,30,2019,5
2019-05-31,154.76,155.69,152.91,155.04,323300,0,0,31,2019,5
2019-06-03,154.9,156.63,153.45,154.16,405000,0,0,03,2019,6
2019-06-04,155.26,156.22,153.27,155.93,340200,0,0,04,2019,6
2019-06-05,156.59,160.85,156.53,160.28,214500,0,0,05,2019,6
2019-06-06,160.7,162.75,158.32,159.38,266300,0,0,06,2019,6
2019-06-07,160.65,163.11,160.23,160.67,334500,0,0,07,2019,6
2019-06-10,161.66,162.7,161.09,161.26,304900,0,0,10,2019,6
2019-06-11,161.86,162.89,159.82,161.35,279100,0,0,11,2019,6
2019-06-12,162.07,163.61,161.41,162.98,280000,0,0,12,2019,6
2019-06-13,161.54,162.54,158.94,160.12,527000,0,0,13,2019,6
2019-06-14,160.27,161.34,158.16,158.83,326400,0,0,14,2019,6
2019-06-17,159.62,161.27,158.66,159.64,345500,0,0,17,2019,6
2019-06-18,159.14,159.24,156.43,156.96,448300,0,0,18,2019,6
2019-06-19,156.84,162.69,156.36,162.25,725200,0,0,19,2019,6
2019-06-20,163.83,165.27,162.79,163.32,355000,0,0,20,2019,6
2019-06-21,163.25,163.25,161.24,161.49,378100,0,0,21,2019,6
2019-06-24,161.4,164.0,161.29,162.33,357300,0,0,24,2019,6
2019-06-25,162.78,163.1,158.95,161.23,459000,0,0,25,2019,6
2019-06-26,161.45,163.26,159.84,160.22,364200,0,0,26,2019,6
2019-06-27,160.5,164.2,160.25,163.83,412500,0,0,27,2019,6
2019-06-28,164.72,168.77,164.17,168.24,1192500,0,0,28,2019,6
2019-07-01,169.58,170.24,165.27,167.47,327600,0,0,01,2019,7
2019-07-02,166.94,168.71,165.03,167.72,262300,0,0,02,2019,7
2019-07-03,168.34,169.54,167.24,169.05,215500,0,0,03,2019,7
2019-07-05,168.67,168.86,166.62,167.41,381600,0,0,05,2019,7
2019-07-08,166.46,168.13,165.63,168.11,239800,0,0,08,2019,7
2019-07-09,167.66,170.09,167.66,169.16,325500,0,0,09,2019,7
2019-07-10,170.32,170.75,168.76,170.21,193000,0,0,10,2019,7
2019-07-11,170.61,171.25,168.52,169.36,208400,0,0,11,2019,7
2019-07-12,169.5,169.99,167.0,168.41,274400,0,0,12,2019,7
2019-07-15,169.29,170.94,166.55,167.14,265600,0,0,15,2019,7
2019-07-16,166.92,167.47,164.35,164.52,427700,0,0,16,2019,7
2019-07-17,165.33,166.72,164.16,164.62,294100,0,0,17,2019,7
2019-07-18,164.62,165.85,162.09,165.01,276200,0,0,18,2019,7
2019-07-19,166.05,167.44,164.8,165.11,320900,0,0,19,2019,7
2019-07-22,165.46,165.94,163.72,164.09,376100,0,0,22,2019,7
2019-07-23,164.98,165.48,162.72,165.36,450200,0,0,23,2019,7
2019-07-24,162.75,162.75,148.31,157.43,2364600,0,0,24,2019,7
2019-07-25,155.14,156.95,153.15,155.36,651600,0,0,25,2019,7
2019-07-26,156.69,159.03,156.49,157.5,441900,0,0,26,2019,7
2019-07-29,160.67,161.16,157.61,159.63,444600,0,0,29,2019,7
2019-07-30,159.01,159.66,155.08,155.63,398100,0,0,30,2019,7
2019-07-31,156.2,158.93,155.31,155.91,479000,0,0,31,2019,7
2019-08-01,156.14,159.2,155.76,158.17,364700,0,0,01,2019,8
2019-08-02,155.2,156.86,152.58,153.13,502500,0,0,02,2019,8
2019-08-05,150.0,150.95,145.66,146.95,382700,0,0,05,2019,8
2019-08-06,148.11,149.76,147.17,148.37,399300,0,0,06,2019,8
2019-08-07,147.23,152.12,146.01,151.51,377700,0,0,07,2019,8
2019-08-08,153.11,158.39,153.08,155.56,449700,0,0,08,2019,8
2019-08-09,154.3,155.05,153.02,153.12,277500,0,0,09,2019,8
2019-08-12,152.78,154.39,151.17,152.81,318100,0,0,12,2019,8
2019-08-13,150.78,154.9,150.0,153.39,393200,0,0,13,2019,8
2019-08-14,150.38,151.2,146.82,147.46,411800,0,0,14,2019,8
2019-08-15,148.03,150.37,147.51,148.88,358800,0,0,15,2019,8
2019-08-16,150.35,152.09,150.35,150.6,449800,0,0,16,2019,8
2019-08-19,152.09,153.28,150.62,152.68,377400,0,0,19,2019,8
2019-08-20,152.37,155.0,151.39,153.87,378400,0,0,20,2019,8
2019-08-21,154.94,156.0,153.58,154.03,353900,0,0,21,2019,8
2019-08-22,154.06,154.34,150.73,151.31,365300,0,0,22,2019,8
2019-08-23,150.52,152.91,147.97,148.6,235500,0,0,23,2019,8
2019-08-26,150.04,150.99,148.98,150.85,211000,0,0,26,2019,8
2019-08-27,151.91,152.9,150.54,151.82,245300,0,0,27,2019,8
2019-08-28,150.89,153.03,149.99,152.42,232300,0,0,28,2019,8
2019-08-29,153.79,154.92,153.12,154.01,310200,0,0,29,2019,8
2019-08-30,154.68,155.78,152.26,153.14,398000,0,0,30,2019,8
2019-09-03,153.1,154.95,152.05,152.42,427100,0,0,03,2019,9
2019-09-04,153.37,154.48,152.66,153.47,311600,0,0,04,2019,9
2019-09-05,154.1,155.13,153.24,153.49,550700,0,0,05,2019,9
2019-09-06,153.67,154.68,152.34,152.34,346600,0,0,06,2019,9
2019-09-09,153.24,153.66,145.34,147.58,532700,0,0,09,2019,9
2019-09-10,146.86,146.98,142.82,145.26,586400,0,0,10,2019,9
2019-09-11,145.47,147.29,142.84,145.07,541500,0,0,11,2019,9
2019-09-12,145.72,147.39,144.39,144.6,533500,0,0,12,2019,9
2019-09-13,143.91,145.31,142.69,143.73,749000,0,0,13,2019,9
2019-09-16,142.69,147.2,142.69,147.01,381700,0,0,16,2019,9
2019-09-17,147.04,148.67,145.0,146.01,373400,0,0,17,2019,9
2019-09-18,146.08,146.26,144.56,145.92,267500,0,0,18,2019,9
2019-09-19,146.0,147.23,145.46,146.46,507400,0,0,19,2019,9
2019-09-20,147.25,148.78,145.63,145.85,522900,0,0,20,2019,9
2019-09-23,145.86,149.66,145.5,148.25,362000,0,0,23,2019,9
2019-09-24,149.42,150.33,145.5,146.07,331400,0,0,24,2019,9
2019-09-25,145.5,147.85,144.62,147.39,290800,0,0,25,2019,9
2019-09-26,147.78,149.17,146.06,149.09,275600,0,0,26,2019,9
2019-09-27,149.15,149.2,142.78,143.64,412500,0,0,27,2019,9
2019-09-30,143.74,147.32,143.74,146.3,351700,0,0,30,2019,9
2019-10-01,146.15,148.47,145.0,147.67,389900,0,0,01,2019,10
2019-10-02,146.4,146.85,142.27,143.56,522600,0,0,02,2019,10
2019-10-03,144.09,146.11,140.9,145.99,480900,0,0,03,2019,10
2019-10-04,147.14,149.31,146.12,149.0,515200,0,0,04,2019,10
2019-10-07,149.07,150.57,148.13,149.37,418500,0,0,07,2019,10
2019-10-08,148.31,148.55,145.0,147.11,366800,0,0,08,2019,10
2019-10-09,148.6,150.19,146.57,148.07,284600,0,0,09,2019,10
2019-10-10,147.39,147.63,144.83,145.0,408600,0,0,10,2019,10
2019-10-11,146.44,148.58,145.67,146.73,373200,0,0,11,2019,10
2019-10-14,146.88,147.37,146.11,146.99,184700,0,0,14,2019,10
2019-10-15,147.11,147.7,146.25,146.85,287200,0,0,15,2019,10
2019-10-16,146.6,146.6,144.7,146.0,352200,0,0,16,2019,10
2019-10-17,147.17,148.24,146.22,148.09,308200,0,0,17,2019,10
2019-10-18,147.45,148.17,144.66,145.76,232100,0,0,18,2019,10
2019-10-21,145.91,147.13,144.2,146.71,368200,0,0,21,2019,10
2019-10-22,146.75,147.49,143.8,143.96,691100,0,0,22,2019,10
2019-10-23,139.63,144.57,131.41,139.17,1394900,0,0,23,2019,10
2019-10-24,142.59,143.67,140.3,143.11,526600,0,0,24,2019,10
2019-10-25,142.36,144.6,140.65,141.92,405600,0,0,25,2019,10
2019-10-28,141.79,143.05,141.14,141.26,302900,0,0,28,2019,10
2019-10-29,141.4,143.27,140.74,142.48,344500,0,0,29,2019,10
2019-10-30,142.6,142.6,139.51,141.66,353600,0,0,30,2019,10
2019-10-31,141.65,142.83,139.88,140.07,252200,0,0,31,2019,10
2019-11-01,140.64,142.51,140.59,142.09,457000,0,0,01,2019,11
2019-11-04,142.23,149.05,141.12,148.65,838200,0,0,04,2019,11
2019-11-05,148.69,149.35,144.25,146.86,517600,0,0,05,2019,11
2019-11-06,146.97,150.51,145.45,147.9,429500,0,0,06,2019,11
2019-11-07,148.69,148.86,146.35,146.57,280200,0,0,07,2019,11
2019-11-08,146.55,147.85,145.01,147.54,254900,0,0,08,2019,11
2019-11-11,147.41,148.81,147.34,147.99,242000,0,0,11,2019,11
2019-11-12,148.21,150.36,147.86,149.99,367600,0,0,12,2019,11
2019-11-13,149.37,150.78,149.12,150.1,317800,0,0,13,2019,11
2019-11-14,149.89,153.44,149.75,153.01,290900,0,0,14,2019,11
2019-11-15,153.19,154.29,152.11,153.14,347000,0,0,15,2019,11
2019-11-18,154.0,154.42,152.82,154.19,384700,0,0,18,2019,11
2019-11-19,154.72,156.14,154.32,155.31,361200,0,0,19,2019,11
2019-11-20,154.71,156.41,153.78,154.72,435500,0,0,20,2019,11
2019-11-21,154.55,155.0,153.13,154.35,271100,0,0,21,2019,11
2019-11-22,154.24,154.72,152.47,154.59,268600,0,0,22,2019,11
2019-11-25,155.2,157.51,154.5,157.02,228600,0,0,25,2019,11
2019-11-26,157.07,158.1,156.12,157.86,351200,0,0,26,2019,11
2019-11-27,158.0,158.05,156.3,157.75,165600,0,0,27,2019,11
2019-11-29,157.34,158.6,156.39,157.19,90900,0,0,29,2019,11
2019-12-02,157.09,157.09,152.46,154.28,307700,0,0,02,2019,12
2019-12-03,152.8,154.53,152.8,154.39,208400,0,0,03,2019,12
2019-12-04,154.36,157.28,153.33,155.32,233400,0,0,04,2019,12
2019-12-05,155.95,157.44,154.56,157.0,299000,0,0,05,2019,12
2019-12-06,157.6,159.26,156.73,157.47,320300,0,0,06,2019,12
2019-12-09,157.29,157.98,155.72,155.75,250000,0,0,09,2019,12
2019-12-10,155.1,156.08,153.73,154.28,262500,0,0,10,2019,12
2019-12-11,154.01,154.96,152.87,154.67,281300,0,0,11,2019,12
2019-12-12,154.32,155.97,153.5,153.99,426300,0,0,12,2019,12
2019-12-13,153.56,155.36,152.94,154.51,441300,0,0,13,2019,12
2019-12-16,155.19,157.51,154.44,156.37,265300,0,0,16,2019,12
2019-12-17,156.45,157.03,154.27,155.43,319500,0,0,17,2019,12
2019-12-18,155.99,156.17,154.51,155.28,451000,0,0,18,2019,12
2019-12-19,155.6,158.57,154.68,158.18,682600,0,0,19,2019,12
2019-12-20,159.18,160.59,157.82,158.6,412200,0,0,20,2019,12
2019-12-23,159.15,160.63,157.64,159.84,361000,0,0,23,2019,12
2019-12-24,160.37,160.65,158.97,159.5,139700,0,0,24,2019,12
2019-12-26,159.53,159.88,158.19,158.8,172800,0,0,26,2019,12
2019-12-27,159.36,159.5,157.98,158.37,253100,0,0,27,2019,12
2019-12-30,158.76,159.12,156.61,157.74,328300,0,0,30,2019,12
2019-12-31,157.32,157.96,156.65,157.56,226300,0,0,31,2019,12
2020-01-02,157.85,159.15,157.52,158.65,273800,0,0,02,2020,1
2020-01-03,157.44,158.96,156.76,158.3,219500,0,0,03,2020,1
2020-01-06,156.89,158.57,156.79,158.36,354300,0,0,06,2020,1
2020-01-07,158.36,158.63,156.9,157.48,583200,0,0,07,2020,1
2020-01-08,158.37,159.85,157.66,158.12,946800,0,0,08,2020,1
2020-01-09,158.89,161.39,158.0,161.3,418800,0,0,09,2020,1
2020-01-10,161.75,162.46,160.18,161.99,408900,0,0,10,2020,1
2020-01-13,162.25,164.4,158.03,163.47,473800,0,0,13,2020,1
2020-01-14,163.43,163.43,161.29,162.23,334100,0,0,14,2020,1
2020-01-15,162.39,164.51,162.39,163.12,181700,0,0,15,2020,1
2020-01-16,163.55,163.72,162.42,162.8,192300,0,0,16,2020,1
2020-01-17,163.23,164.53,162.21,164.31,257300,0,0,17,2020,1
2020-01-21,163.17,166.65,163.05,164.0,246900,0,0,21,2020,1
2020-01-22,164.69,167.4,163.25,167.25,304800,0,0,22,2020,1
2020-01-23,167.64,167.64,165.19,166.66,249900,0,0,23,2020,1
2020-01-24,166.54,167.32,162.22,163.09,332600,0,0,24,2020,1
2020-01-27,160.71,163.2,159.2,162.98,336100,0,0,27,2020,1
2020-01-28,163.76,165.14,162.46,163.93,301900,0,0,28,2020,1
2020-01-29,164.74,164.74,162.94,163.05,197700,0,0,29,2020,1
2020-01-30,161.68,162.91,159.74,161.89,241100,0,0,30,2020,1
2020-01-31,161.85,164.24,157.03,157.64,453900,0,0,31,2020,1
2020-02-03,158.16,159.49,155.3,155.77,359000,0,0,03,2020,2
2020-02-04,157.48,160.23,156.95,158.51,407800,0,0,04,2020,2
2020-02-05,158.95,160.03,157.64,159.91,472500,0,0,05,2020,2
2020-02-06,160.0,163.49,159.57,161.06,274200,0,0,06,2020,2
2020-02-07,160.43,161.5,158.5,158.56,244700,0,0,07,2020,2
2020-02-10,157.41,158.77,156.69,157.93,656300,0,0,10,2020,2
2020-02-11,149.98,153.0,143.7,145.14,2468600,0,0,11,2020,2
2020-02-12,146.0,148.13,144.33,147.75,1096400,0,0,12,2020,2
2020-02-13,146.18,149.28,145.82,148.06,659300,0,0,13,2020,2
2020-02-14,148.47,149.16,144.91,145.3,502000,0,0,14,2020,2
2020-02-18,144.8,145.47,143.16,144.3,436400,0,0,18,2020,2
2020-02-19,145.04,146.87,143.54,144.42,708800,0,0,19,2020,2
2020-02-20,144.79,144.79,139.81,141.99,567700,0,0,20,2020,2
2020-02-21,141.94,141.94,138.77,140.36,632100,0,0,21,2020,2
2020-02-24,135.81,138.34,134.64,138.0,993000,0,0,24,2020,2
2020-02-25,138.17,138.17,129.25,129.87,1266100,0,0,25,2020,2
2020-02-26,130.3,133.53,129.92,131.47,952900,0,0,26,2020,2
2020-02-27,128.4,131.0,121.53,121.72,1343900,0,0,27,2020,2
2020-02-28,117.94,125.27,117.75,124.04,1169600,0,0,28,2020,2
2020-03-02,124.88,127.48,123.37,127.15,1104600,0,0,02,2020,3
2020-03-03,127.0,127.29,120.76,121.21,884700,0,0,03,2020,3
2020-03-04,123.15,125.84,122.06,124.27,1060000,0,0,04,2020,3
2020-03-05,121.31,121.72,109.29,109.96,1068000,0,0,05,2020,3
2020-03-06,106.75,107.47,102.17,106.05,1459300,0,0,06,2020,3
2020-03-09,99.35,102.32,97.19,97.98,1115700,0,0,09,2020,3
2020-03-10,100.69,106.42,98.01,106.24,1597200,0,0,10,2020,3
2020-03-11,100.12,104.0,94.77,98.18,822000,0,0,11,2020,3
2020-03-12,91.13,93.79,85.29,85.57,2050400,0,0,12,2020,3
