Date,Open,High,Low,Close,Volume,Dividends,Stock Splits,day,year,month
2010-01-04,1.34,1.35,1.24,1.35,732700,0,0,04,2010,1
2010-01-05,1.32,1.68,1.3,1.65,2304900,0,0,05,2010,1
2010-01-06,1.67,1.67,1.47,1.51,965200,0,0,06,2010,1
2010-01-07,1.53,1.65,1.36,1.65,494800,0,0,07,2010,1
2010-01-08,1.62,1.62,1.5,1.6,369300,0,0,08,2010,1
2010-01-11,1.6,1.68,1.52,1.67,628600,0,0,11,2010,1
2010-01-12,1.61,1.77,1.55,1.61,824700,0,0,12,2010,1
2010-01-13,1.77,1.77,1.61,1.74,635000,0,0,13,2010,1
2010-01-14,1.8,1.81,1.65,1.67,451000,0,0,14,2010,1
2010-01-15,1.75,1.75,1.65,1.7,282800,0,0,15,2010,1
2010-01-19,1.76,1.81,1.67,1.77,372900,0,0,19,2010,1
2010-01-20,1.79,1.84,1.71,1.82,313000,0,0,20,2010,1
2010-01-21,1.79,1.9,1.72,1.72,584700,0,0,21,2010,1
2010-01-22,1.75,1.76,1.61,1.65,309400,0,0,22,2010,1
2010-01-25,1.65,1.74,1.45,1.56,458400,0,0,25,2010,1
2010-01-26,1.51,1.51,1.43,1.49,232600,0,0,26,2010,1
2010-01-27,1.45,1.48,1.41,1.43,143100,0,0,27,2010,1
2010-01-28,1.43,1.54,1.35,1.54,342100,0,0,28,2010,1
2010-01-29,1.53,1.55,1.45,1.48,238000,0,0,29,2010,1
2010-02-01,1.51,1.51,1.45,1.47,137200,0,0,01,2010,2
2010-02-02,1.47,1.49,1.41,1.44,132300,0,0,02,2010,2
2010-02-03,1.46,1.46,1.32,1.35,274600,0,0,03,2010,2
2010-02-04,1.33,1.33,1.26,1.27,191200,0,0,04,2010,2
2010-02-05,1.27,1.33,1.2,1.31,306500,0,0,05,2010,2
2010-02-08,1.33,1.44,1.3,1.39,242000,0,0,08,2010,2
2010-02-09,1.45,1.49,1.36,1.47,161400,0,0,09,2010,2
2010-02-10,1.49,1.49,1.39,1.45,111100,0,0,10,2010,2
2010-02-11,1.45,1.46,1.42,1.43,91300,0,0,11,2010,2
2010-02-12,1.44,1.48,1.37,1.46,51600,0,0,12,2010,2
2010-02-16,1.46,1.48,1.4,1.45,98500,0,0,16,2010,2
2010-02-17,1.48,1.48,1.36,1.47,53300,0,0,17,2010,2
2010-02-18,1.44,1.51,1.42,1.5,176800,0,0,18,2010,2
2010-02-19,1.53,1.53,1.47,1.49,85500,0,0,19,2010,2
2010-02-22,1.47,1.5,1.39,1.43,95900,0,0,22,2010,2
2010-02-23,1.41,1.41,1.32,1.33,241000,0,0,23,2010,2
2010-02-24,1.35,1.39,1.32,1.32,109900,0,0,24,2010,2
2010-02-25,1.31,1.36,1.31,1.35,37100,0,0,25,2010,2
2010-02-26,1.37,1.37,1.33,1.35,54600,0,0,26,2010,2
2010-03-01,1.33,1.35,1.25,1.27,248400,0,0,01,2010,3
2010-03-02,1.26,1.39,1.24,1.34,382000,0,0,02,2010,3
2010-03-03,1.35,1.39,1.3,1.38,237500,0,0,03,2010,3
2010-03-04,1.4,1.41,1.3,1.37,218400,0,0,04,2010,3
2010-03-05,1.35,1.39,1.34,1.37,77700,0,0,05,2010,3
2010-03-08,1.35,1.4,1.35,1.37,285700,0,0,08,2010,3
2010-03-09,1.37,1.4,1.36,1.39,114900,0,0,09,2010,3
2010-03-10,1.39,1.42,1.37,1.4,158000,0,0,10,2010,3
2010-03-11,1.38,1.4,1.35,1.4,68900,0,0,11,2010,3
2010-03-12,1.4,1.6,1.4,1.45,1012500,0,0,12,2010,3
2010-03-15,1.41,1.44,1.35,1.37,292500,0,0,15,2010,3
2010-03-16,1.4,1.43,1.35,1.43,177800,0,0,16,2010,3
2010-03-17,1.41,1.44,1.4,1.43,106900,0,0,17,2010,3
2010-03-18,1.45,1.45,1.38,1.38,108300,0,0,18,2010,3
2010-03-19,1.34,1.41,1.34,1.34,170400,0,0,19,2010,3
2010-03-22,1.33,1.4,1.32,1.38,99700,0,0,22,2010,3
2010-03-23,1.38,1.38,1.33,1.38,86300,0,0,23,2010,3
2010-03-24,1.37,1.38,1.32,1.34,149500,0,0,24,2010,3
2010-03-25,1.34,1.36,1.33,1.33,118900,0,0,25,2010,3
2010-03-26,1.33,1.34,1.23,1.27,462900,0,0,26,2010,3
2010-03-29,1.28,1.34,1.26,1.29,172200,0,0,29,2010,3
2010-03-30,1.29,1.32,1.24,1.32,272600,0,0,30,2010,3
2010-03-31,1.29,1.29,1.21,1.27,1043400,0,0,31,2010,3
2010-04-01,1.32,1.63,1.28,1.63,2591000,0,0,01,2010,4
2010-04-05,1.66,1.74,1.51,1.53,1391100,0,0,05,2010,4
2010-04-06,1.54,1.55,1.43,1.48,563800,0,0,06,2010,4
2010-04-07,1.53,1.54,1.43,1.54,325800,0,0,07,2010,4
2010-04-08,1.52,1.55,1.47,1.52,257800,0,0,08,2010,4
2010-04-09,1.5,1.55,1.47,1.5,192700,0,0,09,2010,4
2010-04-12,1.48,1.52,1.47,1.5,185400,0,0,12,2010,4
2010-04-13,1.49,1.63,1.46,1.54,415900,0,0,13,2010,4
2010-04-14,1.65,1.65,1.55,1.6,653700,0,0,14,2010,4
2010-04-15,1.61,1.77,1.55,1.77,854000,0,0,15,2010,4
2010-04-16,1.77,1.88,1.55,1.74,1316600,0,0,16,2010,4
2010-04-19,1.76,1.76,1.6,1.69,558800,0,0,19,2010,4
2010-04-20,1.65,1.8,1.65,1.75,675400,0,0,20,2010,4
2010-04-21,1.75,1.78,1.68,1.71,286800,0,0,21,2010,4
2010-04-22,1.67,1.77,1.67,1.75,196700,0,0,22,2010,4
2010-04-23,1.73,2.2,1.73,2.11,2637800,0,0,23,2010,4
2010-04-26,2.16,2.24,1.93,2.11,1340200,0,0,26,2010,4
2010-04-27,2.1,2.15,1.95,1.95,571000,0,0,27,2010,4
2010-04-28,2.0,2.05,1.95,1.97,410200,0,0,28,2010,4
2010-04-29,2.0,2.07,1.98,2.07,539700,0,0,29,2010,4
2010-04-30,2.08,2.13,1.98,2.03,640000,0,0,30,2010,4
2010-05-03,1.98,2.11,1.97,2.05,499400,0,0,03,2010,5
2010-05-04,1.99,2.07,1.78,1.82,954600,0,0,04,2010,5
2010-05-05,1.75,1.87,1.64,1.77,577700,0,0,05,2010,5
2010-05-06,1.83,1.83,1.5,1.66,801100,0,0,06,2010,5
2010-05-07,1.66,1.74,1.58,1.67,493600,0,0,07,2010,5
2010-05-10,1.74,1.79,1.68,1.72,157000,0,0,10,2010,5
2010-05-11,1.67,1.94,1.63,1.83,652500,0,0,11,2010,5
2010-05-12,1.84,1.95,1.78,1.82,329400,0,0,12,2010,5
2010-05-13,1.75,1.9,1.74,1.84,366700,0,0,13,2010,5
2010-05-14,1.75,1.8,1.72,1.75,197200,0,0,14,2010,5
2010-05-17,1.75,1.78,1.58,1.73,461800,0,0,17,2010,5
2010-05-18,1.79,1.79,1.51,1.61,285500,0,0,18,2010,5
2010-05-19,1.65,1.65,1.41,1.5,478200,0,0,19,2010,5
2010-05-20,1.48,1.48,1.28,1.34,627000,0,0,20,2010,5
2010-05-21,1.29,1.47,1.25,1.43,396600,0,0,21,2010,5
2010-05-24,1.3,1.58,1.3,1.4,197300,0,0,24,2010,5
2010-05-25,1.31,1.45,1.3,1.45,322200,0,0,25,2010,5
2010-05-26,1.46,1.51,1.39,1.44,322700,0,0,26,2010,5
2010-05-27,1.44,1.49,1.36,1.4,237200,0,0,27,2010,5
2010-05-28,1.41,1.44,1.36,1.44,179000,0,0,28,2010,5
2010-06-01,1.36,1.41,1.33,1.37,120200,0,0,01,2010,6
2010-06-02,1.38,1.45,1.31,1.45,307000,0,0,02,2010,6
2010-06-03,1.43,1.53,1.4,1.48,427800,0,0,03,2010,6
2010-06-04,1.46,1.6,1.42,1.43,307100,0,0,04,2010,6
2010-06-07,1.4,1.46,1.36,1.37,156400,0,0,07,2010,6
2010-06-08,1.37,1.41,1.3,1.33,249600,0,0,08,2010,6
2010-06-09,1.36,1.4,1.3,1.32,126500,0,0,09,2010,6
2010-06-10,1.33,1.36,1.32,1.36,124200,0,0,10,2010,6
2010-06-11,1.36,1.42,1.33,1.4,211900,0,0,11,2010,6
2010-06-14,1.41,1.43,1.38,1.39,68800,0,0,14,2010,6
2010-06-15,1.38,1.44,1.37,1.44,148100,0,0,15,2010,6
2010-06-16,1.42,1.47,1.38,1.47,133500,0,0,16,2010,6
2010-06-17,1.46,1.48,1.44,1.46,44100,0,0,17,2010,6
2010-06-18,1.46,1.47,1.41,1.47,141700,0,0,18,2010,6
2010-06-21,1.47,1.49,1.38,1.38,109500,0,0,21,2010,6
2010-06-22,1.35,1.39,1.34,1.36,53500,0,0,22,2010,6
2010-06-23,1.36,1.4,1.28,1.33,326800,0,0,23,2010,6
2010-06-24,1.33,1.4,1.32,1.4,93500,0,0,24,2010,6
2010-06-25,1.42,1.42,1.35,1.37,53400,0,0,25,2010,6
2010-06-28,1.35,1.38,1.31,1.34,39300,0,0,28,2010,6
2010-06-29,1.32,1.32,1.25,1.25,172000,0,0,29,2010,6
2010-06-30,1.25,1.27,1.16,1.21,208600,0,0,30,2010,6
2010-07-01,1.17,1.21,1.05,1.16,414700,0,0,01,2010,7
2010-07-02,1.17,1.21,1.15,1.16,115000,0,0,02,2010,7
2010-07-06,1.14,1.18,1.03,1.17,364200,0,0,06,2010,7
2010-07-07,1.15,1.15,1.04,1.14,143800,0,0,07,2010,7
2010-07-08,1.14,1.15,1.01,1.06,540600,0,0,08,2010,7
2010-07-09,1.02,1.12,1.01,1.08,270300,0,0,09,2010,7
2010-07-12,1.07,1.14,1.05,1.14,172400,0,0,12,2010,7
2010-07-13,1.12,1.2,1.1,1.2,177200,0,0,13,2010,7
2010-07-14,1.2,1.22,1.13,1.16,134600,0,0,14,2010,7
2010-07-15,1.17,1.22,1.11,1.15,187500,0,0,15,2010,7
2010-07-16,1.11,1.16,1.1,1.12,88900,0,0,16,2010,7
2010-07-19,1.1,1.16,1.1,1.14,80300,0,0,19,2010,7
2010-07-20,1.15,1.16,1.09,1.15,150600,0,0,20,2010,7
2010-07-21,1.15,1.15,1.1,1.14,66200,0,0,21,2010,7
2010-07-22,1.15,1.16,1.12,1.12,80500,0,0,22,2010,7
2010-07-23,1.12,1.17,1.12,1.16,77900,0,0,23,2010,7
2010-07-26,1.16,1.17,1.14,1.17,139100,0,0,26,2010,7
2010-07-27,1.16,1.18,1.15,1.17,161700,0,0,27,2010,7
2010-07-28,1.14,1.17,1.13,1.17,115700,0,0,28,2010,7
2010-07-29,1.16,1.17,1.13,1.15,53300,0,0,29,2010,7
2010-07-30,1.15,1.17,1.13,1.17,62900,0,0,30,2010,7
2010-08-02,1.18,1.38,1.17,1.36,365900,0,0,02,2010,8
2010-08-03,1.38,1.43,1.32,1.43,302900,0,0,03,2010,8
2010-08-04,1.42,1.42,1.28,1.38,144400,0,0,04,2010,8
2010-08-05,1.38,1.41,1.33,1.37,102800,0,0,05,2010,8
2010-08-06,1.33,1.4,1.31,1.4,174100,0,0,06,2010,8
2010-08-09,1.38,1.38,1.3,1.35,187300,0,0,09,2010,8
2010-08-10,1.32,1.35,1.29,1.29,110400,0,0,10,2010,8
2010-08-11,1.26,1.31,1.23,1.31,140300,0,0,11,2010,8
2010-08-12,1.32,1.39,1.28,1.36,214900,0,0,12,2010,8
2010-08-13,1.45,1.73,1.43,1.57,1291300,0,0,13,2010,8
2010-08-16,1.59,1.63,1.51,1.51,405600,0,0,16,2010,8
2010-08-17,1.54,1.57,1.46,1.52,264700,0,0,17,2010,8
2010-08-18,1.47,1.61,1.47,1.5,350600,0,0,18,2010,8
2010-08-19,1.49,1.59,1.46,1.59,197800,0,0,19,2010,8
2010-08-20,1.56,1.6,1.49,1.5,161100,0,0,20,2010,8
2010-08-23,1.52,1.52,1.37,1.38,216500,0,0,23,2010,8
2010-08-24,1.34,1.43,1.31,1.34,364000,0,0,24,2010,8
2010-08-25,1.34,1.42,1.24,1.4,516800,0,0,25,2010,8
2010-08-26,1.44,1.5,1.35,1.4,295800,0,0,26,2010,8
2010-08-27,1.4,1.43,1.34,1.4,356900,0,0,27,2010,8
2010-08-30,1.4,1.41,1.34,1.38,164300,0,0,30,2010,8
2010-08-31,1.39,1.49,1.38,1.45,463500,0,0,31,2010,8
2010-09-01,1.45,1.48,1.41,1.43,588900,0,0,01,2010,9
2010-09-02,1.42,1.67,1.42,1.55,882300,0,0,02,2010,9
2010-09-03,1.56,1.62,1.52,1.6,364600,0,0,03,2010,9
2010-09-07,1.58,1.66,1.58,1.58,135200,0,0,07,2010,9
2010-09-08,1.58,1.63,1.53,1.57,140600,0,0,08,2010,9
2010-09-09,1.59,1.6,1.53,1.59,197700,0,0,09,2010,9
2010-09-10,1.61,1.62,1.5,1.56,188100,0,0,10,2010,9
2010-09-13,1.67,1.67,1.51,1.52,206200,0,0,13,2010,9
2010-09-14,1.52,1.55,1.49,1.5,230200,0,0,14,2010,9
2010-09-15,1.49,1.49,1.43,1.43,190300,0,0,15,2010,9
2010-09-16,1.43,1.46,1.4,1.44,180700,0,0,16,2010,9
2010-09-17,1.45,1.48,1.43,1.43,265100,0,0,17,2010,9
2010-09-20,1.43,1.45,1.41,1.43,139200,0,0,20,2010,9
2010-09-21,1.42,1.45,1.41,1.41,148100,0,0,21,2010,9
2010-09-22,1.41,1.45,1.4,1.4,72100,0,0,22,2010,9
2010-09-23,1.41,1.47,1.38,1.47,192400,0,0,23,2010,9
2010-09-24,1.46,1.48,1.44,1.44,247000,0,0,24,2010,9
2010-09-27,1.44,1.46,1.39,1.46,158600,0,0,27,2010,9
2010-09-28,1.46,1.46,1.38,1.38,286100,0,0,28,2010,9
2010-09-29,1.38,1.42,1.38,1.41,152900,0,0,29,2010,9
2010-09-30,1.41,1.41,1.37,1.38,103500,0,0,30,2010,9
2010-10-01,1.41,1.43,1.4,1.42,106400,0,0,01,2010,10
2010-10-04,1.43,1.45,1.41,1.45,128100,0,0,04,2010,10
2010-10-05,1.44,1.5,1.41,1.5,375700,0,0,05,2010,10
2010-10-06,1.49,1.57,1.49,1.52,472100,0,0,06,2010,10
2010-10-07,1.52,1.54,1.47,1.52,161900,0,0,07,2010,10
2010-10-08,1.5,1.55,1.49,1.53,212900,0,0,08,2010,10
2010-10-11,1.59,1.79,1.58,1.77,1587100,0,0,11,2010,10
2010-10-12,1.77,1.9,1.72,1.85,1021600,0,0,12,2010,10
2010-10-13,1.85,1.88,1.74,1.8,584600,0,0,13,2010,10
2010-10-14,1.8,1.82,1.68,1.7,416000,0,0,14,2010,10
2010-10-15,1.69,1.74,1.61,1.74,464200,0,0,15,2010,10
2010-10-18,1.73,1.74,1.66,1.69,176000,0,0,18,2010,10
2010-10-19,1.65,1.67,1.6,1.62,206600,0,0,19,2010,10
2010-10-20,1.62,1.66,1.6,1.64,219100,0,0,20,2010,10
2010-10-21,1.66,1.77,1.64,1.69,675300,0,0,21,2010,10
2010-10-22,1.67,1.73,1.67,1.73,191000,0,0,22,2010,10
2010-10-25,1.74,1.81,1.73,1.75,423600,0,0,25,2010,10
2010-10-26,1.76,1.81,1.74,1.79,167000,0,0,26,2010,10
2010-10-27,1.77,1.78,1.72,1.74,106800,0,0,27,2010,10
2010-10-28,1.74,1.75,1.69,1.7,182800,0,0,28,2010,10
2010-10-29,1.71,1.85,1.71,1.81,295800,0,0,29,2010,10
2010-11-01,1.78,1.8,1.65,1.78,341900,0,0,01,2010,11
2010-11-02,1.8,1.86,1.78,1.84,226300,0,0,02,2010,11
2010-11-03,1.85,1.86,1.76,1.79,224400,0,0,03,2010,11
2010-11-04,1.8,1.86,1.78,1.86,364100,0,0,04,2010,11
2010-11-05,1.86,2.05,1.85,2.04,863100,0,0,05,2010,11
2010-11-08,2.01,2.05,1.93,1.96,436900,0,0,08,2010,11
2010-11-09,1.97,2.12,1.97,2.07,1048800,0,0,09,2010,11
2010-11-10,2.11,2.23,2.0,2.17,1085000,0,0,10,2010,11
2010-11-11,2.36,2.77,2.3,2.77,3660600,0,0,11,2010,11
2010-11-12,2.72,2.95,2.58,2.68,1896600,0,0,12,2010,11
2010-11-15,2.71,3.08,2.65,2.95,1930800,0,0,15,2010,11
2010-11-16,2.86,3.1,2.62,2.94,1968000,0,0,16,2010,11
2010-11-17,2.88,2.9,2.78,2.85,702700,0,0,17,2010,11
2010-11-18,2.94,2.94,2.8,2.94,1011900,0,0,18,2010,11
2010-11-19,3.04,3.27,2.97,3.27,2019100,0,0,19,2010,11
2010-11-22,3.32,3.79,3.32,3.69,3214700,0,0,22,2010,11
2010-11-23,3.57,3.86,3.45,3.83,2307200,0,0,23,2010,11
2010-11-24,3.9,4.21,3.86,4.0,2679900,0,0,24,2010,11
2010-11-26,3.98,4.32,3.87,4.0,1622700,0,0,26,2010,11
2010-11-29,4.0,4.01,3.56,3.57,2158000,0,0,29,2010,11
2010-11-30,3.48,3.8,3.22,3.71,2916000,0,0,30,2010,11
2010-12-01,3.65,3.87,3.64,3.75,1178200,0,0,01,2010,12
2010-12-02,3.8,4.28,3.66,4.28,2314800,0,0,02,2010,12
2010-12-03,4.31,4.84,4.31,4.71,2982700,0,0,03,2010,12
2010-12-06,4.68,4.84,4.47,4.52,1603800,0,0,06,2010,12
2010-12-07,4.55,4.73,4.03,4.11,2622400,0,0,07,2010,12
2010-12-08,4.15,4.15,3.82,3.82,1643300,0,0,08,2010,12
2010-12-09,3.87,4.2,3.86,4.13,1604700,0,0,09,2010,12
2010-12-10,4.14,4.5,4.11,4.23,1777800,0,0,10,2010,12
2010-12-13,4.44,4.48,3.98,4.09,1334900,0,0,13,2010,12
2010-12-14,4.11,4.18,3.88,4.1,1028700,0,0,14,2010,12
2010-12-15,4.09,4.28,3.99,4.02,672900,0,0,15,2010,12
2010-12-16,4.02,4.25,3.87,4.22,1025700,0,0,16,2010,12
2010-12-17,4.41,4.41,4.16,4.16,1072200,0,0,17,2010,12
2010-12-20,4.19,4.24,4.11,4.11,454500,0,0,20,2010,12
2010-12-21,4.1,4.65,4.1,4.27,2137900,0,0,21,2010,12
2010-12-22,4.28,4.43,4.26,4.33,522400,0,0,22,2010,12
2010-12-23,4.34,4.38,4.21,4.27,394600,0,0,23,2010,12
2010-12-27,4.2,4.38,4.2,4.35,371000,0,0,27,2010,12
2010-12-28,4.37,4.38,4.25,4.25,289400,0,0,28,2010,12
2010-12-29,4.26,4.75,4.25,4.55,2563800,0,0,29,2010,12
2010-12-30,4.56,5.27,4.52,4.81,4851400,0,0,30,2010,12
2010-12-31,4.94,5.75,4.85,5.45,5738000,0,0,31,2010,12
2011-01-03,5.92,5.92,5.25,5.25,3987400,0,0,03,2011,1
2011-01-04,5.2,5.39,4.91,5.28,2294800,0,0,04,2011,1
2011-01-05,5.3,5.4,5.08,5.38,1127300,0,0,05,2011,1
2011-01-06,5.5,5.51,5.17,5.27,954400,0,0,06,2011,1
2011-01-07,5.32,5.34,4.84,5.14,1767300,0,0,07,2011,1
2011-01-10,5.02,5.14,4.96,5.12,609900,0,0,10,2011,1
2011-01-11,5.12,5.32,5.05,5.27,991100,0,0,11,2011,1
2011-01-12,5.52,6.23,5.43,6.07,4331200,0,0,12,2011,1
2011-01-13,6.18,6.18,5.81,5.89,1856200,0,0,13,2011,1
2011-01-14,5.9,5.98,5.45,5.85,2027300,0,0,14,2011,1
2011-01-18,5.86,6.57,5.7,6.27,2830000,0,0,18,2011,1
2011-01-19,6.42,6.49,6.0,6.08,2639600,0,0,19,2011,1
2011-01-20,6.0,6.09,5.68,5.99,1572700,0,0,20,2011,1
2011-01-21,6.03,6.28,5.75,5.82,1708300,0,0,21,2011,1
2011-01-24,5.78,6.39,5.75,6.2,2326000,0,0,24,2011,1
2011-01-25,6.23,6.32,6.08,6.3,983700,0,0,25,2011,1
2011-01-26,6.37,6.75,6.35,6.6,1996300,0,0,26,2011,1
2011-01-27,6.59,7.16,6.5,6.99,2657500,0,0,27,2011,1
2011-01-28,7.06,7.42,6.64,6.75,3426100,0,0,28,2011,1
2011-01-31,6.86,7.04,6.75,7.04,1674000,0,0,31,2011,1
2011-02-01,7.07,7.2,6.69,6.82,2206400,0,0,01,2011,2
2011-02-02,6.75,6.79,6.06,6.63,3433600,0,0,02,2011,2
2011-02-03,6.63,6.78,6.44,6.67,1143500,0,0,03,2011,2
2011-02-04,6.93,7.09,6.55,6.95,2627200,0,0,04,2011,2
2011-02-07,7.02,7.18,7.01,7.04,1195700,0,0,07,2011,2
2011-02-08,7.04,7.04,6.79,6.88,900600,0,0,08,2011,2
2011-02-09,6.87,6.87,6.56,6.65,880500,0,0,09,2011,2
2011-02-10,6.6,6.62,6.38,6.5,1095200,0,0,10,2011,2
2011-02-11,6.59,6.72,6.5,6.59,683200,0,0,11,2011,2
2011-02-14,6.62,7.06,6.59,7.01,1152800,0,0,14,2011,2
2011-02-15,7.02,7.15,6.81,6.82,1005000,0,0,15,2011,2
2011-02-16,6.98,7.06,6.87,7.05,796300,0,0,16,2011,2
2011-02-17,7.11,7.11,6.89,7.05,865100,0,0,17,2011,2
2011-02-18,7.16,7.16,6.7,6.88,1094400,0,0,18,2011,2
2011-02-22,6.78,7.05,6.4,6.41,1804300,0,0,22,2011,2
2011-02-23,6.51,6.65,6.03,6.13,1886300,0,0,23,2011,2
2011-02-24,6.18,6.31,5.82,6.09,1558500,0,0,24,2011,2
2011-02-25,6.18,6.53,6.17,6.53,1083500,0,0,25,2011,2
2011-02-28,6.9,6.9,6.43,6.5,963200,0,0,28,2011,2
2011-03-01,6.57,6.62,6.04,6.18,1343800,0,0,01,2011,3
2011-03-02,6.15,6.35,6.02,6.26,851900,0,0,02,2011,3
2011-03-03,6.42,6.56,6.31,6.52,1265500,0,0,03,2011,3
2011-03-04,6.61,6.65,6.44,6.62,673800,0,0,04,2011,3
2011-03-07,6.62,6.73,6.12,6.3,1014700,0,0,07,2011,3
2011-03-08,6.32,6.64,6.16,6.61,805900,0,0,08,2011,3
2011-03-09,6.47,6.63,6.3,6.35,815600,0,0,09,2011,3
2011-03-10,6.2,6.25,5.92,6.07,1304400,0,0,10,2011,3
2011-03-11,5.95,6.07,5.75,6.02,1177500,0,0,11,2011,3
2011-03-14,5.98,6.25,5.85,6.04,547300,0,0,14,2011,3
2011-03-15,5.8,5.8,5.28,5.5,1471900,0,0,15,2011,3
2011-03-16,5.49,5.75,5.25,5.27,1405800,0,0,16,2011,3
2011-03-17,5.77,6.95,5.77,6.87,6173100,0,0,17,2011,3
2011-03-18,6.97,7.09,6.73,6.89,1994700,0,0,18,2011,3
2011-03-21,7.07,7.38,6.95,7.35,2220200,0,0,21,2011,3
2011-03-22,7.39,8.34,7.38,8.06,5198500,0,0,22,2011,3
2011-03-23,8.09,8.23,7.75,8.02,1610600,0,0,23,2011,3
2011-03-24,8.19,8.34,7.95,8.17,1207500,0,0,24,2011,3
2011-03-25,8.2,8.29,8.1,8.28,919200,0,0,25,2011,3
2011-03-28,8.49,8.89,8.02,8.09,2355000,0,0,28,2011,3
2011-03-29,8.13,8.35,7.77,8.18,1508500,0,0,29,2011,3
2011-03-30,8.25,8.66,8.24,8.57,1311700,0,0,30,2011,3
2011-03-31,8.67,8.8,8.34,8.41,1223000,0,0,31,2011,3
2011-04-01,8.59,8.7,8.45,8.61,808100,0,0,01,2011,4
2011-04-04,8.61,8.64,8.3,8.54,690400,0,0,04,2011,4
2011-04-05,8.62,8.65,8.4,8.51,410700,0,0,05,2011,4
2011-04-06,8.57,8.65,8.25,8.39,874600,0,0,06,2011,4
2011-04-07,8.35,8.49,8.22,8.47,535000,0,0,07,2011,4
2011-04-08,8.5,9.64,8.43,9.19,3832700,0,0,08,2011,4
2011-04-11,9.17,9.72,8.98,9.1,2391200,0,0,11,2011,4
2011-04-12,8.96,8.98,8.07,8.65,2450400,0,0,12,2011,4
2011-04-13,8.78,8.96,8.54,8.77,657900,0,0,13,2011,4
2011-04-14,8.71,8.82,8.55,8.71,692400,0,0,14,2011,4
2011-04-15,8.72,9.29,8.55,8.83,1295400,0,0,15,2011,4
2011-04-18,8.68,8.81,8.36,8.66,875000,0,0,18,2011,4
2011-04-19,8.66,9.08,8.55,8.86,1004100,0,0,19,2011,4
2011-04-20,9.06,9.16,8.78,8.93,768700,0,0,20,2011,4
2011-04-21,8.94,9.12,8.8,8.93,800000,0,0,21,2011,4
2011-04-25,9.03,9.1,8.8,9.01,505100,0,0,25,2011,4
2011-04-26,9.04,9.74,9.04,9.52,1900000,0,0,26,2011,4
2011-04-27,9.6,9.67,9.22,9.31,1134400,0,0,27,2011,4
2011-04-28,9.26,9.36,8.85,9.06,828600,0,0,28,2011,4
2011-04-29,9.14,9.61,9.0,9.58,1034600,0,0,29,2011,4
2011-05-02,9.69,9.94,9.11,9.23,1498600,0,0,02,2011,5
2011-05-03,9.15,9.29,8.95,9.01,1190900,0,0,03,2011,5
2011-05-04,9.01,9.01,8.4,8.84,1503700,0,0,04,2011,5
2011-05-05,8.61,8.67,8.23,8.27,1271100,0,0,05,2011,5
2011-05-06,8.37,9.02,8.37,8.66,1019400,0,0,06,2011,5
2011-05-09,8.62,9.23,8.62,9.23,981700,0,0,09,2011,5
2011-05-10,9.27,9.5,9.07,9.5,1322900,0,0,10,2011,5
2011-05-11,9.5,9.63,9.01,9.24,1265400,0,0,11,2011,5
2011-05-12,9.0,9.0,8.51,8.63,2300000,0,0,12,2011,5
2011-05-13,8.66,8.8,8.44,8.62,1048300,0,0,13,2011,5
2011-05-16,8.61,8.7,8.05,8.1,1272500,0,0,16,2011,5
2011-05-17,7.85,8.33,7.62,8.16,1959900,0,0,17,2011,5
2011-05-18,8.19,8.34,8.05,8.18,841700,0,0,18,2011,5
2011-05-19,8.29,8.59,8.22,8.29,954700,0,0,19,2011,5
2011-05-20,8.24,8.35,7.91,8.18,958300,0,0,20,2011,5
2011-05-23,7.97,8.15,7.79,8.01,665500,0,0,23,2011,5
2011-05-24,8.26,8.4,8.0,8.04,772500,0,0,24,2011,5
2011-05-25,8.0,8.49,7.9,8.46,980900,0,0,25,2011,5
2011-05-26,8.41,8.74,8.31,8.68,1064400,0,0,26,2011,5
2011-05-27,8.74,8.93,8.69,8.81,599700,0,0,27,2011,5
2011-05-31,9.02,9.02,8.71,8.88,822900,0,0,31,2011,5
2011-06-01,8.82,8.96,8.25,8.33,1307300,0,0,01,2011,6
2011-06-02,8.32,8.68,8.01,8.59,778200,0,0,02,2011,6
2011-06-03,8.33,8.67,8.24,8.52,496100,0,0,03,2011,6
2011-06-06,8.46,8.47,7.95,8.04,873500,0,0,06,2011,6
2011-06-07,8.11,8.6,8.07,8.45,667900,0,0,07,2011,6
2011-06-08,8.53,8.61,8.25,8.31,610800,0,0,08,2011,6
2011-06-09,8.34,8.59,8.18,8.48,534800,0,0,09,2011,6
2011-06-10,8.37,8.56,8.13,8.17,1341700,0,0,10,2011,6
2011-06-13,8.14,8.26,7.83,8.07,1486400,0,0,13,2011,6
2011-06-14,8.27,8.35,8.17,8.29,825500,0,0,14,2011,6
2011-06-15,8.15,8.24,7.76,7.91,1134400,0,0,15,2011,6
2011-06-16,7.95,7.97,7.39,7.64,1488800,0,0,16,2011,6
2011-06-17,7.86,7.86,7.45,7.55,1172400,0,0,17,2011,6
2011-06-20,7.43,7.44,6.98,7.44,1417500,0,0,20,2011,6
2011-06-21,7.48,7.94,7.48,7.85,1027400,0,0,21,2011,6
2011-06-22,7.84,8.13,7.7,7.74,919900,0,0,22,2011,6
2011-06-23,7.51,7.9,7.36,7.89,1035500,0,0,23,2011,6
2011-06-24,7.9,8.05,7.57,7.63,5546400,0,0,24,2011,6
2011-06-27,7.62,7.88,7.46,7.81,781100,0,0,27,2011,6
2011-06-28,7.87,8.13,7.84,8.11,728300,0,0,28,2011,6
2011-06-29,8.15,8.39,8.06,8.36,956900,0,0,29,2011,6
2011-06-30,8.38,8.62,8.32,8.52,950700,0,0,30,2011,6
2011-07-01,8.49,8.61,8.35,8.55,758000,0,0,01,2011,7
2011-07-05,8.59,8.91,8.47,8.86,696300,0,0,05,2011,7
2011-07-06,8.83,8.97,8.7,8.83,622300,0,0,06,2011,7
2011-07-07,8.96,9.08,8.87,8.91,692200,0,0,07,2011,7
2011-07-08,8.81,9.14,8.69,9.11,1054500,0,0,08,2011,7
2011-07-11,9.02,9.07,8.69,8.8,898900,0,0,11,2011,7
2011-07-12,8.73,9.0,8.65,8.83,621000,0,0,12,2011,7
2011-07-13,8.92,9.09,8.78,8.85,637000,0,0,13,2011,7
2011-07-14,8.97,9.15,8.6,8.63,733500,0,0,14,2011,7
2011-07-15,8.72,8.98,8.72,8.94,571200,0,0,15,2011,7
2011-07-18,8.86,9.49,8.8,9.44,1828600,0,0,18,2011,7
2011-07-19,9.65,10.28,9.5,10.17,2460600,0,0,19,2011,7
2011-07-20,10.3,10.47,10.1,10.21,1426100,0,0,20,2011,7
2011-07-21,10.26,10.33,9.91,10.01,1304400,0,0,21,2011,7
2011-07-22,10.01,10.6,9.89,10.55,1240800,0,0,22,2011,7
2011-07-25,10.41,10.77,10.26,10.32,933800,0,0,25,2011,7
2011-07-26,10.38,10.52,10.25,10.29,723100,0,0,26,2011,7
2011-07-27,10.24,10.24,9.4,9.49,1526100,0,0,27,2011,7
2011-07-28,9.51,10.01,9.39,9.45,899500,0,0,28,2011,7
2011-07-29,9.27,9.56,9.08,9.43,945400,0,0,29,2011,7
2011-08-01,9.72,9.88,9.25,9.54,803800,0,0,01,2011,8
2011-08-02,9.47,9.95,9.22,9.23,994900,0,0,02,2011,8
2011-08-03,9.27,9.4,8.69,8.91,1586200,0,0,03,2011,8
2011-08-04,8.65,8.78,7.28,7.43,2021700,0,0,04,2011,8
2011-08-05,7.57,7.91,6.5,7.02,3434300,0,0,05,2011,8
2011-08-08,6.7,6.98,6.0,6.11,2903200,0,0,08,2011,8
2011-08-09,6.31,7.24,6.05,7.07,2901300,0,0,09,2011,8
2011-08-10,6.83,7.42,6.61,6.83,2103400,0,0,10,2011,8
2011-08-11,6.99,7.16,6.56,7.0,2692300,0,0,11,2011,8
2011-08-12,7.13,7.7,6.65,6.82,2115300,0,0,12,2011,8
2011-08-15,6.9,7.55,6.89,7.51,1737000,0,0,15,2011,8
2011-08-16,7.35,7.65,7.11,7.52,1678900,0,0,16,2011,8
2011-08-17,7.6,7.85,7.25,7.54,1684400,0,0,17,2011,8
2011-08-18,7.15,7.4,6.22,6.36,2468200,0,0,18,2011,8
2011-08-19,6.17,6.47,5.9,5.95,1684600,0,0,19,2011,8
2011-08-22,6.2,6.34,5.59,5.63,1620200,0,0,22,2011,8
2011-08-23,5.81,6.16,5.54,6.16,1363100,0,0,23,2011,8
2011-08-24,6.18,6.48,6.11,6.4,1116600,0,0,24,2011,8
2011-08-25,6.52,6.75,6.14,6.21,1275300,0,0,25,2011,8
2011-08-26,6.11,6.58,5.91,6.54,1554100,0,0,26,2011,8
2011-08-29,6.65,7.02,6.63,7.0,980300,0,0,29,2011,8
2011-08-30,6.96,7.2,6.88,7.15,976500,0,0,30,2011,8
2011-08-31,7.29,7.33,6.78,6.93,1099300,0,0,31,2011,8
2011-09-01,6.95,7.03,6.6,6.61,759000,0,0,01,2011,9
2011-09-02,6.32,6.46,6.02,6.12,1264200,0,0,02,2011,9
2011-09-06,5.88,6.34,5.64,6.29,1396800,0,0,06,2011,9
2011-09-07,6.47,6.62,6.4,6.6,728000,0,0,07,2011,9
2011-09-08,6.55,6.8,6.17,6.18,953500,0,0,08,2011,9
2011-09-09,6.15,6.23,5.68,5.87,1080500,0,0,09,2011,9
2011-09-12,5.73,6.09,5.61,5.98,648900,0,0,12,2011,9
2011-09-13,5.99,6.13,5.81,6.07,655900,0,0,13,2011,9
2011-09-14,6.14,6.22,5.83,6.07,583700,0,0,14,2011,9
2011-09-15,6.18,6.22,6.0,6.12,538300,0,0,15,2011,9
2011-09-16,6.15,6.2,5.9,6.08,733600,0,0,16,2011,9
2011-09-19,5.86,6.07,5.7,5.92,644000,0,0,19,2011,9
2011-09-20,5.96,6.03,5.64,5.64,651900,0,0,20,2011,9
2011-09-21,5.6,5.74,5.02,5.02,1314200,0,0,21,2011,9
2011-09-22,4.73,4.79,4.2,4.4,2237800,0,0,22,2011,9
2011-09-23,4.36,4.64,4.28,4.52,1074200,0,0,23,2011,9
2011-09-26,4.65,4.85,4.2,4.63,1263800,0,0,26,2011,9
2011-09-27,5.35,6.18,5.15,5.87,4053100,0,0,27,2011,9
2011-09-28,5.87,5.9,5.2,5.21,1326400,0,0,28,2011,9
2011-09-29,5.48,5.54,4.85,5.1,1156300,0,0,29,2011,9
2011-09-30,4.92,5.09,4.62,4.67,969000,0,0,30,2011,9
2011-10-03,4.61,4.76,4.09,4.16,1197400,0,0,03,2011,10
2011-10-04,4.05,4.71,3.89,4.7,1296600,0,0,04,2011,10
2011-10-05,4.74,5.17,4.47,5.08,1342500,0,0,05,2011,10
2011-10-06,5.06,5.3,4.99,5.25,1004900,0,0,06,2011,10
2011-10-07,5.28,5.43,4.91,4.98,988600,0,0,07,2011,10
2011-10-10,5.2,5.54,5.11,5.53,844600,0,0,10,2011,10
2011-10-11,5.4,5.74,5.29,5.6,668400,0,0,11,2011,10
2011-10-12,5.71,5.97,5.6,5.88,917100,0,0,12,2011,10
2011-10-13,5.78,5.85,5.47,5.64,672900,0,0,13,2011,10
2011-10-14,5.82,6.18,5.82,6.14,1183500,0,0,14,2011,10
2011-10-17,6.12,6.12,5.78,5.78,700500,0,0,17,2011,10
2011-10-18,5.84,6.09,5.38,5.99,1046400,0,0,18,2011,10
2011-10-19,6.0,6.25,5.6,5.64,894500,0,0,19,2011,10
2011-10-20,5.69,5.78,5.41,5.73,545400,0,0,20,2011,10
2011-10-21,5.9,6.08,5.66,5.9,888600,0,0,21,2011,10
2011-10-24,6.03,6.18,5.88,6.18,808300,0,0,24,2011,10
2011-10-25,6.1,6.2,5.8,6.0,750900,0,0,25,2011,10
2011-10-26,6.42,7.25,6.41,7.08,3462500,0,0,26,2011,10
2011-10-27,7.56,7.66,7.27,7.54,2226300,0,0,27,2011,10
2011-10-28,7.42,7.99,7.3,7.66,1946100,0,0,28,2011,10
2011-10-31,7.57,7.8,7.29,7.44,1083200,0,0,31,2011,10
2011-11-01,6.87,7.18,6.71,6.95,1556500,0,0,01,2011,11
2011-11-02,7.16,7.42,6.97,7.39,966500,0,0,02,2011,11
2011-11-03,7.58,7.66,7.12,7.51,975000,0,0,03,2011,11
2011-11-04,7.36,7.6,7.22,7.4,465300,0,0,04,2011,11
2011-11-07,7.69,8.37,7.67,8.08,2241700,0,0,07,2011,11
2011-11-08,8.37,8.37,7.77,8.1,1825600,0,0,08,2011,11
2011-11-09,7.98,7.98,7.29,7.42,1938500,0,0,09,2011,11
2011-11-10,8.29,9.0,8.24,8.45,4734400,0,0,10,2011,11
2011-11-11,8.55,8.6,8.15,8.24,2103200,0,0,11,2011,11
2011-11-14,8.26,8.82,8.12,8.63,2411600,0,0,14,2011,11
2011-11-15,8.53,8.99,8.53,8.87,1808100,0,0,15,2011,11
2011-11-16,8.87,9.5,8.76,9.09,3019600,0,0,16,2011,11
2011-11-17,9.15,9.38,8.44,8.63,2887700,0,0,17,2011,11
2011-11-18,8.71,8.88,8.45,8.65,1284000,0,0,18,2011,11
2011-11-21,8.44,8.83,8.17,8.77,1809200,0,0,21,2011,11
2011-11-22,8.79,8.95,8.58,8.73,1639200,0,0,22,2011,11
2011-11-23,8.55,8.57,7.97,8.03,2218100,0,0,23,2011,11
2011-11-25,8.04,8.38,8.01,8.08,712200,0,0,25,2011,11
2011-11-28,8.5,8.91,8.5,8.8,1904300,0,0,28,2011,11
2011-11-29,8.84,8.88,8.45,8.74,1123800,0,0,29,2011,11
2011-11-30,9.27,9.39,9.0,9.11,3970100,0,0,30,2011,11
2011-12-01,9.11,9.3,8.9,8.99,1745000,0,0,01,2011,12
2011-12-02,9.34,9.95,9.33,9.62,3621000,0,0,02,2011,12
2011-12-05,9.99,10.39,9.95,10.07,2688000,0,0,05,2011,12
2011-12-06,10.07,10.31,9.79,10.14,1608000,0,0,06,2011,12
2011-12-07,10.02,10.57,9.8,10.41,1812100,0,0,07,2011,12
2011-12-08,10.3,10.52,9.83,9.9,1462100,0,0,08,2011,12
2011-12-09,9.91,10.47,9.91,10.27,1716400,0,0,09,2011,12
2011-12-12,9.99,10.09,9.62,9.89,1474100,0,0,12,2011,12
2011-12-13,9.97,10.22,9.66,9.74,1542500,0,0,13,2011,12
2011-12-14,9.61,9.61,8.88,9.05,2500400,0,0,14,2011,12
2011-12-15,9.35,9.43,8.91,9.09,1021800,0,0,15,2011,12
2011-12-16,9.11,9.58,9.11,9.4,1371500,0,0,16,2011,12
2011-12-19,9.52,9.75,9.12,9.15,1175200,0,0,19,2011,12
2011-12-20,9.43,9.96,9.41,9.89,1588000,0,0,20,2011,12
2011-12-21,9.82,9.91,9.42,9.8,1158300,0,0,21,2011,12
2011-12-22,9.95,10.14,9.77,9.9,827900,0,0,22,2011,12
2011-12-23,9.97,10.11,9.86,10.11,811300,0,0,23,2011,12
2011-12-27,10.01,10.3,10.0,10.17,556100,0,0,27,2011,12
2011-12-28,10.55,10.7,9.65,9.72,2132100,0,0,28,2011,12
2011-12-29,9.78,10.04,9.74,9.93,1195500,0,0,29,2011,12
2011-12-30,9.9,10.14,9.75,9.96,978600,0,0,30,2011,12
2012-01-03,10.33,10.55,10.28,10.52,1524600,0,0,03,2012,1
2012-01-04,10.5,12.26,10.5,12.18,6641100,0,0,04,2012,1
2012-01-05,12.06,12.5,11.61,12.25,2471600,0,0,05,2012,1
2012-01-06,12.35,12.42,11.9,12.06,1530800,0,0,06,2012,1
2012-01-09,12.13,12.5,12.03,12.24,1211900,0,0,09,2012,1
2012-01-10,12.47,13.06,12.33,12.8,2512400,0,0,10,2012,1
2012-01-11,12.71,13.13,12.36,12.48,1885500,0,0,11,2012,1
2012-01-12,12.48,12.71,11.78,12.42,2012800,0,0,12,2012,1
2012-01-13,12.19,12.47,12.03,12.35,984500,0,0,13,2012,1
2012-01-17,12.47,12.7,12.12,12.28,878900,0,0,17,2012,1
2012-01-18,12.29,13.06,12.27,13.03,1538100,0,0,18,2012,1
2012-01-19,13.2,13.71,12.75,12.98,2271500,0,0,19,2012,1
2012-01-20,12.93,13.3,12.8,12.89,1457700,0,0,20,2012,1
2012-01-23,12.9,13.15,12.08,12.16,2115500,0,0,23,2012,1
2012-01-24,12.04,12.71,11.76,12.65,2178200,0,0,24,2012,1
2012-01-25,12.57,12.76,12.33,12.69,929800,0,0,25,2012,1
2012-01-26,12.59,12.59,10.91,11.41,4691200,0,0,26,2012,1
2012-01-27,11.41,11.58,11.17,11.25,1754300,0,0,27,2012,1
2012-01-30,11.03,11.42,10.93,11.35,1210300,0,0,30,2012,1
2012-01-31,11.75,11.94,11.45,11.74,1681300,0,0,31,2012,1
2012-02-01,11.92,12.34,11.92,12.27,1327100,0,0,01,2012,2
2012-02-02,12.04,12.04,10.95,11.51,3694100,0,0,02,2012,2
2012-02-03,11.77,12.08,11.72,11.88,1467700,0,0,03,2012,2
2012-02-06,11.75,12.05,11.5,11.84,884700,0,0,06,2012,2
2012-02-07,11.77,11.77,11.38,11.43,1022400,0,0,07,2012,2
2012-02-08,11.52,11.63,11.1,11.23,1087700,0,0,08,2012,2
2012-02-09,11.3,11.5,11.15,11.36,941600,0,0,09,2012,2
2012-02-10,11.14,11.21,10.88,10.89,1470800,0,0,10,2012,2
2012-02-13,11.05,11.19,10.49,10.62,1977000,0,0,13,2012,2
2012-02-14,10.58,10.9,10.42,10.82,971400,0,0,14,2012,2
2012-02-15,10.91,11.03,10.55,10.6,1280500,0,0,15,2012,2
2012-02-16,10.53,10.6,10.1,10.28,1900800,0,0,16,2012,2
2012-02-17,10.36,10.67,10.1,10.5,1428600,0,0,17,2012,2
2012-02-21,10.82,11.19,10.69,11.09,1534200,0,0,21,2012,2
2012-02-22,11.09,11.47,11.05,11.2,1244900,0,0,22,2012,2
2012-02-23,11.2,11.28,10.83,11.16,828800,0,0,23,2012,2
2012-02-24,11.18,11.74,11.18,11.46,1368800,0,0,24,2012,2
2012-02-27,11.46,12.5,11.43,12.38,2869300,0,0,27,2012,2
2012-02-28,12.45,12.66,11.88,11.96,2959300,0,0,28,2012,2
2012-02-29,12.11,12.33,11.16,11.19,2145600,0,0,29,2012,2
2012-03-01,11.28,11.75,11.15,11.52,1435600,0,0,01,2012,3
2012-03-02,11.56,11.65,11.05,11.13,1152700,0,0,02,2012,3
2012-03-05,11.06,11.11,10.65,10.81,1180000,0,0,05,2012,3
2012-03-06,10.5,10.55,10.19,10.44,1506600,0,0,06,2012,3
2012-03-07,10.75,11.2,10.46,11.04,1820400,0,0,07,2012,3
2012-03-08,11.82,12.34,11.63,12.06,4843300,0,0,08,2012,3
2012-03-09,12.07,12.47,11.86,12.34,2323800,0,0,09,2012,3
2012-03-12,12.11,12.45,12.0,12.27,1233400,0,0,12,2012,3
2012-03-13,12.45,12.49,11.81,12.05,2090300,0,0,13,2012,3
2012-03-14,12.01,12.09,11.43,11.64,1503500,0,0,14,2012,3
2012-03-15,11.64,12.14,11.48,12.1,1303300,0,0,15,2012,3
2012-03-16,12.1,12.38,12.09,12.32,1959700,0,0,16,2012,3
2012-03-19,12.29,13.03,12.24,12.9,3059000,0,0,19,2012,3
2012-03-20,12.72,12.95,12.51,12.84,1271100,0,0,20,2012,3
2012-03-21,12.82,12.98,12.42,12.48,973400,0,0,21,2012,3
2012-03-22,12.31,12.35,11.85,12.07,1256000,0,0,22,2012,3
2012-03-23,12.11,12.59,11.89,12.53,732800,0,0,23,2012,3
2012-03-26,12.71,13.1,12.58,12.82,1559400,0,0,26,2012,3
2012-03-27,12.86,13.17,12.59,12.6,1261900,0,0,27,2012,3
2012-03-28,12.59,12.63,11.95,12.33,1477600,0,0,28,2012,3
2012-03-29,12.16,12.25,11.58,11.92,1828200,0,0,29,2012,3
2012-03-30,12.01,12.22,11.67,12.02,1292100,0,0,30,2012,3
2012-04-02,11.99,12.5,11.72,12.44,1305800,0,0,02,2012,4
2012-04-03,12.45,12.62,12.24,12.5,1219700,0,0,03,2012,4
2012-04-04,12.25,12.43,11.9,12.06,1238400,0,0,04,2012,4
2012-04-05,12.02,12.65,11.93,12.63,1815700,0,0,05,2012,4
2012-04-09,12.26,12.37,12.02,12.26,1218400,0,0,09,2012,4
2012-04-10,12.27,12.32,11.62,11.68,1795600,0,0,10,2012,4
2012-04-11,11.82,12.23,11.68,11.78,1223700,0,0,11,2012,4
2012-04-12,11.78,12.36,11.78,12.27,1210700,0,0,12,2012,4
2012-04-13,12.14,12.25,11.9,12.17,849300,0,0,13,2012,4
2012-04-16,12.6,12.74,11.95,11.98,1317500,0,0,16,2012,4
2012-04-17,12.1,12.37,12.06,12.27,997000,0,0,17,2012,4
2012-04-18,12.18,12.49,12.06,12.39,1121400,0,0,18,2012,4
2012-04-19,12.37,12.75,12.2,12.62,1285700,0,0,19,2012,4
2012-04-20,12.77,12.86,12.35,12.45,903000,0,0,20,2012,4
2012-04-23,12.3,12.3,11.8,12.04,909900,0,0,23,2012,4
2012-04-24,12.09,12.17,11.85,12.07,647600,0,0,24,2012,4
2012-04-25,12.29,12.56,12.05,12.49,1031600,0,0,25,2012,4
2012-04-26,12.49,12.86,12.44,12.79,1234300,0,0,26,2012,4
2012-04-27,12.83,14.09,12.65,13.63,4477900,0,0,27,2012,4
2012-04-30,13.65,13.78,13.18,13.64,1429200,0,0,30,2012,4
2012-05-01,13.67,14.42,13.48,13.82,1928100,0,0,01,2012,5
2012-05-02,13.69,14.31,13.67,14.2,1232200,0,0,02,2012,5
2012-05-03,14.13,14.73,13.5,13.62,2074900,0,0,03,2012,5
2012-05-04,13.43,13.43,12.71,12.92,2007400,0,0,04,2012,5
2012-05-07,12.79,13.01,12.62,12.85,792000,0,0,07,2012,5
2012-05-08,12.67,13.1,12.13,12.93,1733900,0,0,08,2012,5
2012-05-09,13.09,13.51,12.45,13.29,1637900,0,0,09,2012,5
2012-05-10,13.03,13.46,12.31,12.41,2629800,0,0,10,2012,5
2012-05-11,12.31,12.95,12.07,12.65,1186300,0,0,11,2012,5
2012-05-14,12.41,12.45,12.02,12.09,1084500,0,0,14,2012,5
2012-05-15,12.06,12.23,11.78,11.86,1836500,0,0,15,2012,5
2012-05-16,11.95,12.22,11.77,11.78,1232600,0,0,16,2012,5
2012-05-17,11.76,11.8,10.66,10.7,2162900,0,0,17,2012,5
2012-05-18,10.7,10.87,10.35,10.43,1618100,0,0,18,2012,5
2012-05-21,10.48,11.25,10.38,11.17,1076500,0,0,21,2012,5
2012-05-22,11.23,11.47,10.89,11.0,1249300,0,0,22,2012,5
2012-05-23,10.78,11.31,10.48,11.26,1035900,0,0,23,2012,5
2012-05-24,11.31,11.31,10.72,11.0,707600,0,0,24,2012,5
2012-05-25,11.01,11.02,10.65,10.91,639500,0,0,25,2012,5
2012-05-29,11.05,11.48,10.97,11.3,560300,0,0,29,2012,5
2012-05-30,11.07,11.07,10.7,10.81,808300,0,0,30,2012,5
2012-05-31,10.81,10.93,10.23,10.65,1404600,0,0,31,2012,5
2012-06-01,10.21,10.41,10.14,10.35,2187100,0,0,01,2012,6
2012-06-04,10.41,10.49,9.84,10.0,2310400,0,0,04,2012,6
2012-06-05,9.9,10.52,9.9,10.45,1233900,0,0,05,2012,6
2012-06-06,10.59,11.05,10.58,10.9,1223000,0,0,06,2012,6
2012-06-07,11.22,11.24,10.29,10.35,1437800,0,0,07,2012,6
2012-06-08,10.27,10.39,9.91,10.37,1704900,0,0,08,2012,6
2012-06-11,10.5,10.59,9.96,9.96,738200,0,0,11,2012,6
2012-06-12,10.09,10.19,9.76,10.15,947200,0,0,12,2012,6
2012-06-13,10.14,10.17,9.68,9.76,1124100,0,0,13,2012,6
2012-06-14,9.74,9.87,9.4,9.53,1439600,0,0,14,2012,6
2012-06-15,9.53,9.58,9.35,9.41,1325400,0,0,15,2012,6
2012-06-18,9.07,9.38,8.96,9.22,1265000,0,0,18,2012,6
2012-06-19,9.35,9.99,9.35,9.84,1502500,0,0,19,2012,6
2012-06-20,9.89,9.95,9.42,9.5,674100,0,0,20,2012,6
2012-06-21,9.48,9.48,8.93,9.06,1396400,0,0,21,2012,6
2012-06-22,9.2,9.25,8.87,9.05,937700,0,0,22,2012,6
2012-06-25,8.77,8.93,8.46,8.68,1221300,0,0,25,2012,6
2012-06-26,8.72,8.95,8.56,8.81,757300,0,0,26,2012,6
2012-06-27,8.81,9.1,8.77,9.03,911600,0,0,27,2012,6
2012-06-28,8.9,9.23,8.78,9.0,564200,0,0,28,2012,6
2012-06-29,9.33,9.4,9.13,9.34,715200,0,0,29,2012,6
2012-07-02,9.4,9.45,9.15,9.33,635200,0,0,02,2012,7
2012-07-03,9.32,9.65,9.32,9.59,581200,0,0,03,2012,7
2012-07-05,9.57,9.7,9.33,9.55,574200,0,0,05,2012,7
2012-07-06,9.38,9.57,9.36,9.43,440100,0,0,06,2012,7
2012-07-09,9.4,9.55,9.25,9.43,364100,0,0,09,2012,7
2012-07-10,9.41,9.67,9.13,9.2,590400,0,0,10,2012,7
2012-07-11,9.19,9.34,9.1,9.23,425300,0,0,11,2012,7
2012-07-12,9.06,9.12,8.64,9.01,852800,0,0,12,2012,7
2012-07-13,9.1,9.36,9.07,9.34,400800,0,0,13,2012,7
2012-07-16,9.26,9.58,9.2,9.51,428000,0,0,16,2012,7
2012-07-17,9.58,9.79,9.3,9.75,686000,0,0,17,2012,7
2012-07-18,9.69,10.1,9.61,10.02,830100,0,0,18,2012,7
2012-07-19,10.11,10.65,10.07,10.53,933700,0,0,19,2012,7
2012-07-20,10.45,10.55,10.24,10.48,752100,0,0,20,2012,7
2012-07-23,10.14,10.3,9.83,10.13,444400,0,0,23,2012,7
2012-07-24,10.15,10.19,9.58,9.74,511600,0,0,24,2012,7
2012-07-25,9.85,9.94,9.62,9.77,281500,0,0,25,2012,7
2012-07-26,10.08,10.2,9.73,10.05,532000,0,0,26,2012,7
2012-07-27,10.13,10.52,9.96,10.41,523100,0,0,27,2012,7
2012-07-30,10.39,10.49,10.05,10.12,504100,0,0,30,2012,7
2012-07-31,10.01,10.2,9.74,9.77,618400,0,0,31,2012,7
2012-08-01,9.82,9.85,9.64,9.71,560600,0,0,01,2012,8
2012-08-02,9.54,9.63,9.3,9.46,521100,0,0,02,2012,8
2012-08-03,9.76,10.08,9.55,9.96,792300,0,0,03,2012,8
2012-08-06,10.01,10.23,9.98,10.16,608900,0,0,06,2012,8
2012-08-07,10.26,10.5,10.23,10.39,517900,0,0,07,2012,8
2012-08-08,10.34,10.59,10.25,10.4,895900,0,0,08,2012,8
2012-08-09,10.85,12.08,10.65,11.86,3958300,0,0,09,2012,8
2012-08-10,11.86,12.22,11.6,11.77,1083300,0,0,10,2012,8
2012-08-13,11.73,11.95,11.5,11.75,484700,0,0,13,2012,8
2012-08-14,11.84,12.07,11.63,11.7,560300,0,0,14,2012,8
2012-08-15,11.67,12.04,11.6,11.91,617500,0,0,15,2012,8
2012-08-16,11.92,12.25,11.88,11.98,951900,0,0,16,2012,8
2012-08-17,11.97,12.14,11.89,12.12,400400,0,0,17,2012,8
2012-08-20,12.12,12.5,12.04,12.35,702800,0,0,20,2012,8
2012-08-21,12.4,12.63,12.19,12.27,709800,0,0,21,2012,8
2012-08-22,12.2,12.27,12.03,12.16,380200,0,0,22,2012,8
2012-08-23,12.13,12.38,12.03,12.08,455000,0,0,23,2012,8
2012-08-24,12.02,12.14,11.89,11.93,270700,0,0,24,2012,8
2012-08-27,11.99,12.01,11.76,11.9,366800,0,0,27,2012,8
2012-08-28,11.86,12.02,11.71,11.84,342900,0,0,28,2012,8
2012-08-29,11.88,11.94,11.47,11.85,434500,0,0,29,2012,8
2012-08-30,11.7,11.74,11.45,11.54,365600,0,0,30,2012,8
2012-08-31,11.7,11.98,11.46,11.83,434800,0,0,31,2012,8
2012-09-04,11.87,11.87,11.38,11.58,644700,0,0,04,2012,9
2012-09-05,11.53,11.65,11.5,11.57,426700,0,0,05,2012,9
2012-09-06,11.69,12.0,11.68,11.85,463900,0,0,06,2012,9
2012-09-07,11.96,12.19,11.87,11.96,421400,0,0,07,2012,9
2012-09-10,11.95,12.2,11.91,11.97,445500,0,0,10,2012,9
2012-09-11,12.02,12.16,11.92,12.0,484900,0,0,11,2012,9
2012-09-12,12.09,12.2,11.92,12.09,351100,0,0,12,2012,9
2012-09-13,12.06,12.93,11.97,12.81,1319900,0,0,13,2012,9
2012-09-14,12.96,13.21,12.88,12.91,902700,0,0,14,2012,9
2012-09-17,12.82,13.2,12.73,12.99,442000,0,0,17,2012,9
2012-09-18,12.89,13.0,12.6,12.76,488500,0,0,18,2012,9
2012-09-19,12.76,12.96,12.66,12.66,466100,0,0,19,2012,9
2012-09-20,12.56,12.61,12.35,12.49,486500,0,0,20,2012,9
2012-09-21,12.65,12.95,12.61,12.73,950900,0,0,21,2012,9
2012-09-24,12.58,13.24,12.49,12.88,980600,0,0,24,2012,9
2012-09-25,12.99,13.03,12.49,12.61,1000200,0,0,25,2012,9
2012-09-26,12.5,12.53,11.68,11.99,1562000,0,0,26,2012,9
2012-09-27,12.11,12.7,12.07,12.68,669700,0,0,27,2012,9
2012-09-28,12.54,12.73,12.48,12.67,479700,0,0,28,2012,9
2012-10-01,12.79,13.05,12.63,12.9,1061000,0,0,01,2012,10
2012-10-02,13.03,13.18,12.92,13.15,606600,0,0,02,2012,10
2012-10-03,13.14,13.16,12.92,13.06,454200,0,0,03,2012,10
2012-10-04,13.15,13.2,12.85,12.95,696500,0,0,04,2012,10
2012-10-05,12.94,13.04,12.0,12.05,1357900,0,0,05,2012,10
2012-10-08,11.98,11.98,11.34,11.36,1170700,0,0,08,2012,10
2012-10-09,11.31,11.31,10.94,11.19,1325800,0,0,09,2012,10
2012-10-10,11.15,11.24,11.01,11.23,1047500,0,0,10,2012,10
2012-10-11,11.34,11.4,11.0,11.02,744700,0,0,11,2012,10
2012-10-12,11.04,11.55,11.03,11.25,753500,0,0,12,2012,10
2012-10-15,11.26,11.32,11.06,11.28,535400,0,0,15,2012,10
2012-10-16,11.39,11.75,11.31,11.72,630000,0,0,16,2012,10
2012-10-17,11.67,11.75,11.45,11.58,418300,0,0,17,2012,10
2012-10-18,11.5,11.67,11.48,11.6,253000,0,0,18,2012,10
2012-10-19,11.49,11.78,11.33,11.36,577200,0,0,19,2012,10
2012-10-22,11.35,11.52,11.23,11.41,336700,0,0,22,2012,10
2012-10-23,11.18,11.3,10.87,11.24,453700,0,0,23,2012,10
2012-10-24,11.33,11.34,10.87,10.95,381400,0,0,24,2012,10
2012-10-25,11.1,11.29,10.96,11.29,565300,0,0,25,2012,10
2012-10-26,11.25,11.55,10.98,11.09,441400,0,0,26,2012,10
2012-10-31,11.2,11.21,10.88,11.11,333200,0,0,31,2012,10
2012-11-01,11.17,11.81,11.06,11.71,426000,0,0,01,2012,11
2012-11-02,11.82,11.85,11.17,11.17,393400,0,0,02,2012,11
2012-11-05,11.25,11.4,11.21,11.25,354000,0,0,05,2012,11
2012-11-06,11.32,11.46,11.1,11.44,460800,0,0,06,2012,11
2012-11-07,11.22,11.22,10.6,10.74,1108700,0,0,07,2012,11
2012-11-08,10.1,10.75,9.23,10.21,2024200,0,0,08,2012,11
2012-11-09,10.25,10.6,10.04,10.28,857900,0,0,09,2012,11
2012-11-12,10.38,10.5,10.11,10.29,706300,0,0,12,2012,11
2012-11-13,10.14,10.36,10.06,10.12,550200,0,0,13,2012,11
2012-11-14,10.16,10.33,10.05,10.13,531200,0,0,14,2012,11
2012-11-15,10.09,10.43,9.95,10.01,575200,0,0,15,2012,11
2012-11-16,10.0,10.32,9.93,10.31,527400,0,0,16,2012,11
2012-11-19,10.53,10.79,10.46,10.79,470900,0,0,19,2012,11
2012-11-20,10.82,10.92,10.47,10.55,222000,0,0,20,2012,11
2012-11-21,10.68,10.81,10.4,10.79,249300,0,0,21,2012,11
2012-11-23,10.88,11.11,10.85,10.91,179200,0,0,23,2012,11
2012-11-26,10.83,10.97,10.65,10.97,322400,0,0,26,2012,11
2012-11-27,11.0,11.27,10.92,11.11,533100,0,0,27,2012,11
2012-11-28,11.0,11.21,10.81,11.21,374700,0,0,28,2012,11
2012-11-29,11.35,11.5,11.24,11.34,286000,0,0,29,2012,11
2012-11-30,11.39,11.69,11.28,11.55,585300,0,0,30,2012,11
2012-12-03,11.37,11.55,11.05,11.17,824900,0,0,03,2012,12
2012-12-04,11.13,11.43,11.1,11.43,1110100,0,0,04,2012,12
2012-12-05,11.44,11.81,11.43,11.64,512200,0,0,05,2012,12
2012-12-06,11.56,11.83,11.54,11.72,391000,0,0,06,2012,12
2012-12-07,11.76,12.01,11.66,12.01,525400,0,0,07,2012,12
2012-12-10,11.99,12.03,11.68,11.77,335900,0,0,10,2012,12
2012-12-11,11.91,12.11,11.8,11.99,481500,0,0,11,2012,12
2012-12-12,12.11,12.11,11.91,11.97,249200,0,0,12,2012,12
2012-12-13,11.93,11.96,11.62,11.73,395500,0,0,13,2012,12
2012-12-14,11.73,11.92,11.63,11.7,315600,0,0,14,2012,12
2012-12-17,11.34,11.75,11.34,11.64,429500,0,0,17,2012,12
2012-12-18,11.64,11.99,11.63,11.98,362500,0,0,18,2012,12
2012-12-19,12.0,12.0,11.8,11.96,259300,0,0,19,2012,12
2012-12-20,11.95,12.08,11.85,12.05,358600,0,0,20,2012,12
2012-12-21,11.84,12.08,11.84,12.08,624000,0,0,21,2012,12
2012-12-24,12.0,12.07,11.8,11.88,131600,0,0,24,2012,12
2012-12-26,11.89,12.03,11.73,11.76,226500,0,0,26,2012,12
2012-12-27,11.73,11.82,11.46,11.72,236700,0,0,27,2012,12
2012-12-28,11.72,11.98,11.68,11.75,371700,0,0,28,2012,12
2012-12-31,11.92,12.24,11.64,12.2,698100,0,0,31,2012,12
2013-01-02,12.51,12.68,12.36,12.64,710000,0,0,02,2013,1
2013-01-03,12.65,13.2,12.54,12.95,668300,0,0,03,2013,1
2013-01-04,13.0,13.18,12.92,13.06,377900,0,0,04,2013,1
2013-01-07,12.92,13.0,12.85,12.92,292700,0,0,07,2013,1
2013-01-08,12.85,12.9,12.47,12.54,310700,0,0,08,2013,1
2013-01-09,12.61,12.77,12.53,12.59,249000,0,0,09,2013,1
2013-01-10,12.66,12.87,12.57,12.8,187500,0,0,10,2013,1
2013-01-11,12.82,13.37,12.75,13.06,607000,0,0,11,2013,1
2013-01-14,13.03,13.27,12.75,12.82,314300,0,0,14,2013,1
2013-01-15,12.72,12.91,12.63,12.75,246200,0,0,15,2013,1
2013-01-16,12.73,12.77,12.51,12.7,241700,0,0,16,2013,1
2013-01-17,12.81,12.87,12.69,12.73,217500,0,0,17,2013,1
2013-01-18,12.72,12.98,12.68,12.94,242600,0,0,18,2013,1
2013-01-22,12.91,13.29,12.84,13.22,369000,0,0,22,2013,1
2013-01-23,13.32,13.79,13.32,13.52,707600,0,0,23,2013,1
2013-01-24,13.39,13.65,13.27,13.44,379800,0,0,24,2013,1
2013-01-25,13.57,13.69,13.42,13.62,371400,0,0,25,2013,1
2013-01-28,13.64,13.64,13.26,13.3,434800,0,0,28,2013,1
2013-01-29,13.36,13.52,13.12,13.33,566500,0,0,29,2013,1
2013-01-30,13.33,13.55,12.93,13.04,704400,0,0,30,2013,1
2013-01-31,12.97,13.62,12.9,13.46,395100,0,0,31,2013,1
2013-02-01,13.59,14.09,13.48,14.03,929400,0,0,01,2013,2
2013-02-04,13.88,13.97,13.65,13.78,340900,0,0,04,2013,2
2013-02-05,13.87,14.0,13.74,13.75,333600,0,0,05,2013,2
2013-02-06,13.75,13.91,13.7,13.9,372500,0,0,06,2013,2
2013-02-07,13.87,14.06,13.77,13.8,389900,0,0,07,2013,2
2013-02-08,13.86,14.0,13.77,13.91,352800,0,0,08,2013,2
2013-02-11,13.87,13.91,13.79,13.8,156400,0,0,11,2013,2
2013-02-12,13.84,13.93,13.6,13.72,541600,0,0,12,2013,2
2013-02-13,13.78,14.05,13.75,13.86,608600,0,0,13,2013,2
2013-02-14,13.86,14.35,13.8,14.34,1087000,0,0,14,2013,2
2013-02-15,14.4,14.86,14.36,14.77,822200,0,0,15,2013,2
2013-02-19,14.83,14.9,14.41,14.45,399000,0,0,19,2013,2
2013-02-20,14.41,14.51,13.6,13.79,977800,0,0,20,2013,2
2013-02-21,13.67,13.75,13.18,13.48,593500,0,0,21,2013,2
2013-02-22,13.53,13.73,13.48,13.72,384100,0,0,22,2013,2
2013-02-25,13.8,13.89,13.36,13.36,581200,0,0,25,2013,2
2013-02-26,13.43,13.65,13.38,13.6,515000,0,0,26,2013,2
2013-02-27,13.57,13.96,13.57,13.86,287900,0,0,27,2013,2
2013-02-28,13.88,14.14,13.85,14.04,366900,0,0,28,2013,2
2013-03-01,13.9,14.0,13.72,13.81,290600,0,0,01,2013,3
2013-03-04,13.7,13.83,13.55,13.67,280900,0,0,04,2013,3
2013-03-05,13.77,14.06,13.75,13.95,237400,0,0,05,2013,3
2013-03-06,13.97,14.1,13.85,13.92,303700,0,0,06,2013,3
2013-03-07,13.94,14.23,13.85,14.23,333400,0,0,07,2013,3
2013-03-08,14.31,14.4,14.25,14.38,418600,0,0,08,2013,3
2013-03-11,14.33,14.64,14.19,14.6,299200,0,0,11,2013,3
2013-03-12,14.58,14.92,14.53,14.61,686700,0,0,12,2013,3
2013-03-13,14.62,14.65,14.25,14.41,532300,0,0,13,2013,3
2013-03-14,14.53,15.72,14.5,15.63,3062600,0,0,14,2013,3
2013-03-15,15.64,15.75,15.32,15.68,1450500,0,0,15,2013,3
2013-03-18,15.46,15.82,15.4,15.76,634800,0,0,18,2013,3
2013-03-19,15.81,15.87,15.55,15.78,668800,0,0,19,2013,3
2013-03-20,15.9,16.15,15.7,16.01,703000,0,0,20,2013,3
2013-03-21,15.88,16.19,15.88,16.01,439600,0,0,21,2013,3
2013-03-22,16.05,16.16,15.9,16.05,452500,0,0,22,2013,3
2013-03-25,16.1,16.2,15.77,16.06,366200,0,0,25,2013,3
2013-03-26,16.13,16.28,16.04,16.19,350800,0,0,26,2013,3
2013-03-27,16.02,16.2,15.9,16.18,229300,0,0,27,2013,3
2013-03-28,16.24,16.42,16.07,16.35,572400,0,0,28,2013,3
2013-04-01,16.36,16.43,15.77,15.92,471400,0,0,01,2013,4
2013-04-02,16.02,16.15,15.51,15.62,426400,0,0,02,2013,4
2013-04-03,15.61,15.61,14.78,15.15,727500,0,0,03,2013,4
2013-04-04,15.09,15.28,14.95,15.15,283800,0,0,04,2013,4
2013-04-05,14.83,15.72,14.78,15.58,459600,0,0,05,2013,4
2013-04-08,15.75,16.27,15.7,16.07,626800,0,0,08,2013,4
2013-04-09,16.09,16.17,15.81,15.81,449600,0,0,09,2013,4
2013-04-10,15.84,16.5,15.84,16.34,609800,0,0,10,2013,4
2013-04-11,16.34,16.49,16.11,16.15,536200,0,0,11,2013,4
2013-04-12,16.06,16.23,15.83,16.07,489600,0,0,12,2013,4
2013-04-15,15.89,15.95,14.56,14.57,1283100,0,0,15,2013,4
2013-04-16,14.82,15.65,14.75,15.31,849800,0,0,16,2013,4
2013-04-17,15.08,15.26,14.59,15.17,784700,0,0,17,2013,4
2013-04-18,15.21,15.55,14.92,14.98,600200,0,0,18,2013,4
2013-04-19,15.02,15.4,14.96,15.25,281400,0,0,19,2013,4
2013-04-22,15.33,15.35,14.75,15.31,272300,0,0,22,2013,4
2013-04-23,15.37,15.75,15.37,15.49,501800,0,0,23,2013,4
2013-04-24,15.55,16.04,15.53,15.91,473900,0,0,24,2013,4
2013-04-25,15.91,16.4,15.86,15.89,623000,0,0,25,2013,4
2013-04-26,15.86,15.94,15.56,15.66,395500,0,0,26,2013,4
2013-04-29,15.79,16.15,15.6,16.04,402700,0,0,29,2013,4
2013-04-30,15.98,16.24,15.84,16.04,486400,0,0,30,2013,4
2013-05-01,15.87,16.01,15.62,15.63,563200,0,0,01,2013,5
2013-05-02,15.72,15.74,15.43,15.68,567600,0,0,02,2013,5
2013-05-03,15.97,16.4,15.95,16.2,481100,0,0,03,2013,5
2013-05-06,16.19,16.5,16.19,16.4,443500,0,0,06,2013,5
2013-05-07,16.4,16.48,16.19,16.3,358700,0,0,07,2013,5
2013-05-08,16.2,16.22,16.05,16.2,357100,0,0,08,2013,5
2013-05-09,16.2,16.25,15.98,16.05,620200,0,0,09,2013,5
2013-05-10,16.01,17.3,15.99,16.71,1963800,0,0,10,2013,5
2013-05-13,16.72,16.72,16.36,16.61,772300,0,0,13,2013,5
2013-05-14,16.73,17.21,16.73,17.2,1329200,0,0,14,2013,5
2013-05-15,17.1,17.7,17.0,17.4,651700,0,0,15,2013,5
2013-05-16,17.34,17.58,17.2,17.52,424800,0,0,16,2013,5
2013-05-17,17.63,17.7,17.44,17.48,459400,0,0,17,2013,5
2013-05-20,17.34,17.7,17.31,17.48,365600,0,0,20,2013,5
2013-05-21,17.51,17.63,17.16,17.36,225500,0,0,21,2013,5
2013-05-22,17.42,17.75,17.27,17.41,627000,0,0,22,2013,5
2013-05-23,17.19,17.34,16.81,17.31,428700,0,0,23,2013,5
2013-05-24,17.15,17.32,16.98,17.24,221900,0,0,24,2013,5
2013-05-28,17.61,17.7,17.43,17.66,405300,0,0,28,2013,5
2013-05-29,17.5,17.88,17.48,17.76,288700,0,0,29,2013,5
2013-05-30,17.8,17.91,17.51,17.87,302800,0,0,30,2013,5
2013-05-31,17.7,17.86,17.39,17.39,313400,0,0,31,2013,5
2013-06-03,17.42,18.03,17.23,18.0,771900,0,0,03,2013,6
2013-06-04,17.98,18.2,17.67,17.83,695000,0,0,04,2013,6
2013-06-05,17.73,17.92,17.43,17.49,347200,0,0,05,2013,6
2013-06-06,17.49,17.78,17.37,17.52,692500,0,0,06,2013,6
2013-06-07,17.66,18.1,17.56,17.93,429500,0,0,07,2013,6
2013-06-10,18.04,18.18,17.85,17.98,439300,0,0,10,2013,6
2013-06-11,17.75,17.9,17.57,17.68,318300,0,0,11,2013,6
2013-06-12,17.84,17.94,17.59,17.61,432800,0,0,12,2013,6
2013-06-13,17.6,17.79,17.33,17.62,622000,0,0,13,2013,6
2013-06-14,17.66,17.8,17.43,17.45,347700,0,0,14,2013,6
2013-06-17,17.62,17.8,17.49,17.6,405900,0,0,17,2013,6
2013-06-18,17.7,18.2,17.67,18.0,494900,0,0,18,2013,6
2013-06-19,18.01,18.12,17.69,17.77,251000,0,0,19,2013,6
2013-06-20,17.45,17.48,17.0,17.17,586300,0,0,20,2013,6
2013-06-21,17.25,17.33,16.6,16.86,636300,0,0,21,2013,6
2013-06-24,16.6,16.74,15.94,16.54,590300,0,0,24,2013,6
2013-06-25,16.8,16.95,16.53,16.83,562300,0,0,25,2013,6
2013-06-26,17.0,17.14,16.69,16.85,1492500,0,0,26,2013,6
2013-06-27,16.95,17.42,16.77,17.29,1051400,0,0,27,2013,6
2013-06-28,17.28,18.28,17.18,17.94,1650500,0,0,28,2013,6
2013-07-01,18.08,18.32,17.8,17.85,573600,0,0,01,2013,7
2013-07-02,17.88,18.14,17.85,18.11,365200,0,0,02,2013,7
2013-07-03,18.0,18.2,17.96,18.12,117000,0,0,03,2013,7
2013-07-05,18.3,18.95,18.25,18.85,532600,0,0,05,2013,7
2013-07-08,19.0,19.12,18.74,19.02,553700,0,0,08,2013,7
2013-07-09,19.2,19.54,19.09,19.36,653600,0,0,09,2013,7
2013-07-10,19.39,19.61,19.11,19.19,516600,0,0,10,2013,7
2013-07-11,19.59,19.71,19.17,19.54,844400,0,0,11,2013,7
2013-07-12,19.51,19.95,19.44,19.71,441800,0,0,12,2013,7
2013-07-15,19.72,19.87,19.52,19.62,263100,0,0,15,2013,7
2013-07-16,19.69,19.79,18.93,19.24,531800,0,0,16,2013,7
2013-07-17,19.34,19.52,19.19,19.2,196600,0,0,17,2013,7
2013-07-18,19.22,19.61,19.07,19.5,219100,0,0,18,2013,7
2013-07-19,19.51,19.82,19.35,19.73,241300,0,0,19,2013,7
2013-07-22,19.72,20.16,19.72,19.85,207300,0,0,22,2013,7
2013-07-23,19.9,19.99,19.56,19.61,321700,0,0,23,2013,7
2013-07-24,19.72,19.75,19.2,19.23,326300,0,0,24,2013,7
2013-07-25,19.14,19.86,19.11,19.8,308100,0,0,25,2013,7
2013-07-26,19.71,19.79,19.37,19.44,300500,0,0,26,2013,7
2013-07-29,19.53,19.95,19.14,19.36,423000,0,0,29,2013,7
2013-07-30,19.51,19.61,19.37,19.52,424400,0,0,30,2013,7
2013-07-31,19.54,19.68,19.41,19.58,327200,0,0,31,2013,7
2013-08-01,19.65,20.44,19.63,20.29,588200,0,0,01,2013,8
2013-08-02,20.16,20.36,19.93,20.31,428700,0,0,02,2013,8
2013-08-05,20.25,20.35,20.11,20.3,351200,0,0,05,2013,8
2013-08-06,20.25,20.36,19.81,20.15,381900,0,0,06,2013,8
2013-08-07,20.04,20.25,19.85,20.07,563800,0,0,07,2013,8
2013-08-08,20.0,20.75,19.72,20.07,998500,0,0,08,2013,8
2013-08-09,19.97,20.24,19.42,20.04,812200,0,0,09,2013,8
2013-08-12,19.83,19.88,19.22,19.29,715300,0,0,12,2013,8
2013-08-13,19.21,19.57,19.08,19.48,501200,0,0,13,2013,8
2013-08-14,19.51,19.63,19.28,19.35,313600,0,0,14,2013,8
2013-08-15,19.14,19.2,18.66,19.06,694400,0,0,15,2013,8
2013-08-16,18.93,19.07,18.83,18.96,314300,0,0,16,2013,8
2013-08-19,18.9,18.96,18.52,18.54,316600,0,0,19,2013,8
2013-08-20,18.5,19.15,18.35,19.04,513200,0,0,20,2013,8
2013-08-21,19.0,19.04,18.64,18.82,333200,0,0,21,2013,8
2013-08-22,18.85,19.42,18.82,19.21,259200,0,0,22,2013,8
2013-08-23,20.4,20.7,20.02,20.1,1862300,0,0,23,2013,8
2013-08-26,20.03,20.21,19.45,19.68,6599300,0,0,26,2013,8
2013-08-27,19.29,19.86,19.12,19.86,1360800,0,0,27,2013,8
2013-08-28,19.82,20.0,19.59,19.9,971200,0,0,28,2013,8
2013-08-29,19.79,20.16,19.73,20.0,671200,0,0,29,2013,8
2013-08-30,20.02,20.12,19.63,19.79,618300,0,0,30,2013,8
2013-09-03,20.06,20.53,20.02,20.25,763900,0,0,03,2013,9
2013-09-04,20.31,20.56,20.21,20.34,480100,0,0,04,2013,9
2013-09-05,20.38,21.27,20.38,21.09,1289900,0,0,05,2013,9
2013-09-06,21.25,21.66,20.91,21.19,915000,0,0,06,2013,9
2013-09-09,21.22,21.75,21.2,21.71,592700,0,0,09,2013,9
2013-09-10,21.8,22.04,21.71,21.88,472500,0,0,10,2013,9
2013-09-11,21.85,22.13,21.67,21.88,416200,0,0,11,2013,9
2013-09-12,21.84,22.02,21.68,21.75,613400,0,0,12,2013,9
2013-09-13,21.74,21.89,21.62,21.74,273000,0,0,13,2013,9
2013-09-16,22.05,22.22,21.82,21.91,404300,0,0,16,2013,9
2013-09-17,21.85,21.91,21.62,21.69,439200,0,0,17,2013,9
2013-09-18,21.71,22.07,21.58,21.96,331200,0,0,18,2013,9
2013-09-19,22.06,22.11,21.86,21.95,373800,0,0,19,2013,9
2013-09-20,22.03,22.1,21.59,21.71,781500,0,0,20,2013,9
2013-09-23,21.78,22.38,21.5,22.22,1052500,0,0,23,2013,9
2013-09-24,22.18,23.11,21.93,22.81,895100,0,0,24,2013,9
2013-09-25,22.77,23.27,22.73,22.93,633200,0,0,25,2013,9
2013-09-26,23.07,23.26,22.87,23.08,505500,0,0,26,2013,9
2013-09-27,22.9,23.1,22.71,22.85,700900,0,0,27,2013,9
2013-09-30,22.52,23.2,22.46,23.0,530900,0,0,30,2013,9
2013-10-01,22.98,23.48,22.93,23.46,515900,0,0,01,2013,10
2013-10-02,23.33,23.9,23.17,23.39,741700,0,0,02,2013,10
2013-10-03,23.39,23.56,22.9,23.1,866100,0,0,03,2013,10
2013-10-04,23.1,23.58,23.02,23.4,569300,0,0,04,2013,10
2013-10-07,23.12,23.39,23.06,23.21,622900,0,0,07,2013,10
2013-10-08,23.14,23.18,22.62,22.8,554100,0,0,08,2013,10
2013-10-09,22.84,22.93,21.94,22.05,947400,0,0,09,2013,10
2013-10-10,22.36,22.58,22.17,22.28,704500,0,0,10,2013,10
2013-10-11,22.17,22.8,22.16,22.49,668300,0,0,11,2013,10
2013-10-14,22.36,22.55,22.18,22.52,473100,0,0,14,2013,10
2013-10-15,22.52,22.66,22.21,22.42,359000,0,0,15,2013,10
2013-10-16,22.62,22.97,22.47,22.73,422300,0,0,16,2013,10
2013-10-17,22.69,22.91,22.62,22.8,281600,0,0,17,2013,10
2013-10-18,23.0,23.22,22.8,22.87,331100,0,0,18,2013,10
2013-10-21,22.95,23.03,22.56,22.59,267200,0,0,21,2013,10
2013-10-22,22.68,22.79,22.38,22.48,345000,0,0,22,2013,10
2013-10-23,22.33,22.34,21.8,21.94,441900,0,0,23,2013,10
2013-10-24,22.0,22.28,21.92,22.21,425200,0,0,24,2013,10
2013-10-25,22.31,22.6,22.02,22.33,278500,0,0,25,2013,10
2013-10-28,22.24,22.52,21.93,22.03,352700,0,0,28,2013,10
2013-10-29,22.07,22.33,22.07,22.31,309100,0,0,29,2013,10
2013-10-30,22.28,22.4,21.55,21.58,455200,0,0,30,2013,10
2013-10-31,21.56,21.88,21.25,21.38,844400,0,0,31,2013,10
2013-11-01,21.37,21.47,20.76,20.98,910500,0,0,01,2013,11
2013-11-04,21.08,21.79,20.99,21.59,1138500,0,0,04,2013,11
2013-11-05,21.49,22.22,21.43,21.94,637200,0,0,05,2013,11
2013-11-06,22.13,22.37,21.54,21.69,661300,0,0,06,2013,11
2013-11-07,21.72,21.72,20.86,20.93,1641500,0,0,07,2013,11
2013-11-08,20.89,21.47,20.85,21.31,436100,0,0,08,2013,11
2013-11-11,21.38,21.38,20.87,20.94,464500,0,0,11,2013,11
2013-11-12,20.67,20.86,20.28,20.48,773000,0,0,12,2013,11
2013-11-13,20.32,20.7,20.26,20.7,422600,0,0,13,2013,11
2013-11-14,20.7,20.91,20.59,20.69,323200,0,0,14,2013,11
2013-11-15,20.66,20.9,20.57,20.75,520100,0,0,15,2013,11
2013-11-18,20.89,20.9,19.83,20.05,593600,0,0,18,2013,11
2013-11-19,20.05,20.22,19.83,20.08,666700,0,0,19,2013,11
2013-11-20,20.1,20.22,19.83,19.89,536400,0,0,20,2013,11
2013-11-21,19.98,20.71,19.91,20.67,703200,0,0,21,2013,11
2013-11-22,20.73,21.23,20.48,21.18,763200,0,0,22,2013,11
2013-11-25,21.19,21.23,20.54,20.73,495800,0,0,25,2013,11
2013-11-26,20.66,21.05,20.57,21.02,483900,0,0,26,2013,11
2013-11-27,20.96,21.05,20.8,21.03,548800,0,0,27,2013,11
2013-11-29,21.03,21.15,20.67,20.94,194400,0,0,29,2013,11
2013-12-02,20.88,21.04,20.48,20.57,576100,0,0,02,2013,12
2013-12-03,20.53,20.87,20.38,20.48,363000,0,0,03,2013,12
2013-12-04,20.41,20.5,19.72,20.12,730000,0,0,04,2013,12
2013-12-05,20.05,20.38,19.97,19.99,473200,0,0,05,2013,12
2013-12-06,20.21,20.27,19.84,19.98,633900,0,0,06,2013,12
2013-12-09,19.98,20.03,19.47,19.73,752100,0,0,09,2013,12
2013-12-10,19.68,19.89,19.63,19.67,394700,0,0,10,2013,12
2013-12-11,19.64,19.67,19.07,19.35,777300,0,0,11,2013,12
2013-12-12,19.34,19.45,19.04,19.31,370500,0,0,12,2013,12
2013-12-13,19.54,19.62,18.92,19.01,512600,0,0,13,2013,12
2013-12-16,19.0,19.25,19.0,19.05,883200,0,0,16,2013,12
2013-12-17,19.06,19.75,18.99,19.69,700000,0,0,17,2013,12
2013-12-18,19.72,19.79,19.26,19.64,420000,0,0,18,2013,12
2013-12-19,19.5,19.68,19.28,19.46,318100,0,0,19,2013,12
2013-12-20,19.51,19.87,19.34,19.86,640600,0,0,20,2013,12
2013-12-23,19.92,19.92,19.74,19.8,580900,0,0,23,2013,12
2013-12-24,19.82,19.96,19.75,19.92,137500,0,0,24,2013,12
2013-12-26,19.95,20.02,19.71,19.8,245000,0,0,26,2013,12
2013-12-27,19.85,19.88,19.71,19.87,224600,0,0,27,2013,12
2013-12-30,19.93,20.12,19.84,19.98,290400,0,0,30,2013,12
2013-12-31,19.98,20.26,19.93,20.07,518900,0,0,31,2013,12
2014-01-02,19.99,20.19,19.85,20.07,769900,0,0,02,2014,1
2014-01-03,20.14,20.22,19.77,19.9,427200,0,0,03,2014,1
2014-01-06,19.94,19.94,18.72,18.9,1115700,0,0,06,2014,1
2014-01-07,18.99,19.47,18.99,19.41,809200,0,0,07,2014,1
2014-01-08,19.41,19.42,18.82,19.08,1032400,0,0,08,2014,1
2014-01-09,19.13,19.22,18.71,19.0,571100,0,0,09,2014,1
2014-01-10,19.04,19.04,18.51,18.67,609700,0,0,10,2014,1
2014-01-13,18.98,19.06,18.57,18.78,761900,0,0,13,2014,1
2014-01-14,18.88,19.1,18.66,19.07,457000,0,0,14,2014,1
2014-01-15,19.17,19.37,18.94,19.27,406800,0,0,15,2014,1
2014-01-16,19.31,19.64,19.2,19.29,198600,0,0,16,2014,1
2014-01-17,19.34,19.55,19.21,19.35,293500,0,0,17,2014,1
2014-01-21,19.42,19.79,19.39,19.76,564100,0,0,21,2014,1
2014-01-22,19.82,20.09,19.73,19.98,511300,0,0,22,2014,1
2014-01-23,19.92,19.93,19.47,19.71,525900,0,0,23,2014,1
2014-01-24,19.54,19.6,19.03,19.37,809700,0,0,24,2014,1
2014-01-27,19.35,19.54,19.05,19.44,750500,0,0,27,2014,1
2014-01-28,19.41,19.79,19.37,19.77,568300,0,0,28,2014,1
2014-01-29,19.57,19.92,19.5,19.7,690800,0,0,29,2014,1
2014-01-30,20.0,20.95,20.0,20.84,1343600,0,0,30,2014,1
2014-01-31,20.55,21.66,20.44,21.51,1059900,0,0,31,2014,1
2014-02-03,21.47,21.6,20.71,20.9,1172000,0,0,03,2014,2
2014-02-04,21.1,21.17,20.75,20.94,603900,0,0,04,2014,2
2014-02-05,21.22,22.25,20.87,22.14,1186600,0,0,05,2014,2
2014-02-06,22.29,22.9,22.29,22.8,709800,0,0,06,2014,2
2014-02-07,22.82,23.49,22.82,23.38,1002700,0,0,07,2014,2
2014-02-10,23.61,23.91,23.18,23.89,1523600,0,0,10,2014,2
2014-02-11,23.45,24.94,23.38,24.79,1905100,0,0,11,2014,2
2014-02-12,24.42,24.69,23.75,23.97,1380500,0,0,12,2014,2
2014-02-13,23.86,24.41,23.56,24.34,1493700,0,0,13,2014,2
2014-02-14,24.36,24.36,23.9,24.1,729600,0,0,14,2014,2
2014-02-18,24.1,24.75,23.97,24.7,560200,0,0,18,2014,2
2014-02-19,24.7,24.91,24.09,24.14,820900,0,0,19,2014,2
2014-02-20,24.17,24.67,24.12,24.37,588600,0,0,20,2014,2
2014-02-21,24.49,24.61,24.16,24.27,859000,0,0,21,2014,2
2014-02-24,24.32,25.64,24.32,25.22,1237600,0,0,24,2014,2
2014-02-25,25.23,25.25,24.87,24.97,869200,0,0,25,2014,2
2014-02-26,25.02,25.49,24.99,25.13,394500,0,0,26,2014,2
2014-02-27,25.1,25.34,24.69,25.26,361700,0,0,27,2014,2
2014-02-28,25.32,25.74,25.28,25.45,361900,0,0,28,2014,2
2014-03-03,25.15,25.97,24.96,25.62,638600,0,0,03,2014,3
2014-03-04,25.95,26.88,25.93,26.73,1204000,0,0,04,2014,3
2014-03-05,26.81,27.05,26.53,26.72,628700,0,0,05,2014,3
2014-03-06,26.75,27.47,26.71,27.21,984700,0,0,06,2014,3
2014-03-07,27.42,27.52,26.94,27.05,706300,0,0,07,2014,3
2014-03-10,27.08,27.14,26.7,26.84,513500,0,0,10,2014,3
2014-03-11,26.77,27.05,26.09,26.23,656600,0,0,11,2014,3
2014-03-12,26.08,26.7,26.05,26.7,764000,0,0,12,2014,3
2014-03-13,26.82,26.98,26.09,26.37,407800,0,0,13,2014,3
2014-03-14,26.24,26.76,26.13,26.64,357200,0,0,14,2014,3
2014-03-17,26.84,27.17,26.66,27.03,390800,0,0,17,2014,3
2014-03-18,27.03,27.46,26.9,27.37,485800,0,0,18,2014,3
2014-03-19,27.4,27.47,26.97,27.13,449400,0,0,19,2014,3
2014-03-20,27.07,29.19,27.03,28.19,1498500,0,0,20,2014,3
2014-03-21,28.25,28.37,27.28,27.3,918500,0,0,21,2014,3
2014-03-24,27.4,27.71,26.26,26.76,882100,0,0,24,2014,3
2014-03-25,26.99,27.38,26.75,26.93,429000,0,0,25,2014,3
2014-03-26,27.27,27.34,26.32,26.33,468300,0,0,26,2014,3
2014-03-27,26.37,26.53,25.76,26.26,552100,0,0,27,2014,3
2014-03-28,26.35,26.96,26.35,26.65,506700,0,0,28,2014,3
2014-03-31,26.9,28.0,26.82,27.85,1039600,0,0,31,2014,3
2014-04-01,27.95,28.02,27.7,28.01,494500,0,0,01,2014,4
2014-04-02,27.97,28.15,27.77,28.11,286000,0,0,02,2014,4
2014-04-03,28.17,28.21,27.17,27.33,463600,0,0,03,2014,4
2014-04-04,27.5,27.75,26.95,27.54,595200,0,0,04,2014,4
2014-04-07,27.75,27.98,26.44,26.98,704700,0,0,07,2014,4
2014-04-08,26.99,28.65,26.99,28.61,974100,0,0,08,2014,4
2014-04-09,28.67,29.28,28.33,29.23,984200,0,0,09,2014,4
2014-04-10,29.19,29.37,27.98,28.16,624600,0,0,10,2014,4
2014-04-11,27.87,28.84,27.8,28.58,595600,0,0,11,2014,4
2014-04-14,28.81,29.62,28.33,28.7,588200,0,0,14,2014,4
2014-04-15,28.87,29.28,28.16,29.2,635400,0,0,15,2014,4
2014-04-16,29.44,29.79,29.18,29.5,662800,0,0,16,2014,4
2014-04-17,29.5,29.75,29.08,29.28,753900,0,0,17,2014,4
2014-04-21,29.18,29.76,29.16,29.46,590900,0,0,21,2014,4
2014-04-22,29.51,30.73,29.27,30.17,701400,0,0,22,2014,4
2014-04-23,30.24,30.73,30.0,30.32,350600,0,0,23,2014,4
2014-04-24,30.51,30.78,29.88,30.02,695500,0,0,24,2014,4
2014-04-25,29.96,30.05,28.88,29.22,882000,0,0,25,2014,4
2014-04-28,29.34,29.48,28.26,28.85,941900,0,0,28,2014,4
2014-04-29,29.0,29.13,26.54,27.33,1989900,0,0,29,2014,4
2014-04-30,26.9,28.06,26.72,28.01,880000,0,0,30,2014,4
2014-05-01,27.95,28.41,27.38,27.69,862000,0,0,01,2014,5
2014-05-02,27.79,28.38,27.77,28.25,590600,0,0,02,2014,5
2014-05-05,28.06,28.54,27.82,28.51,453000,0,0,05,2014,5
2014-05-06,28.43,28.68,28.15,28.39,540000,0,0,06,2014,5
2014-05-07,28.4,29.1,28.01,28.94,725000,0,0,07,2014,5
2014-05-08,28.91,29.86,28.6,28.88,1235800,0,0,08,2014,5
2014-05-09,28.8,29.2,28.57,28.91,758100,0,0,09,2014,5
2014-05-12,29.03,29.65,29.03,29.5,516400,0,0,12,2014,5
2014-05-13,29.5,29.81,29.23,29.45,654800,0,0,13,2014,5
2014-05-14,29.34,29.35,28.43,28.47,476800,0,0,14,2014,5
2014-05-15,28.42,28.42,26.9,27.16,1165900,0,0,15,2014,5
2014-05-16,27.18,27.44,26.75,27.4,595100,0,0,16,2014,5
2014-05-19,27.16,27.6,27.0,27.35,544600,0,0,19,2014,5
2014-05-20,27.23,27.35,26.75,27.0,606400,0,0,20,2014,5
2014-05-21,27.02,27.39,26.97,27.24,527100,0,0,21,2014,5
2014-05-22,27.38,27.69,27.12,27.58,334800,0,0,22,2014,5
2014-05-23,27.69,27.73,27.29,27.59,325100,0,0,23,2014,5
2014-05-27,27.67,28.37,27.51,28.27,671600,0,0,27,2014,5
2014-05-28,28.31,29.11,28.26,28.84,783700,0,0,28,2014,5
2014-05-29,28.86,29.07,28.01,28.85,492700,0,0,29,2014,5
2014-05-30,28.87,29.15,28.22,28.38,423200,0,0,30,2014,5
2014-06-02,28.51,28.8,28.02,28.71,311600,0,0,02,2014,6
2014-06-03,28.57,28.89,28.34,28.72,361500,0,0,03,2014,6
2014-06-04,28.72,29.36,28.35,29.23,377600,0,0,04,2014,6
2014-06-05,29.35,29.69,29.23,29.61,377200,0,0,05,2014,6
2014-06-06,29.71,30.5,29.7,30.47,494800,0,0,06,2014,6
2014-06-09,30.56,30.99,30.36,30.58,619500,0,0,09,2014,6
2014-06-10,30.4,30.51,29.77,29.92,322900,0,0,10,2014,6
2014-06-11,29.71,30.46,29.4,29.99,907300,0,0,11,2014,6
2014-06-12,30.0,30.12,29.69,29.79,379200,0,0,12,2014,6
2014-06-13,29.98,30.32,29.71,30.32,299800,0,0,13,2014,6
2014-06-16,30.35,31.29,30.35,31.28,598700,0,0,16,2014,6
2014-06-17,31.07,31.75,30.47,30.63,739600,0,0,17,2014,6
2014-06-18,30.85,32.1,30.61,32.0,990400,0,0,18,2014,6
2014-06-19,32.04,32.77,31.81,32.66,523500,0,0,19,2014,6
2014-06-20,32.7,32.9,32.23,32.3,867100,0,0,20,2014,6
2014-06-23,32.48,32.78,32.22,32.36,501500,0,0,23,2014,6
2014-06-24,32.37,32.92,31.51,31.54,551300,0,0,24,2014,6
2014-06-25,31.39,32.08,31.32,31.89,433600,0,0,25,2014,6
2014-06-26,31.95,32.01,31.46,31.66,321800,0,0,26,2014,6
2014-06-27,31.48,31.8,31.38,31.58,704600,0,0,27,2014,6
2014-06-30,31.58,32.21,31.47,32.16,450800,0,0,30,2014,6
2014-07-01,32.36,32.62,32.08,32.11,399400,0,0,01,2014,7
2014-07-02,32.03,32.46,31.77,31.89,286700,0,0,02,2014,7
2014-07-03,32.12,32.12,31.64,31.95,186500,0,0,03,2014,7
2014-07-07,31.78,32.01,30.71,30.85,414200,0,0,07,2014,7
2014-07-08,30.83,30.85,29.39,29.94,1000400,0,0,08,2014,7
2014-07-09,30.09,31.54,30.08,31.29,647900,0,0,09,2014,7
2014-07-10,30.59,31.86,30.06,31.28,706500,0,0,10,2014,7
2014-07-11,31.23,31.38,30.4,30.77,306200,0,0,11,2014,7
2014-07-14,31.03,31.31,30.82,30.85,235600,0,0,14,2014,7
2014-07-15,30.64,31.24,30.1,30.55,344300,0,0,15,2014,7
2014-07-16,30.8,31.58,30.28,30.92,247900,0,0,16,2014,7
2014-07-17,30.81,31.6,30.52,30.63,374900,0,0,17,2014,7
2014-07-18,30.67,31.32,30.67,31.14,373900,0,0,18,2014,7
2014-07-21,30.98,32.09,30.86,31.8,726800,0,0,21,2014,7
2014-07-22,31.98,32.38,31.81,32.22,334700,0,0,22,2014,7
2014-07-23,32.21,32.24,31.73,32.13,358000,0,0,23,2014,7
2014-07-24,32.15,32.21,31.65,31.94,288700,0,0,24,2014,7
2014-07-25,31.74,31.82,31.17,31.4,366200,0,0,25,2014,7
2014-07-28,31.45,31.45,30.62,30.74,299000,0,0,28,2014,7
2014-07-29,30.8,31.0,30.47,30.68,288300,0,0,29,2014,7
2014-07-30,30.82,31.06,30.17,30.35,259200,0,0,30,2014,7
2014-07-31,30.0,30.0,28.6,28.85,659000,0,0,31,2014,7
2014-08-01,28.77,29.09,28.42,28.96,399400,0,0,01,2014,8
2014-08-04,29.02,29.19,28.34,28.89,518100,0,0,04,2014,8
2014-08-05,28.71,29.06,28.01,28.15,604200,0,0,05,2014,8
2014-08-06,28.02,28.48,27.69,27.93,876100,0,0,06,2014,8
2014-08-07,27.16,28.64,26.58,27.4,1114000,0,0,07,2014,8
2014-08-08,27.45,27.96,27.39,27.69,798500,0,0,08,2014,8
2014-08-11,27.74,28.1,27.52,27.77,467300,0,0,11,2014,8
2014-08-12,27.62,27.74,26.58,27.08,867900,0,0,12,2014,8
2014-08-13,27.17,27.72,27.1,27.6,306000,0,0,13,2014,8
2014-08-14,27.66,27.74,27.27,27.45,346300,0,0,14,2014,8
2014-08-15,27.65,27.94,27.29,27.81,368700,0,0,15,2014,8
2014-08-18,27.99,28.13,27.17,28.03,518000,0,0,18,2014,8
2014-08-19,28.14,28.5,27.95,28.0,233600,0,0,19,2014,8
2014-08-20,27.93,27.93,27.3,27.68,380600,0,0,20,2014,8
2014-08-21,27.71,27.8,27.12,27.43,265800,0,0,21,2014,8
2014-08-22,27.35,27.8,26.97,27.72,488800,0,0,22,2014,8
2014-08-25,27.75,28.0,27.54,27.59,180500,0,0,25,2014,8
2014-08-26,27.63,27.81,27.49,27.61,445700,0,0,26,2014,8
2014-08-27,27.66,28.24,27.25,28.1,338000,0,0,27,2014,8
2014-08-28,27.87,27.87,27.23,27.75,280200,0,0,28,2014,8
2014-08-29,27.76,28.08,27.37,27.8,307000,0,0,29,2014,8
2014-09-02,27.78,27.91,27.25,27.35,371400,0,0,02,2014,9
2014-09-03,27.47,27.5,27.15,27.2,269300,0,0,03,2014,9
2014-09-04,27.2,27.37,26.15,26.38,480000,0,0,04,2014,9
2014-09-05,26.35,26.63,26.05,26.54,592100,0,0,05,2014,9
2014-09-08,26.45,26.51,25.47,25.83,1010200,0,0,08,2014,9
2014-09-09,25.75,26.2,25.37,25.97,1029100,0,0,09,2014,9
2014-09-10,25.89,25.98,24.93,25.95,996200,0,0,10,2014,9
2014-09-11,25.7,26.51,25.56,26.47,594400,0,0,11,2014,9
2014-09-12,26.42,26.42,25.66,25.7,383500,0,0,12,2014,9
2014-09-15,25.7,25.88,25.38,25.65,304100,0,0,15,2014,9
2014-09-16,25.56,26.33,25.48,26.28,517400,0,0,16,2014,9
2014-09-17,26.37,26.75,26.27,26.54,675200,0,0,17,2014,9
2014-09-18,26.65,26.86,26.5,26.82,455000,0,0,18,2014,9
2014-09-19,26.86,27.01,26.42,26.5,1025900,0,0,19,2014,9
2014-09-22,26.34,26.45,25.94,26.35,658300,0,0,22,2014,9
2014-09-23,26.28,26.62,26.24,26.49,640700,0,0,23,2014,9
2014-09-24,26.62,27.51,26.55,27.35,878200,0,0,24,2014,9
2014-09-25,27.2,27.27,26.7,26.84,541300,0,0,25,2014,9
2014-09-26,26.86,27.6,26.56,26.89,578800,0,0,26,2014,9
2014-09-29,26.58,26.95,26.4,26.8,252100,0,0,29,2014,9
2014-09-30,26.82,26.96,26.07,26.07,779200,0,0,30,2014,9
2014-10-01,26.1,26.1,24.98,25.23,687100,0,0,01,2014,10
2014-10-02,25.13,25.13,23.73,24.6,1441100,0,0,02,2014,10
2014-10-03,24.87,24.87,23.83,23.87,707300,0,0,03,2014,10
2014-10-06,24.29,24.5,23.16,23.51,937900,0,0,06,2014,10
2014-10-07,23.33,23.8,23.11,23.27,834900,0,0,07,2014,10
2014-10-08,23.19,23.19,22.24,23.09,1182200,0,0,08,2014,10
2014-10-09,23.01,23.05,21.9,22.05,818600,0,0,09,2014,10
2014-10-10,21.9,21.99,20.77,20.9,1057200,0,0,10,2014,10
2014-10-13,20.85,21.3,19.86,19.9,1534500,0,0,13,2014,10
2014-10-14,20.12,20.59,19.44,19.56,1226700,0,0,14,2014,10
2014-10-15,19.16,20.52,18.62,20.49,1729700,0,0,15,2014,10
2014-10-16,20.41,21.33,19.81,20.7,1159400,0,0,16,2014,10
2014-10-17,21.08,22.0,20.99,21.06,1144900,0,0,17,2014,10
2014-10-20,21.05,21.98,21.02,21.97,869700,0,0,20,2014,10
2014-10-21,22.24,22.43,21.55,22.06,716900,0,0,21,2014,10
2014-10-22,22.07,22.46,21.43,21.57,1046100,0,0,22,2014,10
2014-10-23,22.95,24.85,22.46,23.68,3263700,0,0,23,2014,10
2014-10-24,25.16,25.2,23.01,23.11,2093900,0,0,24,2014,10
2014-10-27,23.0,23.11,20.88,21.1,1880500,0,0,27,2014,10
2014-10-28,21.3,21.74,20.93,21.65,760900,0,0,28,2014,10
2014-10-29,21.72,22.09,21.52,21.96,926600,0,0,29,2014,10
2014-10-30,21.76,22.09,21.42,21.71,517600,0,0,30,2014,10
2014-10-31,22.04,22.23,21.17,22.16,602100,0,0,31,2014,10
2014-11-03,22.16,22.86,21.95,22.3,732000,0,0,03,2014,11
2014-11-04,21.98,22.18,21.06,21.16,1517000,0,0,04,2014,11
2014-11-05,21.35,21.78,21.1,21.75,752000,0,0,05,2014,11
2014-11-06,21.6,22.09,21.32,22.04,748200,0,0,06,2014,11
2014-11-07,22.0,22.85,22.0,22.45,665800,0,0,07,2014,11
2014-11-10,22.55,22.77,21.86,21.99,583700,0,0,10,2014,11
2014-11-11,21.99,22.37,21.67,22.28,527000,0,0,11,2014,11
2014-11-12,22.12,22.76,21.7,21.92,863700,0,0,12,2014,11
2014-11-13,21.82,21.88,20.22,20.65,1242300,0,0,13,2014,11
2014-11-14,20.9,22.14,20.83,22.03,1186600,0,0,14,2014,11
2014-11-17,21.92,22.03,21.46,21.71,596100,0,0,17,2014,11
2014-11-18,21.73,22.43,21.53,22.27,747400,0,0,18,2014,11
2014-11-19,22.23,22.23,21.01,21.61,670600,0,0,19,2014,11
2014-11-20,21.55,22.71,21.51,22.55,527700,0,0,20,2014,11
2014-11-21,23.0,23.31,22.54,22.67,649500,0,0,21,2014,11
2014-11-24,22.66,22.77,21.65,21.95,646600,0,0,24,2014,11
2014-11-25,21.95,22.24,21.5,21.71,547400,0,0,25,2014,11
2014-11-26,21.64,21.74,21.21,21.46,527000,0,0,26,2014,11
2014-11-28,20.33,20.33,19.04,19.48,1614000,0,0,28,2014,11
2014-12-01,19.42,19.42,17.93,18.28,3346600,0,0,01,2014,12
2014-12-02,18.17,18.58,17.75,17.86,2465000,0,0,02,2014,12
2014-12-03,18.02,19.07,17.92,18.46,1942500,0,0,03,2014,12
2014-12-04,18.3,18.81,18.11,18.35,669900,0,0,04,2014,12
2014-12-05,18.26,18.89,18.2,18.4,1100500,0,0,05,2014,12
2014-12-08,18.23,18.23,16.65,16.9,1706700,0,0,08,2014,12
2014-12-09,16.75,17.42,16.64,17.38,1143900,0,0,09,2014,12
2014-12-10,17.08,17.47,16.75,16.79,1583300,0,0,10,2014,12
2014-12-11,16.86,17.16,16.37,16.42,1356100,0,0,11,2014,12
2014-12-12,16.13,16.44,15.82,16.15,881100,0,0,12,2014,12
2014-12-15,16.21,16.42,15.87,16.11,847100,0,0,15,2014,12
2014-12-16,15.93,17.32,15.76,16.73,1362900,0,0,16,2014,12
2014-12-17,16.86,18.19,16.7,17.59,2411000,0,0,17,2014,12
2014-12-18,18.2,18.93,17.6,18.54,1709700,0,0,18,2014,12
2014-12-19,18.57,19.19,18.41,19.16,1758900,0,0,19,2014,12
2014-12-22,18.98,18.98,18.38,18.53,690700,0,0,22,2014,12
2014-12-23,18.55,18.9,18.36,18.74,1046600,0,0,23,2014,12
2014-12-24,18.68,18.92,18.37,18.68,394700,0,0,24,2014,12
2014-12-26,18.76,19.02,18.47,18.77,417500,0,0,26,2014,12
2014-12-29,18.83,19.32,18.66,18.99,556000,0,0,29,2014,12
2014-12-30,18.89,19.0,18.47,18.72,464300,0,0,30,2014,12
2014-12-31,18.61,19.04,18.15,18.73,866300,0,0,31,2014,12
2015-01-02,18.73,19.0,18.16,18.76,972700,0,0,02,2015,1
2015-01-05,18.55,18.59,17.5,17.83,988500,0,0,05,2015,1
2015-01-06,18.0,18.45,17.2,17.63,1016100,0,0,06,2015,1
2015-01-07,17.91,18.33,17.5,17.93,735300,0,0,07,2015,1
2015-01-08,18.1,18.34,17.39,17.47,1105300,0,0,08,2015,1
2015-01-09,17.48,17.73,16.85,17.39,682300,0,0,09,2015,1
2015-01-12,17.29,17.37,16.04,16.16,725400,0,0,12,2015,1
2015-01-13,16.25,16.4,15.79,16.13,756600,0,0,13,2015,1
2015-01-14,15.85,16.26,15.49,16.17,523100,0,0,14,2015,1
2015-01-15,16.27,16.36,15.26,15.3,470700,0,0,15,2015,1
2015-01-16,15.29,16.34,15.15,16.31,732700,0,0,16,2015,1
2015-01-20,16.28,16.28,15.53,15.99,638700,0,0,20,2015,1
2015-01-21,16.05,16.4,15.98,16.17,548200,0,0,21,2015,1
2015-01-22,16.37,16.81,16.36,16.8,556800,0,0,22,2015,1
2015-01-23,16.63,17.04,16.23,16.26,780700,0,0,23,2015,1
2015-01-26,16.28,16.85,16.03,16.66,570200,0,0,26,2015,1
2015-01-27,16.4,17.19,16.34,16.89,1083600,0,0,27,2015,1
2015-01-28,16.51,16.69,14.41,15.52,3272800,0,0,28,2015,1
2015-01-29,15.53,16.24,14.91,16.1,1334400,0,0,29,2015,1
2015-01-30,15.87,16.55,15.74,16.17,1353500,0,0,30,2015,1
2015-02-02,16.38,16.54,15.54,16.37,1072500,0,0,02,2015,2
2015-02-03,16.66,17.74,16.66,17.18,1628700,0,0,03,2015,2
2015-02-04,17.05,17.43,16.18,16.28,1284400,0,0,04,2015,2
2015-02-05,16.48,17.22,16.1,17.22,1243100,0,0,05,2015,2
2015-02-06,17.36,18.6,17.03,18.53,1866900,0,0,06,2015,2
2015-02-09,18.54,18.68,17.4,17.64,992000,0,0,09,2015,2
2015-02-10,17.67,17.67,16.35,16.81,871100,0,0,10,2015,2
2015-02-11,16.44,16.72,16.11,16.43,646600,0,0,11,2015,2
2015-02-12,16.71,16.91,16.3,16.71,637200,0,0,12,2015,2
2015-02-13,16.95,17.58,16.78,17.49,858500,0,0,13,2015,2
2015-02-17,17.48,17.5,16.91,17.32,633800,0,0,17,2015,2
2015-02-18,17.13,17.75,17.04,17.1,556600,0,0,18,2015,2
2015-02-19,16.65,17.66,16.6,17.32,554800,0,0,19,2015,2
2015-02-20,17.32,17.62,17.11,17.21,586800,0,0,20,2015,2
2015-02-23,17.04,17.44,16.82,17.37,805000,0,0,23,2015,2
2015-02-24,17.55,18.18,17.54,17.8,1299000,0,0,24,2015,2
2015-02-25,17.87,18.1,17.3,17.65,738700,0,0,25,2015,2
2015-02-26,17.58,17.75,17.04,17.15,724300,0,0,26,2015,2
2015-02-27,17.13,17.4,16.98,17.08,808100,0,0,27,2015,2
2015-03-02,17.08,17.08,16.24,16.73,1023700,0,0,02,2015,3
2015-03-03,16.73,17.0,16.47,16.7,503200,0,0,03,2015,3
2015-03-04,16.4,16.75,15.95,16.34,927200,0,0,04,2015,3
2015-03-05,16.32,16.35,15.71,16.14,1171000,0,0,05,2015,3
2015-03-06,16.0,16.46,15.61,15.79,608900,0,0,06,2015,3
2015-03-09,15.83,15.9,15.31,15.39,497000,0,0,09,2015,3
2015-03-10,15.17,15.47,14.49,14.55,827600,0,0,10,2015,3
2015-03-11,14.56,15.17,14.49,15.1,602600,0,0,11,2015,3
2015-03-12,15.25,15.6,15.0,15.15,552300,0,0,12,2015,3
2015-03-13,14.86,15.03,14.54,14.83,548100,0,0,13,2015,3
2015-03-16,14.68,14.75,13.96,14.35,833900,0,0,16,2015,3
2015-03-17,14.25,14.62,14.12,14.6,556100,0,0,17,2015,3
2015-03-18,14.47,15.11,14.2,14.99,459100,0,0,18,2015,3
2015-03-19,14.77,15.06,14.71,14.77,438000,0,0,19,2015,3
2015-03-20,14.94,15.08,14.61,14.86,675100,0,0,20,2015,3
2015-03-23,14.86,15.07,14.7,14.87,515200,0,0,23,2015,3
2015-03-24,14.85,15.05,14.58,14.86,598200,0,0,24,2015,3
2015-03-25,14.98,15.04,14.39,14.43,481900,0,0,25,2015,3
2015-03-26,14.51,15.29,14.44,14.96,491100,0,0,26,2015,3
2015-03-27,14.88,15.0,14.5,14.6,323800,0,0,27,2015,3
2015-03-30,14.73,14.97,14.54,14.96,416900,0,0,30,2015,3
2015-03-31,14.77,14.89,14.39,14.74,682000,0,0,31,2015,3
2015-04-01,14.8,15.31,14.67,15.05,622900,0,0,01,2015,4
2015-04-02,14.99,15.72,14.92,15.7,805200,0,0,02,2015,4
2015-04-06,15.72,16.73,15.66,16.68,1086000,0,0,06,2015,4
2015-04-07,16.62,17.07,16.49,16.51,657100,0,0,07,2015,4
2015-04-08,16.56,16.77,16.17,16.23,505800,0,0,08,2015,4
2015-04-09,16.31,16.84,16.22,16.55,491700,0,0,09,2015,4
2015-04-10,16.65,17.26,16.56,17.2,643000,0,0,10,2015,4
2015-04-13,17.23,17.48,16.82,17.19,432600,0,0,13,2015,4
2015-04-14,17.35,17.9,17.17,17.64,741100,0,0,14,2015,4
2015-04-15,17.81,19.2,17.61,18.87,1397500,0,0,15,2015,4
2015-04-16,18.83,19.04,18.45,18.52,814100,0,0,16,2015,4
2015-04-17,18.33,18.59,17.72,17.82,654000,0,0,17,2015,4
2015-04-20,17.85,17.97,17.21,17.26,766500,0,0,20,2015,4
2015-04-21,16.1,16.18,14.85,15.46,2838400,0,0,21,2015,4
2015-04-22,15.47,15.6,15.0,15.56,1295500,0,0,22,2015,4
2015-04-23,15.11,15.94,14.44,14.49,2529300,0,0,23,2015,4
2015-04-24,14.35,14.55,13.47,14.06,2075500,0,0,24,2015,4
2015-04-27,14.21,14.23,13.35,14.06,1912900,0,0,27,2015,4
2015-04-28,14.03,14.18,13.51,13.53,1093100,0,0,28,2015,4
2015-04-29,13.41,14.15,13.33,14.13,1919900,0,0,29,2015,4
2015-04-30,14.16,14.55,14.0,14.29,1086600,0,0,30,2015,4
2015-05-01,14.26,14.52,13.89,13.99,756500,0,0,01,2015,5
2015-05-04,14.02,14.19,13.58,13.59,542700,0,0,04,2015,5
2015-05-05,13.74,14.01,13.06,13.09,997500,0,0,05,2015,5
2015-05-06,13.24,13.69,13.06,13.16,1278300,0,0,06,2015,5
2015-05-07,13.19,13.19,12.25,12.47,1327200,0,0,07,2015,5
2015-05-08,12.5,12.66,12.04,12.35,1622700,0,0,08,2015,5
2015-05-11,12.36,12.63,11.25,11.41,1924400,0,0,11,2015,5
2015-05-12,11.43,11.64,11.03,11.59,1542100,0,0,12,2015,5
2015-05-13,11.64,11.73,11.23,11.6,2107000,0,0,13,2015,5
2015-05-14,11.64,11.75,11.45,11.69,1869500,0,0,14,2015,5
2015-05-15,11.58,12.44,11.39,12.36,1972900,0,0,15,2015,5
2015-05-18,12.39,12.75,12.03,12.66,1614500,0,0,18,2015,5
2015-05-19,12.6,12.62,11.68,11.92,1642100,0,0,19,2015,5
2015-05-20,12.17,12.53,11.86,12.42,1768800,0,0,20,2015,5
2015-05-21,12.5,12.64,12.19,12.52,1381700,0,0,21,2015,5
2015-05-22,12.44,12.74,12.15,12.43,764200,0,0,22,2015,5
2015-05-26,12.25,12.35,11.86,12.02,909400,0,0,26,2015,5
2015-05-27,11.97,12.04,11.77,11.88,1007400,0,0,27,2015,5
2015-05-28,11.79,11.86,11.45,11.63,786300,0,0,28,2015,5
2015-05-29,11.62,11.75,11.45,11.49,719100,0,0,29,2015,5
2015-06-01,11.54,11.66,11.25,11.65,646500,0,0,01,2015,6
2015-06-02,11.66,12.24,11.66,11.98,760700,0,0,02,2015,6
2015-06-03,11.97,12.31,11.9,12.08,885700,0,0,03,2015,6
2015-06-04,12.17,12.38,11.98,12.21,893700,0,0,04,2015,6
2015-06-05,12.13,12.77,12.11,12.45,824200,0,0,05,2015,6
2015-06-08,12.37,12.64,12.03,12.17,473800,0,0,08,2015,6
2015-06-09,12.31,12.45,12.02,12.06,490800,0,0,09,2015,6
2015-06-10,12.27,12.68,12.2,12.46,750500,0,0,10,2015,6
2015-06-11,12.45,12.54,11.87,12.01,686700,0,0,11,2015,6
2015-06-12,11.95,12.25,11.81,12.2,492900,0,0,12,2015,6
2015-06-15,11.99,12.32,11.83,12.17,537200,0,0,15,2015,6
2015-06-16,12.16,12.22,11.92,12.12,523500,0,0,16,2015,6
2015-06-17,12.24,12.35,11.84,11.93,388800,0,0,17,2015,6
2015-06-18,12.02,12.02,11.59,11.63,837700,0,0,18,2015,6
2015-06-19,11.58,11.63,11.24,11.36,1166200,0,0,19,2015,6
2015-06-22,11.43,11.54,11.11,11.44,898400,0,0,22,2015,6
2015-06-23,11.32,11.52,11.24,11.27,689400,0,0,23,2015,6
2015-06-24,11.27,12.58,11.21,12.4,2188200,0,0,24,2015,6
2015-06-25,12.47,13.47,12.37,12.8,2234300,0,0,25,2015,6
2015-06-26,12.8,13.07,12.64,13.01,2450900,0,0,26,2015,6
2015-06-29,12.83,12.99,12.59,12.61,939100,0,0,29,2015,6
2015-06-30,12.74,12.93,12.28,12.53,903600,0,0,30,2015,6
2015-07-01,12.55,12.69,12.28,12.66,1341200,0,0,01,2015,7
2015-07-02,12.72,12.97,12.63,12.8,830000,0,0,02,2015,7
2015-07-06,12.52,12.55,12.09,12.13,988700,0,0,06,2015,7
2015-07-07,12.05,12.14,11.4,12.07,766900,0,0,07,2015,7
2015-07-08,11.93,12.14,11.49,11.62,849500,0,0,08,2015,7
2015-07-09,11.9,13.42,11.84,13.07,1680400,0,0,09,2015,7
2015-07-10,13.01,13.46,12.08,13.33,2185600,0,0,10,2015,7
2015-07-13,13.33,13.66,13.13,13.35,1201400,0,0,13,2015,7
2015-07-14,13.26,13.82,13.24,13.46,1136100,0,0,14,2015,7
2015-07-15,13.44,13.62,13.13,13.27,875900,0,0,15,2015,7
2015-07-16,13.38,13.47,13.08,13.33,984500,0,0,16,2015,7
2015-07-17,13.29,13.39,12.75,12.88,1050500,0,0,17,2015,7
2015-07-20,12.85,12.85,12.16,12.25,999400,0,0,20,2015,7
2015-07-21,12.26,13.06,12.26,13.03,1154000,0,0,21,2015,7
2015-07-22,12.99,13.13,12.72,12.79,1596300,0,0,22,2015,7
2015-07-23,15.1,18.64,15.07,17.64,10165200,0,0,23,2015,7
2015-07-24,17.73,18.5,16.65,16.71,3552400,0,0,24,2015,7
2015-07-27,17.08,17.25,16.27,16.58,2905000,0,0,27,2015,7
2015-07-28,16.68,16.99,16.32,16.91,1958800,0,0,28,2015,7
2015-07-29,16.96,17.25,16.14,16.46,2311400,0,0,29,2015,7
2015-07-30,16.45,17.22,16.24,17.01,1388700,0,0,30,2015,7
2015-07-31,16.98,17.34,16.52,17.12,1021300,0,0,31,2015,7
2015-08-03,16.89,17.23,16.58,16.9,1034800,0,0,03,2015,8
2015-08-04,16.92,17.45,16.85,17.04,1347000,0,0,04,2015,8
2015-08-05,17.28,17.95,17.02,17.21,1228900,0,0,05,2015,8
2015-08-06,17.16,18.8,17.05,18.42,2310300,0,0,06,2015,8
2015-08-07,18.16,18.7,18.07,18.27,1231300,0,0,07,2015,8
2015-08-10,18.29,18.76,18.15,18.6,1177900,0,0,10,2015,8
2015-08-11,18.15,18.34,17.47,17.97,759800,0,0,11,2015,8
2015-08-12,17.83,18.32,17.69,17.92,923000,0,0,12,2015,8
2015-08-13,17.77,18.5,17.6,17.95,866400,0,0,13,2015,8
2015-08-14,17.87,18.25,17.76,18.03,546900,0,0,14,2015,8
2015-08-17,17.9,18.06,17.59,17.83,456400,0,0,17,2015,8
2015-08-18,17.77,17.92,17.48,17.71,795800,0,0,18,2015,8
2015-08-19,17.65,17.9,16.98,17.0,1074000,0,0,19,2015,8
2015-08-20,16.94,17.2,16.5,16.87,1533700,0,0,20,2015,8
2015-08-21,16.6,17.45,16.36,17.37,1879100,0,0,21,2015,8
2015-08-24,13.26,17.14,13.26,16.99,1539400,0,0,24,2015,8
2015-08-25,17.36,17.36,16.83,17.05,1101500,0,0,25,2015,8
2015-08-26,17.2,17.58,16.93,17.5,1099800,0,0,26,2015,8
2015-08-27,17.78,18.49,17.7,18.15,1385900,0,0,27,2015,8
2015-08-28,17.96,19.33,17.6,18.36,1398500,0,0,28,2015,8
2015-08-31,18.28,19.65,17.97,19.56,1607100,0,0,31,2015,8
2015-09-01,18.98,19.52,18.49,19.19,1603900,0,0,01,2015,9
2015-09-02,19.5,20.27,18.65,20.2,2710700,0,0,02,2015,9
2015-09-03,20.25,21.72,20.1,20.3,2279100,0,0,03,2015,9
2015-09-04,20.05,20.82,19.57,20.7,1125900,0,0,04,2015,9
2015-09-08,20.69,20.99,19.69,19.85,1271400,0,0,08,2015,9
2015-09-09,20.08,20.51,19.15,19.35,1135400,0,0,09,2015,9
2015-09-10,19.69,20.39,19.39,19.86,1621400,0,0,10,2015,9
2015-09-11,19.56,19.77,18.48,18.97,1115400,0,0,11,2015,9
2015-09-14,18.97,19.14,18.58,18.84,826700,0,0,14,2015,9
2015-09-15,18.76,19.43,18.76,19.35,889400,0,0,15,2015,9
2015-09-16,19.41,20.22,19.19,19.85,912500,0,0,16,2015,9
2015-09-17,20.02,20.04,19.53,19.64,559100,0,0,17,2015,9
2015-09-18,19.33,19.75,19.09,19.49,1271000,0,0,18,2015,9
2015-09-21,19.75,20.17,19.11,19.12,737000,0,0,21,2015,9
2015-09-22,18.84,19.1,18.1,18.32,936900,0,0,22,2015,9
2015-09-23,18.47,18.96,18.09,18.3,659100,0,0,23,2015,9
2015-09-24,18.07,18.13,17.43,17.98,687600,0,0,24,2015,9
2015-09-25,18.13,18.38,17.43,17.59,778800,0,0,25,2015,9
2015-09-28,17.33,17.87,16.52,17.11,1032700,0,0,28,2015,9
2015-09-29,17.11,17.39,16.67,16.98,871500,0,0,29,2015,9
2015-09-30,17.14,17.25,16.42,16.7,1025800,0,0,30,2015,9
2015-10-01,16.95,17.77,16.66,17.12,903600,0,0,01,2015,10
2015-10-02,16.83,17.18,16.51,17.02,1255000,0,0,02,2015,10
2015-10-05,17.62,18.53,17.29,18.2,1224100,0,0,05,2015,10
2015-10-06,18.56,19.61,18.35,19.45,1242400,0,0,06,2015,10
2015-10-07,19.95,20.65,19.19,19.88,1025900,0,0,07,2015,10
2015-10-08,19.96,21.12,19.61,20.98,1035100,0,0,08,2015,10
2015-10-09,21.08,21.15,20.08,20.11,723600,0,0,09,2015,10
2015-10-12,20.19,20.24,19.17,19.24,679200,0,0,12,2015,10
2015-10-13,19.06,19.91,18.83,19.23,763400,0,0,13,2015,10
2015-10-14,19.18,20.06,18.96,20.02,840300,0,0,14,2015,10
2015-10-15,19.82,20.21,19.44,20.06,1209400,0,0,15,2015,10
2015-10-16,20.2,20.24,19.5,19.64,988800,0,0,16,2015,10
2015-10-19,19.32,19.61,18.87,18.95,1600700,0,0,19,2015,10
2015-10-20,18.91,19.88,18.85,19.46,998300,0,0,20,2015,10
2015-10-21,19.36,19.9,18.5,18.65,1234100,0,0,21,2015,10
2015-10-22,17.5,18.63,17.27,17.8,3565900,0,0,22,2015,10
2015-10-23,17.75,18.17,16.73,18.0,2206600,0,0,23,2015,10
2015-10-26,17.91,18.32,17.8,18.24,1756700,0,0,26,2015,10
2015-10-27,17.82,18.33,17.15,17.35,1561200,0,0,27,2015,10
2015-10-28,17.62,18.56,17.01,18.46,1505800,0,0,28,2015,10
2015-10-29,18.45,18.63,17.55,17.81,822100,0,0,29,2015,10
2015-10-30,17.83,18.34,17.45,18.1,557700,0,0,30,2015,10
2015-11-02,17.95,19.07,17.86,18.88,983800,0,0,02,2015,11
2015-11-03,18.91,19.8,18.9,19.22,1175400,0,0,03,2015,11
2015-11-04,19.26,19.51,18.5,18.58,805400,0,0,04,2015,11
2015-11-05,18.44,18.94,17.94,18.08,640100,0,0,05,2015,11
2015-11-06,17.89,18.3,17.57,18.1,879900,0,0,06,2015,11
2015-11-09,18.05,18.48,13.56,14.6,15972300,0,0,09,2015,11
2015-11-10,11.35,11.52,8.5,9.04,22215900,0,0,10,2015,11
2015-11-11,8.53,9.59,8.12,8.72,8086800,0,0,11,2015,11
2015-11-12,8.56,9.95,8.51,9.59,5969800,0,0,12,2015,11
2015-11-13,9.38,9.68,8.84,9.15,2713000,0,0,13,2015,11
2015-11-16,9.14,9.36,8.62,9.01,1522400,0,0,16,2015,11
2015-11-17,9.38,11.06,9.25,10.63,4926100,0,0,17,2015,11
2015-11-18,10.79,11.65,10.75,11.49,2496000,0,0,18,2015,11
2015-11-19,11.44,11.46,10.34,10.38,1299800,0,0,19,2015,11
2015-11-20,10.64,10.83,10.22,10.33,1001900,0,0,20,2015,11
2015-11-23,10.22,10.95,10.11,10.9,916300,0,0,23,2015,11
2015-11-24,10.98,11.83,10.98,11.46,1143100,0,0,24,2015,11
2015-11-25,11.23,11.8,11.19,11.53,798000,0,0,25,2015,11
2015-11-27,11.36,11.65,11.27,11.35,272100,0,0,27,2015,11
2015-11-30,11.26,11.61,11.18,11.42,891600,0,0,30,2015,11
2015-12-01,11.41,11.68,11.12,11.63,1201700,0,0,01,2015,12
2015-12-02,11.45,12.06,11.45,11.92,937100,0,0,02,2015,12
2015-12-03,12.04,12.05,11.54,11.62,1014500,0,0,03,2015,12
2015-12-04,11.36,11.69,11.03,11.1,973000,0,0,04,2015,12
2015-12-07,10.86,10.97,10.22,10.76,1039700,0,0,07,2015,12
2015-12-08,10.71,11.12,10.47,10.92,880800,0,0,08,2015,12
2015-12-09,10.85,11.24,10.64,10.87,941700,0,0,09,2015,12
2015-12-10,10.64,11.1,10.64,11.06,678300,0,0,10,2015,12
2015-12-11,10.67,10.92,10.51,10.76,617200,0,0,11,2015,12
2015-12-14,10.8,11.08,10.73,10.92,926100,0,0,14,2015,12
2015-12-15,11.11,11.81,11.06,11.39,960700,0,0,15,2015,12
2015-12-16,11.39,11.7,11.2,11.46,902100,0,0,16,2015,12
2015-12-17,11.45,11.55,10.98,11.05,595700,0,0,17,2015,12
2015-12-18,10.98,11.06,10.74,10.75,1839500,0,0,18,2015,12
2015-12-21,10.94,10.94,10.02,10.43,1134800,0,0,21,2015,12
2015-12-22,10.41,11.07,10.35,10.97,729400,0,0,22,2015,12
2015-12-23,11.2,11.83,11.15,11.8,761000,0,0,23,2015,12
2015-12-24,11.89,12.1,11.71,12.0,260100,0,0,24,2015,12
2015-12-28,11.77,11.93,11.59,11.72,480900,0,0,28,2015,12
2015-12-29,11.84,12.0,11.63,11.89,575500,0,0,29,2015,12
2015-12-30,11.68,11.96,11.29,11.31,587400,0,0,30,2015,12
2015-12-31,11.31,11.59,11.01,11.44,958400,0,0,31,2015,12
2016-01-04,11.06,11.23,10.64,11.11,1257600,0,0,04,2016,1
2016-01-05,11.09,11.19,10.25,10.27,873500,0,0,05,2016,1
2016-01-06,9.97,10.15,9.46,9.5,1031400,0,0,06,2016,1
2016-01-07,9.22,10.01,9.11,9.6,745500,0,0,07,2016,1
2016-01-08,9.68,9.87,9.48,9.67,681700,0,0,08,2016,1
2016-01-11,9.69,9.69,8.93,8.95,517300,0,0,11,2016,1
2016-01-12,9.18,9.18,8.42,8.61,1006800,0,0,12,2016,1
2016-01-13,8.61,8.85,7.8,7.96,868200,0,0,13,2016,1
2016-01-14,8.08,8.1,7.55,7.67,1333700,0,0,14,2016,1
2016-01-15,7.43,7.6,7.16,7.33,2528000,0,0,15,2016,1
2016-01-19,7.24,7.32,5.47,5.52,5393100,0,0,19,2016,1
2016-01-20,5.55,5.92,4.89,5.86,3326600,0,0,20,2016,1
2016-01-21,5.7,6.06,5.59,5.97,1892100,0,0,21,2016,1
2016-01-22,6.18,6.41,6.07,6.29,995700,0,0,22,2016,1
2016-01-25,6.13,6.34,5.67,5.73,579600,0,0,25,2016,1
2016-01-26,5.73,5.85,5.51,5.81,689300,0,0,26,2016,1
2016-01-27,5.96,6.29,5.82,5.95,1605200,0,0,27,2016,1
2016-01-28,5.93,6.3,5.58,6.12,2495200,0,0,28,2016,1
2016-01-29,6.22,6.68,6.07,6.68,1216800,0,0,29,2016,1
2016-02-01,6.68,6.82,6.18,6.8,1695000,0,0,01,2016,2
2016-02-02,6.61,6.61,6.1,6.19,874500,0,0,02,2016,2
2016-02-03,6.24,6.75,6.03,6.75,720400,0,0,03,2016,2
2016-02-04,6.81,7.49,6.72,6.97,966600,0,0,04,2016,2
2016-02-05,6.79,7.18,6.73,6.78,599800,0,0,05,2016,2
2016-02-08,6.61,6.83,6.34,6.62,575800,0,0,08,2016,2
2016-02-09,6.45,6.61,6.25,6.36,614600,0,0,09,2016,2
2016-02-10,6.31,6.61,6.12,6.3,418600,0,0,10,2016,2
2016-02-11,6.1,6.36,5.92,6.24,621100,0,0,11,2016,2
2016-02-12,6.41,6.6,6.11,6.26,587400,0,0,12,2016,2
2016-02-16,6.43,6.8,6.26,6.64,666600,0,0,16,2016,2
2016-02-17,6.72,7.18,6.72,6.92,688600,0,0,17,2016,2
2016-02-18,6.99,7.16,6.87,7.08,695600,0,0,18,2016,2
2016-02-19,7.05,7.07,6.75,6.89,369500,0,0,19,2016,2
2016-02-22,7.07,7.29,7.01,7.14,803700,0,0,22,2016,2
2016-02-23,6.99,7.36,6.76,6.78,442800,0,0,23,2016,2
2016-02-24,6.62,6.84,6.37,6.76,473800,0,0,24,2016,2
2016-02-25,6.69,6.88,6.26,6.6,344800,0,0,25,2016,2
2016-02-26,6.8,7.27,6.78,7.0,727600,0,0,26,2016,2
2016-02-29,7.02,7.68,6.96,7.28,1092000,0,0,29,2016,2
2016-03-01,7.42,7.44,6.84,6.95,872800,0,0,01,2016,3
2016-03-02,6.95,7.88,6.88,7.51,807200,0,0,02,2016,3
2016-03-03,7.42,7.86,7.36,7.63,1048700,0,0,03,2016,3
2016-03-04,7.72,8.44,7.49,7.59,1246600,0,0,04,2016,3
2016-03-07,7.65,8.46,7.65,8.38,1524300,0,0,07,2016,3
2016-03-08,8.25,8.42,7.73,7.75,772100,0,0,08,2016,3
2016-03-09,7.89,7.94,7.55,7.6,376500,0,0,09,2016,3
2016-03-10,7.55,7.57,7.18,7.27,530100,0,0,10,2016,3
2016-03-11,7.42,8.09,7.39,7.93,626000,0,0,11,2016,3
2016-03-14,7.77,7.95,7.52,7.53,585800,0,0,14,2016,3
2016-03-15,7.37,7.37,6.75,7.0,430000,0,0,15,2016,3
2016-03-16,7.06,8.06,7.01,7.89,693500,0,0,16,2016,3
2016-03-17,7.97,8.56,7.77,8.3,801800,0,0,17,2016,3
2016-03-18,8.58,8.76,8.06,8.2,617100,0,0,18,2016,3
2016-03-21,8.19,8.33,7.98,8.18,549400,0,0,21,2016,3
2016-03-22,8.19,8.2,7.71,7.83,483000,0,0,22,2016,3
2016-03-23,7.66,7.77,7.18,7.21,521800,0,0,23,2016,3
2016-03-24,7.0,7.31,6.94,7.3,393100,0,0,24,2016,3
2016-03-28,7.28,7.28,6.84,7.17,404000,0,0,28,2016,3
2016-03-29,7.04,7.7,6.9,7.65,449600,0,0,29,2016,3
2016-03-30,7.73,7.93,7.26,7.39,552000,0,0,30,2016,3
2016-03-31,7.41,7.57,7.23,7.33,915800,0,0,31,2016,3
2016-04-01,7.1,7.52,6.76,7.4,1036000,0,0,01,2016,4
2016-04-04,7.4,7.78,7.21,7.31,756800,0,0,04,2016,4
2016-04-05,7.24,7.32,6.55,6.83,1023900,0,0,05,2016,4
2016-04-06,6.95,7.05,6.63,6.9,1475700,0,0,06,2016,4
2016-04-07,6.85,6.98,6.63,6.73,793400,0,0,07,2016,4
2016-04-08,6.86,6.97,6.73,6.88,801100,0,0,08,2016,4
2016-04-11,6.98,7.2,6.68,6.86,652200,0,0,11,2016,4
2016-04-12,6.9,7.18,6.65,7.14,823800,0,0,12,2016,4
2016-04-13,7.21,7.97,7.1,7.65,788000,0,0,13,2016,4
2016-04-14,7.66,7.72,7.35,7.51,627700,0,0,14,2016,4
2016-04-15,7.44,7.75,7.39,7.58,433900,0,0,15,2016,4
2016-04-18,7.38,8.2,7.19,8.0,731200,0,0,18,2016,4
2016-04-19,8.06,8.6,8.06,8.52,996200,0,0,19,2016,4
2016-04-20,8.38,8.73,8.22,8.56,833900,0,0,20,2016,4
2016-04-21,8.62,8.74,8.3,8.37,597200,0,0,21,2016,4
2016-04-22,8.41,9.2,8.38,9.05,924000,0,0,22,2016,4
2016-04-25,8.98,9.11,8.4,8.76,1195700,0,0,25,2016,4
2016-04-26,8.84,9.43,8.59,9.23,1713400,0,0,26,2016,4
2016-04-27,9.26,9.69,9.21,9.44,1279700,0,0,27,2016,4
2016-04-28,9.43,9.64,9.25,9.39,888300,0,0,28,2016,4
2016-04-29,9.49,9.69,9.14,9.45,1263300,0,0,29,2016,4
2016-05-02,9.52,9.69,9.09,9.36,1195100,0,0,02,2016,5
2016-05-03,9.18,9.64,9.07,9.5,1248600,0,0,03,2016,5
2016-05-04,9.05,11.2,8.98,10.34,2620400,0,0,04,2016,5
2016-05-05,10.54,11.39,10.35,10.61,2047800,0,0,05,2016,5
2016-05-06,10.47,11.15,10.47,10.73,1358000,0,0,06,2016,5
2016-05-09,10.82,10.95,10.57,10.68,1128000,0,0,09,2016,5
2016-05-10,10.81,11.28,10.71,11.06,947500,0,0,10,2016,5
2016-05-11,11.06,11.42,10.98,11.25,887300,0,0,11,2016,5
2016-05-12,11.35,11.44,10.97,11.1,808300,0,0,12,2016,5
2016-05-13,11.02,11.29,10.9,10.97,1166000,0,0,13,2016,5
2016-05-16,11.13,11.31,10.83,10.99,696600,0,0,16,2016,5
2016-05-17,11.01,11.66,10.91,11.2,852200,0,0,17,2016,5
2016-05-18,11.06,11.64,11.06,11.3,863400,0,0,18,2016,5
2016-05-19,11.11,11.36,10.85,11.06,520600,0,0,19,2016,5
2016-05-20,11.15,11.9,11.13,11.81,633300,0,0,20,2016,5
2016-05-23,11.7,12.05,11.57,11.74,806800,0,0,23,2016,5
2016-05-24,11.81,12.21,11.68,12.12,1059700,0,0,24,2016,5
2016-05-25,12.25,13.2,12.22,12.7,1581900,0,0,25,2016,5
2016-05-26,12.79,13.09,11.5,11.71,984300,0,0,26,2016,5
2016-05-27,11.71,11.81,11.41,11.77,706700,0,0,27,2016,5
2016-05-31,11.85,12.22,11.63,11.76,714600,0,0,31,2016,5
2016-06-01,11.59,11.79,11.48,11.66,843200,0,0,01,2016,6
2016-06-02,11.54,11.71,11.34,11.67,586500,0,0,02,2016,6
2016-06-03,11.6,12.08,11.49,11.95,736400,0,0,03,2016,6
2016-06-06,12.1,12.6,11.95,12.53,1160900,0,0,06,2016,6
2016-06-07,12.66,13.0,12.55,12.81,999300,0,0,07,2016,6
2016-06-08,13.08,13.65,13.01,13.21,1129300,0,0,08,2016,6
2016-06-09,12.98,13.12,12.75,13.07,644900,0,0,09,2016,6
2016-06-10,12.89,13.46,12.68,12.7,658200,0,0,10,2016,6
2016-06-13,12.6,12.86,12.4,12.62,558600,0,0,13,2016,6
2016-06-14,12.53,12.9,12.31,12.67,596800,0,0,14,2016,6
2016-06-15,12.66,13.14,12.5,12.67,489100,0,0,15,2016,6
2016-06-16,12.47,12.94,12.34,12.65,941900,0,0,16,2016,6
2016-06-17,12.76,13.06,12.69,12.85,924900,0,0,17,2016,6
2016-06-20,13.15,13.44,12.95,13.05,615300,0,0,20,2016,6
2016-06-21,13.02,13.4,12.69,13.39,707300,0,0,21,2016,6
2016-06-22,13.48,13.59,13.08,13.22,586100,0,0,22,2016,6
2016-06-23,13.5,13.99,13.43,13.82,764000,0,0,23,2016,6
2016-06-24,12.8,13.39,12.75,12.88,2215100,0,0,24,2016,6
2016-06-27,12.6,12.69,11.92,12.02,710500,0,0,27,2016,6
2016-06-28,12.43,12.96,12.36,12.89,822600,0,0,28,2016,6
2016-06-29,13.15,13.5,13.0,13.22,802700,0,0,29,2016,6
2016-06-30,13.25,13.25,12.75,13.2,1156900,0,0,30,2016,6
2016-07-01,13.2,14.63,13.2,14.2,1058500,0,0,01,2016,7
2016-07-05,13.85,13.9,12.91,13.28,646900,0,0,05,2016,7
2016-07-06,13.12,13.4,13.12,13.26,647000,0,0,06,2016,7
2016-07-07,13.37,13.94,13.1,13.28,584900,0,0,07,2016,7
2016-07-08,13.65,14.08,13.44,14.01,702500,0,0,08,2016,7
2016-07-11,14.1,14.51,13.58,13.69,667700,0,0,11,2016,7
2016-07-12,14.09,14.67,14.02,14.49,1048000,0,0,12,2016,7
2016-07-13,14.53,14.53,13.58,13.66,680700,0,0,13,2016,7
2016-07-14,13.66,14.1,13.41,13.65,981300,0,0,14,2016,7
2016-07-15,13.74,13.99,13.6,13.69,622800,0,0,15,2016,7
2016-07-18,13.59,13.88,13.44,13.7,478700,0,0,18,2016,7
2016-07-19,13.67,13.7,13.18,13.28,634700,0,0,19,2016,7
2016-07-20,13.26,13.75,12.74,13.6,795200,0,0,20,2016,7
2016-07-21,13.61,14.06,13.26,13.31,621900,0,0,21,2016,7
2016-07-22,13.33,13.53,13.06,13.43,658400,0,0,22,2016,7
2016-07-25,13.26,13.45,12.91,13.16,640800,0,0,25,2016,7
2016-07-26,13.15,13.37,12.83,13.18,704800,0,0,26,2016,7
2016-07-27,13.12,14.59,12.9,13.19,3408400,0,0,27,2016,7
2016-07-28,13.19,13.91,12.98,13.76,1234700,0,0,28,2016,7
2016-07-29,13.65,14.28,13.47,14.2,1139000,0,0,29,2016,7
2016-08-01,14.26,14.29,13.53,13.65,761600,0,0,01,2016,8
2016-08-02,13.76,13.92,13.11,13.42,721600,0,0,02,2016,8
2016-08-03,13.4,14.02,13.24,13.86,513200,0,0,03,2016,8
2016-08-04,13.91,14.38,13.72,14.24,671500,0,0,04,2016,8
2016-08-05,14.35,14.93,14.13,14.92,986300,0,0,05,2016,8
2016-08-08,15.19,15.69,15.04,15.46,1108300,0,0,08,2016,8
2016-08-09,15.6,15.8,15.16,15.39,1017800,0,0,09,2016,8
2016-08-10,15.43,15.49,14.95,15.05,736900,0,0,10,2016,8
2016-08-11,15.19,15.35,14.84,14.89,854000,0,0,11,2016,8
2016-08-12,14.77,14.97,14.12,14.59,1614500,0,0,12,2016,8
2016-08-15,14.67,15.71,14.6,15.32,1904200,0,0,15,2016,8
2016-08-16,15.28,15.34,14.8,15.12,992900,0,0,16,2016,8
2016-08-17,15.08,15.2,14.56,14.77,950900,0,0,17,2016,8
2016-08-18,14.83,15.08,14.77,15.03,789900,0,0,18,2016,8
2016-08-19,14.91,15.1,14.6,15.08,601500,0,0,19,2016,8
2016-08-22,14.87,14.87,14.38,14.75,796200,0,0,22,2016,8
2016-08-23,14.81,15.45,14.77,15.03,878500,0,0,23,2016,8
2016-08-24,14.9,15.03,14.71,14.89,536700,0,0,24,2016,8
2016-08-25,14.85,15.58,14.78,15.27,1349100,0,0,25,2016,8
2016-08-26,15.35,15.98,15.17,15.33,1142600,0,0,26,2016,8
2016-08-29,15.32,15.73,15.16,15.57,624700,0,0,29,2016,8
2016-08-30,15.67,16.09,15.22,15.44,644900,0,0,30,2016,8
2016-08-31,15.34,16.19,15.21,15.5,908300,0,0,31,2016,8
2016-09-01,15.41,15.48,14.9,15.25,609700,0,0,01,2016,9
2016-09-02,15.49,15.99,15.48,15.93,766000,0,0,02,2016,9
2016-09-06,16.0,16.17,15.73,16.01,702400,0,0,06,2016,9
2016-09-07,16.04,16.18,15.5,16.18,700100,0,0,07,2016,9
2016-09-08,16.52,16.93,16.18,16.6,1357300,0,0,08,2016,9
2016-09-09,16.29,16.34,15.39,15.67,783400,0,0,09,2016,9
2016-09-12,15.18,15.87,15.02,15.81,789800,0,0,12,2016,9
2016-09-13,15.5,15.65,14.87,15.17,677500,0,0,13,2016,9
2016-09-14,15.09,15.3,14.74,14.95,765800,0,0,14,2016,9
2016-09-15,14.96,15.22,14.77,14.95,798800,0,0,15,2016,9
2016-09-16,14.72,14.86,14.36,14.41,1389100,0,0,16,2016,9
2016-09-19,14.62,14.94,14.02,14.38,756500,0,0,19,2016,9
2016-09-20,14.45,14.45,13.69,13.82,808900,0,0,20,2016,9
2016-09-21,14.11,14.56,13.96,14.47,568500,0,0,21,2016,9
2016-09-22,14.66,14.76,13.2,13.66,2618300,0,0,22,2016,9
2016-09-23,13.61,13.74,12.69,13.03,1247800,0,0,23,2016,9
2016-09-26,13.06,13.39,12.95,12.96,563900,0,0,26,2016,9
2016-09-27,12.77,13.01,12.49,12.88,1040200,0,0,27,2016,9
2016-09-28,13.04,14.24,12.93,14.0,1382300,0,0,28,2016,9
2016-09-29,13.94,14.72,13.9,14.18,1454400,0,0,29,2016,9
2016-09-30,14.3,14.65,14.17,14.54,976400,0,0,30,2016,9
2016-10-03,14.66,15.05,14.58,14.84,842200,0,0,03,2016,10
2016-10-04,14.91,15.03,14.54,14.75,675100,0,0,04,2016,10
2016-10-05,15.07,15.23,14.69,14.7,1136500,0,0,05,2016,10
2016-10-06,14.7,14.99,14.58,14.78,436600,0,0,06,2016,10
2016-10-07,14.84,14.85,14.27,14.32,546500,0,0,07,2016,10
2016-10-10,14.56,14.83,14.01,14.16,1017200,0,0,10,2016,10
2016-10-11,14.1,14.12,13.72,14.1,584800,0,0,11,2016,10
2016-10-12,14.04,14.38,13.83,14.11,430000,0,0,12,2016,10
2016-10-13,14.0,14.12,13.79,14.02,364100,0,0,13,2016,10
2016-10-14,14.11,14.19,13.63,13.81,650200,0,0,14,2016,10
2016-10-17,13.84,14.17,13.72,13.84,391300,0,0,17,2016,10
2016-10-18,14.04,14.08,13.69,13.97,520500,0,0,18,2016,10
2016-10-19,14.1,14.68,14.1,14.51,833100,0,0,19,2016,10
2016-10-20,14.34,14.53,14.17,14.21,383300,0,0,20,2016,10
2016-10-21,14.0,14.27,13.91,14.02,454600,0,0,21,2016,10
2016-10-24,13.98,14.11,13.38,13.46,574100,0,0,24,2016,10
2016-10-25,13.42,13.48,12.82,12.87,573400,0,0,25,2016,10
2016-10-26,12.71,12.92,12.25,12.52,1114700,0,0,26,2016,10
2016-10-27,12.6,12.6,11.9,11.99,886400,0,0,27,2016,10
2016-10-28,11.93,12.41,11.93,11.97,1127100,0,0,28,2016,10
2016-10-31,11.97,11.99,11.66,11.78,552800,0,0,31,2016,10
2016-11-01,11.91,12.02,11.42,11.64,592800,0,0,01,2016,11
2016-11-02,11.48,11.51,11.18,11.3,862500,0,0,02,2016,11
2016-11-03,11.32,11.41,10.76,11.14,1706700,0,0,03,2016,11
2016-11-04,11.07,11.54,10.76,11.34,862000,0,0,04,2016,11
2016-11-07,11.56,11.56,11.08,11.17,685000,0,0,07,2016,11
2016-11-08,11.08,11.28,10.79,11.09,832300,0,0,08,2016,11
2016-11-09,11.09,11.43,10.95,11.35,860600,0,0,09,2016,11
2016-11-10,11.39,11.71,11.2,11.51,1144400,0,0,10,2016,11
2016-11-11,11.45,11.77,11.13,11.71,750000,0,0,11,2016,11
2016-11-14,11.72,12.22,11.65,11.82,735400,0,0,14,2016,11
2016-11-15,11.9,12.69,11.9,12.55,1079100,0,0,15,2016,11
2016-11-16,12.52,12.57,12.15,12.39,737100,0,0,16,2016,11
2016-11-17,12.39,12.96,12.39,12.51,668700,0,0,17,2016,11
2016-11-18,12.56,12.72,12.25,12.34,580400,0,0,18,2016,11
2016-11-21,12.64,13.17,12.4,13.06,1069300,0,0,21,2016,11
2016-11-22,13.18,13.18,12.56,13.07,668700,0,0,22,2016,11
2016-11-23,12.91,13.19,12.76,12.82,430500,0,0,23,2016,11
2016-11-25,12.78,13.01,12.69,12.95,236500,0,0,25,2016,11
2016-11-28,13.08,13.08,12.17,12.22,551000,0,0,28,2016,11
2016-11-29,12.0,12.16,11.67,11.79,639900,0,0,29,2016,11
2016-11-30,12.46,13.68,12.46,13.46,1344600,0,0,30,2016,11
2016-12-01,13.83,13.97,13.21,13.35,1349000,0,0,01,2016,12
2016-12-02,13.31,13.49,12.82,13.18,828000,0,0,02,2016,12
2016-12-05,13.41,13.91,13.39,13.58,992600,0,0,05,2016,12
2016-12-06,13.4,13.6,13.05,13.11,1204600,0,0,06,2016,12
2016-12-07,12.68,12.78,10.05,11.1,7706500,0,0,07,2016,12
2016-12-08,11.02,11.96,10.69,11.56,2779800,0,0,08,2016,12
2016-12-09,11.6,11.85,11.03,11.21,1589800,0,0,09,2016,12
2016-12-12,11.52,11.63,10.56,10.6,1619400,0,0,12,2016,12
2016-12-13,10.64,10.73,10.13,10.27,1750200,0,0,13,2016,12
2016-12-14,10.13,10.27,9.54,9.59,1967400,0,0,14,2016,12
2016-12-15,9.47,10.63,9.3,10.63,2505700,0,0,15,2016,12
2016-12-16,10.64,10.76,10.25,10.4,1673200,0,0,16,2016,12
2016-12-19,10.4,10.5,10.12,10.49,790400,0,0,19,2016,12
2016-12-20,10.27,10.28,8.87,8.96,4709700,0,0,20,2016,12
2016-12-21,9.01,9.41,8.96,9.35,2562400,0,0,21,2016,12
2016-12-22,10.12,10.13,9.42,9.45,2348600,0,0,22,2016,12
2016-12-23,9.47,10.45,9.41,9.85,1857300,0,0,23,2016,12
2016-12-27,9.9,10.1,9.73,9.84,898100,0,0,27,2016,12
2016-12-28,9.9,9.95,9.38,9.45,874200,0,0,28,2016,12
2016-12-29,9.46,9.54,9.32,9.43,584100,0,0,29,2016,12
2016-12-30,9.37,9.61,9.35,9.39,1053500,0,0,30,2016,12
2017-01-03,9.72,10.0,9.48,9.56,959400,0,0,03,2017,1
2017-01-04,9.61,9.83,9.52,9.73,739100,0,0,04,2017,1
2017-01-05,9.78,9.96,9.57,9.73,533500,0,0,05,2017,1
2017-01-06,9.76,9.77,9.49,9.5,547800,0,0,06,2017,1
2017-01-09,9.34,9.61,9.3,9.5,731100,0,0,09,2017,1
2017-01-10,9.56,9.63,9.45,9.55,573100,0,0,10,2017,1
2017-01-11,9.61,9.93,9.5,9.72,789700,0,0,11,2017,1
2017-01-12,9.86,9.88,9.49,9.61,780800,0,0,12,2017,1
2017-01-13,9.57,10.33,9.55,10.31,1165200,0,0,13,2017,1
2017-01-17,10.5,10.53,10.16,10.25,872900,0,0,17,2017,1
2017-01-18,10.18,10.28,9.94,10.13,1126300,0,0,18,2017,1
2017-01-19,10.16,10.27,9.5,9.59,1040100,0,0,19,2017,1
2017-01-20,9.68,9.83,9.5,9.6,1254600,0,0,20,2017,1
2017-01-23,9.5,9.74,9.46,9.67,601000,0,0,23,2017,1
2017-01-24,9.71,10.08,9.6,10.04,756100,0,0,24,2017,1
2017-01-25,10.03,10.6,9.81,10.42,772900,0,0,25,2017,1
2017-01-26,10.5,10.8,10.22,10.34,677300,0,0,26,2017,1
2017-01-27,10.23,10.6,10.19,10.47,484400,0,0,27,2017,1
2017-01-30,10.32,10.37,9.93,10.23,797400,0,0,30,2017,1
2017-01-31,10.27,10.59,10.0,10.57,987000,0,0,31,2017,1
2017-02-01,10.62,10.75,10.53,10.73,831600,0,0,01,2017,2
2017-02-02,10.8,10.8,10.2,10.27,873800,0,0,02,2017,2
2017-02-03,10.25,10.71,10.25,10.61,613500,0,0,03,2017,2
2017-02-06,10.64,10.75,10.37,10.57,887900,0,0,06,2017,2
2017-02-07,10.37,10.63,10.3,10.5,650100,0,0,07,2017,2
2017-02-08,10.47,10.59,10.18,10.55,1059900,0,0,08,2017,2
2017-02-09,11.38,12.41,11.16,12.22,3681000,0,0,09,2017,2
2017-02-10,12.41,12.89,12.27,12.34,1610900,0,0,10,2017,2
2017-02-13,12.34,12.78,12.27,12.5,1183600,0,0,13,2017,2
2017-02-14,12.62,12.85,12.28,12.79,714900,0,0,14,2017,2
2017-02-15,12.66,12.7,12.29,12.5,911500,0,0,15,2017,2
2017-02-16,12.48,12.49,12.1,12.35,502500,0,0,16,2017,2
2017-02-17,12.28,12.73,11.95,12.46,966000,0,0,17,2017,2
2017-02-21,12.57,12.78,12.51,12.75,681300,0,0,21,2017,2
2017-02-22,12.8,13.2,12.66,13.03,1427100,0,0,22,2017,2
2017-02-23,13.22,13.39,12.89,13.0,1209100,0,0,23,2017,2
2017-02-24,12.8,13.02,12.62,12.98,642800,0,0,24,2017,2
2017-02-27,13.05,13.62,12.97,13.6,926000,0,0,27,2017,2
2017-02-28,13.38,13.75,13.35,13.52,1126000,0,0,28,2017,2
2017-03-01,13.73,14.16,13.51,14.12,1173800,0,0,01,2017,3
2017-03-02,14.05,14.51,13.75,13.77,1510000,0,0,02,2017,3
2017-03-03,13.79,13.92,13.51,13.62,624200,0,0,03,2017,3
2017-03-06,13.58,13.66,13.35,13.63,442800,0,0,06,2017,3
2017-03-07,13.68,13.72,13.14,13.24,757100,0,0,07,2017,3
2017-03-08,13.15,13.32,12.59,12.59,887500,0,0,08,2017,3
2017-03-09,12.49,12.61,11.74,11.97,1214600,0,0,09,2017,3
2017-03-10,12.14,12.21,11.76,11.99,758700,0,0,10,2017,3
2017-03-13,12.0,12.13,11.77,11.95,472500,0,0,13,2017,3
2017-03-14,11.81,11.82,11.22,11.49,825200,0,0,14,2017,3
2017-03-15,11.79,11.89,11.48,11.74,2266200,0,0,15,2017,3
2017-03-16,11.86,12.09,11.26,11.54,915100,0,0,16,2017,3
2017-03-17,11.64,11.73,11.39,11.63,1038200,0,0,17,2017,3
2017-03-20,11.54,11.64,11.38,11.53,332400,0,0,20,2017,3
2017-03-21,11.59,11.62,11.16,11.26,396900,0,0,21,2017,3
2017-03-22,11.16,11.34,11.0,11.16,709300,0,0,22,2017,3
2017-03-23,11.12,11.28,11.05,11.22,364300,0,0,23,2017,3
2017-03-24,11.28,11.7,11.26,11.5,837800,0,0,24,2017,3
2017-03-27,11.27,11.42,11.1,11.4,458700,0,0,27,2017,3
2017-03-28,11.47,11.75,11.28,11.64,530600,0,0,28,2017,3
2017-03-29,11.62,12.28,11.59,12.21,741400,0,0,29,2017,3
2017-03-30,12.25,12.48,12.2,12.43,576500,0,0,30,2017,3
2017-03-31,12.35,12.86,12.35,12.79,1085600,0,0,31,2017,3
2017-04-03,12.78,12.99,12.13,12.37,1114300,0,0,03,2017,4
2017-04-04,12.39,12.8,12.37,12.49,639000,0,0,04,2017,4
2017-04-05,12.63,12.91,12.15,12.24,994500,0,0,05,2017,4
2017-04-06,12.33,12.75,12.33,12.59,582700,0,0,06,2017,4
2017-04-07,12.59,12.6,12.28,12.45,538600,0,0,07,2017,4
2017-04-10,12.54,12.86,12.44,12.83,360300,0,0,10,2017,4
2017-04-11,12.77,13.06,12.69,12.85,417800,0,0,11,2017,4
2017-04-12,12.79,12.88,12.51,12.61,392200,0,0,12,2017,4
2017-04-13,12.6,12.77,12.04,12.09,805500,0,0,13,2017,4
2017-04-17,12.13,12.29,11.99,12.14,451000,0,0,17,2017,4
2017-04-18,12.05,12.17,11.91,11.96,553500,0,0,18,2017,4
2017-04-19,12.02,12.06,11.52,11.6,807700,0,0,19,2017,4
2017-04-20,11.65,11.76,11.53,11.65,499000,0,0,20,2017,4
2017-04-21,11.65,11.81,11.47,11.75,991300,0,0,21,2017,4
2017-04-24,11.85,12.09,11.65,11.79,722600,0,0,24,2017,4
2017-04-25,11.89,12.19,11.85,12.02,737000,0,0,25,2017,4
2017-04-26,11.94,12.4,11.86,12.28,813600,0,0,26,2017,4
2017-04-27,12.16,12.16,11.57,11.96,1054400,0,0,27,2017,4
2017-04-28,12.05,12.1,11.81,12.01,502300,0,0,28,2017,4
2017-05-01,12.05,12.24,11.62,12.17,1071800,0,0,01,2017,5
2017-05-02,12.17,12.31,12.07,12.25,891900,0,0,02,2017,5
2017-05-03,12.2,12.52,12.19,12.36,1150200,0,0,03,2017,5
2017-05-04,12.0,12.5,10.46,10.47,2545000,0,0,04,2017,5
2017-05-05,10.45,10.95,10.23,10.48,1597200,0,0,05,2017,5
2017-05-08,10.45,10.71,10.3,10.58,1392400,0,0,08,2017,5
2017-05-09,10.59,10.59,9.99,10.27,1143800,0,0,09,2017,5
2017-05-10,10.37,10.75,10.37,10.59,816900,0,0,10,2017,5
2017-05-11,10.64,10.64,10.16,10.18,617700,0,0,11,2017,5
2017-05-12,10.17,10.24,10.05,10.18,603000,0,0,12,2017,5
2017-05-15,10.41,10.47,10.17,10.19,793400,0,0,15,2017,5
2017-05-16,10.2,10.25,10.1,10.2,978500,0,0,16,2017,5
2017-05-17,10.2,10.2,9.78,9.85,782500,0,0,17,2017,5
2017-05-18,9.71,9.87,9.51,9.72,889000,0,0,18,2017,5
2017-05-19,9.8,10.45,9.75,10.36,726800,0,0,19,2017,5
2017-05-22,10.47,10.6,10.21,10.32,407200,0,0,22,2017,5
2017-05-23,10.36,10.52,10.29,10.5,463000,0,0,23,2017,5
2017-05-24,10.49,10.63,10.35,10.42,601300,0,0,24,2017,5
2017-05-25,10.43,10.7,10.15,10.24,848100,0,0,25,2017,5
2017-05-26,10.23,10.33,10.07,10.24,239700,0,0,26,2017,5
2017-05-30,10.24,10.24,9.91,10.09,305700,0,0,30,2017,5
2017-05-31,10.02,10.03,9.77,9.88,682200,0,0,31,2017,5
2017-06-01,9.79,10.0,9.71,9.95,682000,0,0,01,2017,6
2017-06-02,9.72,9.95,9.45,9.53,2138900,0,0,02,2017,6
2017-06-05,9.49,9.79,9.48,9.68,674700,0,0,05,2017,6
2017-06-06,9.66,10.14,9.49,10.07,510600,0,0,06,2017,6
2017-06-07,9.96,10.19,9.13,9.13,921900,0,0,07,2017,6
2017-06-08,9.0,9.2,8.54,8.67,1691700,0,0,08,2017,6
2017-06-09,8.7,9.55,8.7,9.46,863200,0,0,09,2017,6
2017-06-12,9.6,9.75,9.42,9.44,638600,0,0,12,2017,6
2017-06-13,9.51,9.98,9.46,9.83,502900,0,0,13,2017,6
2017-06-14,9.73,9.75,9.19,9.28,482100,0,0,14,2017,6
2017-06-15,9.25,9.33,8.74,8.82,716300,0,0,15,2017,6
2017-06-16,8.8,9.0,8.68,8.97,653100,0,0,16,2017,6
2017-06-19,9.02,9.09,8.72,8.78,472600,0,0,19,2017,6
2017-06-20,8.62,8.74,8.26,8.55,685000,0,0,20,2017,6
2017-06-21,8.39,8.46,7.68,7.95,1225800,0,0,21,2017,6
2017-06-22,8.01,8.22,7.96,8.03,962800,0,0,22,2017,6
2017-06-23,8.08,8.33,8.0,8.3,1453200,0,0,23,2017,6
2017-06-26,8.34,8.45,8.19,8.38,550300,0,0,26,2017,6
2017-06-27,8.43,8.61,8.26,8.27,593600,0,0,27,2017,6
2017-06-28,8.34,8.73,8.27,8.58,793200,0,0,28,2017,6
2017-06-29,8.7,8.98,8.59,8.79,818300,0,0,29,2017,6
2017-06-30,8.89,9.05,8.77,8.94,1102800,0,0,30,2017,6
2017-07-03,9.04,9.2,8.94,9.08,436100,0,0,03,2017,7
2017-07-05,9.0,9.06,8.68,8.74,547200,0,0,05,2017,7
2017-07-06,8.77,8.95,8.67,8.69,598700,0,0,06,2017,7
2017-07-07,8.66,8.72,8.46,8.69,456200,0,0,07,2017,7
2017-07-10,8.61,9.08,8.6,8.99,455700,0,0,10,2017,7
2017-07-11,9.01,9.34,8.89,9.17,789000,0,0,11,2017,7
2017-07-12,9.31,9.34,9.09,9.16,652000,0,0,12,2017,7
2017-07-13,9.17,9.48,9.17,9.31,678600,0,0,13,2017,7
2017-07-14,9.32,9.53,9.32,9.34,455900,0,0,14,2017,7
2017-07-17,9.32,9.46,9.24,9.29,313600,0,0,17,2017,7
2017-07-18,9.38,9.39,9.15,9.19,302100,0,0,18,2017,7
2017-07-19,9.19,9.39,9.12,9.3,707900,0,0,19,2017,7
2017-07-20,9.19,9.31,8.77,8.87,577200,0,0,20,2017,7
2017-07-21,8.91,8.94,8.5,8.55,747000,0,0,21,2017,7
2017-07-24,8.59,8.6,8.32,8.38,406900,0,0,24,2017,7
2017-07-25,8.58,8.61,8.31,8.32,595400,0,0,25,2017,7
2017-07-26,8.45,8.64,8.15,8.47,675000,0,0,26,2017,7
2017-07-27,8.51,8.54,8.37,8.47,310000,0,0,27,2017,7
2017-07-28,8.45,8.59,8.35,8.4,398000,0,0,28,2017,7
2017-07-31,8.35,8.49,8.05,8.42,747200,0,0,31,2017,7
2017-08-01,8.42,8.42,8.09,8.27,588800,0,0,01,2017,8
2017-08-02,7.51,7.51,4.91,5.46,10879900,0,0,02,2017,8
2017-08-03,5.48,6.16,5.44,5.91,4006300,0,0,03,2017,8
2017-08-04,5.96,6.51,5.93,6.35,2320300,0,0,04,2017,8
2017-08-07,6.29,6.43,6.2,6.38,991600,0,0,07,2017,8
2017-08-08,6.29,6.54,6.2,6.37,1333200,0,0,08,2017,8
2017-08-09,6.37,6.51,6.08,6.11,1424300,0,0,09,2017,8
2017-08-10,6.16,6.19,5.9,5.96,1029100,0,0,10,2017,8
2017-08-11,5.79,6.09,5.69,5.95,932000,0,0,11,2017,8
2017-08-14,5.96,6.19,5.8,5.97,1304300,0,0,14,2017,8
2017-08-15,5.93,5.95,5.73,5.9,1363000,0,0,15,2017,8
2017-08-16,5.92,5.97,5.85,5.86,813400,0,0,16,2017,8
2017-08-17,5.81,5.92,5.54,5.58,1194100,0,0,17,2017,8
2017-08-18,5.56,5.65,5.49,5.63,1046000,0,0,18,2017,8
2017-08-21,5.61,5.68,5.49,5.6,587100,0,0,21,2017,8
2017-08-22,5.66,5.75,5.47,5.5,723900,0,0,22,2017,8
2017-08-23,5.62,5.92,5.46,5.49,1208200,0,0,23,2017,8
2017-08-24,5.48,5.56,5.36,5.44,965800,0,0,24,2017,8
2017-08-25,5.47,5.61,5.44,5.47,677300,0,0,25,2017,8
2017-08-28,5.47,5.52,5.23,5.29,674900,0,0,28,2017,8
2017-08-29,5.21,5.27,5.12,5.18,819900,0,0,29,2017,8
2017-08-30,5.16,5.19,5.04,5.1,868500,0,0,30,2017,8
2017-08-31,5.12,5.22,5.12,5.18,694700,0,0,31,2017,8
2017-09-01,5.2,5.24,5.15,5.21,460000,0,0,01,2017,9
2017-09-05,5.25,5.38,5.11,5.12,921900,0,0,05,2017,9
2017-09-06,5.2,5.35,5.18,5.23,873400,0,0,06,2017,9
2017-09-07,5.23,5.27,5.06,5.18,556100,0,0,07,2017,9
2017-09-08,5.16,5.17,4.56,4.8,3639600,0,0,08,2017,9
2017-09-11,4.82,5.23,4.81,5.11,1599200,0,0,11,2017,9
2017-09-12,5.11,5.36,5.08,5.21,1259600,0,0,12,2017,9
2017-09-13,5.22,5.76,5.2,5.51,3458400,0,0,13,2017,9
2017-09-14,5.55,5.73,5.5,5.59,2360900,0,0,14,2017,9
2017-09-15,5.56,5.8,5.54,5.7,2059500,0,0,15,2017,9
2017-09-18,5.66,5.82,5.36,5.42,1545300,0,0,18,2017,9
2017-09-19,5.45,5.64,5.42,5.48,1273200,0,0,19,2017,9
2017-09-20,5.55,5.72,5.51,5.58,918100,0,0,20,2017,9
2017-09-21,5.56,5.61,5.26,5.29,950300,0,0,21,2017,9
2017-09-22,5.28,5.4,5.18,5.36,1637600,0,0,22,2017,9
2017-09-25,5.38,5.6,5.38,5.4,1217900,0,0,25,2017,9
2017-09-26,5.0,5.36,4.99,5.16,1760700,0,0,26,2017,9
2017-09-27,5.12,5.28,4.85,4.9,3376600,0,0,27,2017,9
2017-09-28,4.94,4.98,4.48,4.77,2988500,0,0,28,2017,9
2017-09-29,4.71,4.8,4.54,4.65,1129400,0,0,29,2017,9
2017-10-02,4.55,5.02,4.55,4.99,1680200,0,0,02,2017,10
2017-10-03,4.94,5.48,4.87,5.31,1965900,0,0,03,2017,10
2017-10-04,5.27,5.3,4.87,4.92,1580800,0,0,04,2017,10
2017-10-05,4.95,5.17,4.95,5.04,811400,0,0,05,2017,10
2017-10-06,4.93,5.03,4.79,4.8,872400,0,0,06,2017,10
2017-10-09,4.79,5.03,4.79,4.98,690700,0,0,09,2017,10
2017-10-10,5.05,5.25,4.97,4.97,675300,0,0,10,2017,10
2017-10-11,4.95,5.04,4.84,4.96,529700,0,0,11,2017,10
2017-10-12,4.84,4.9,4.69,4.78,833200,0,0,12,2017,10
2017-10-13,4.88,4.96,4.7,4.73,1298500,0,0,13,2017,10
2017-10-16,4.79,4.92,4.7,4.75,918400,0,0,16,2017,10
2017-10-17,4.76,4.88,4.66,4.84,827800,0,0,17,2017,10
2017-10-18,4.84,4.93,4.73,4.87,947600,0,0,18,2017,10
2017-10-19,4.78,4.86,4.66,4.78,908000,0,0,19,2017,10
2017-10-20,4.79,4.88,4.74,4.85,447000,0,0,20,2017,10
2017-10-23,4.86,4.9,4.77,4.78,514300,0,0,23,2017,10
2017-10-24,4.8,4.88,4.77,4.78,429800,0,0,24,2017,10
2017-10-25,4.76,4.82,4.59,4.72,514700,0,0,25,2017,10
2017-10-26,4.71,4.83,4.62,4.82,609700,0,0,26,2017,10
2017-10-27,4.79,4.83,4.5,4.82,703500,0,0,27,2017,10
2017-10-30,4.84,5.0,4.8,4.9,695800,0,0,30,2017,10
2017-10-31,4.89,5.05,4.88,4.92,789800,0,0,31,2017,10
2017-11-01,5.01,5.26,4.82,4.85,725500,0,0,01,2017,11
2017-11-02,4.88,4.91,4.75,4.79,433400,0,0,02,2017,11
2017-11-03,4.78,4.9,4.68,4.88,497400,0,0,03,2017,11
2017-11-06,4.93,5.29,4.84,5.23,1028700,0,0,06,2017,11
2017-11-07,5.25,5.27,4.99,5.1,1192200,0,0,07,2017,11
2017-11-08,4.65,4.67,4.14,4.28,4502000,0,0,08,2017,11
2017-11-09,4.21,4.78,4.21,4.57,1808400,0,0,09,2017,11
2017-11-10,4.55,4.86,4.55,4.82,1150800,0,0,10,2017,11
2017-11-13,4.8,4.97,4.66,4.8,1124000,0,0,13,2017,11
2017-11-14,4.73,4.73,4.48,4.61,953000,0,0,14,2017,11
2017-11-15,4.48,4.68,4.48,4.56,775500,0,0,15,2017,11
2017-11-16,4.55,4.64,4.49,4.51,503000,0,0,16,2017,11
2017-11-17,4.56,4.76,4.44,4.73,819100,0,0,17,2017,11
2017-11-20,4.71,4.72,4.52,4.65,921400,0,0,20,2017,11
2017-11-21,4.65,4.73,4.51,4.54,850500,0,0,21,2017,11
2017-11-22,4.63,4.85,4.54,4.81,970100,0,0,22,2017,11
2017-11-24,4.83,4.85,4.54,4.59,701700,0,0,24,2017,11
2017-11-27,4.59,4.7,4.4,4.49,1043300,0,0,27,2017,11
2017-11-28,4.48,4.73,4.45,4.72,1092100,0,0,28,2017,11
2017-11-29,4.73,4.97,4.72,4.87,1280400,0,0,29,2017,11
2017-11-30,4.92,5.13,4.72,4.72,1591400,0,0,30,2017,11
2017-12-01,4.75,4.87,4.58,4.73,1168200,0,0,01,2017,12
2017-12-04,4.74,4.82,4.63,4.65,669000,0,0,04,2017,12
2017-12-05,4.65,4.68,4.5,4.56,707900,0,0,05,2017,12
2017-12-06,4.47,4.6,4.4,4.58,1014600,0,0,06,2017,12
2017-12-07,4.55,4.57,4.45,4.51,707800,0,0,07,2017,12
2017-12-08,4.55,4.68,4.52,4.61,692600,0,0,08,2017,12
2017-12-11,4.87,4.9,4.58,4.84,1050500,0,0,11,2017,12
2017-12-12,4.86,4.87,4.73,4.76,470100,0,0,12,2017,12
2017-12-13,4.75,4.86,4.51,4.55,1468800,0,0,13,2017,12
2017-12-14,4.6,4.7,4.41,4.52,1752600,0,0,14,2017,12
2017-12-15,4.54,4.58,4.37,4.45,2179700,0,0,15,2017,12
2017-12-18,4.46,4.65,4.45,4.59,1028500,0,0,18,2017,12
2017-12-19,4.6,4.68,4.54,4.54,1042600,0,0,19,2017,12
2017-12-20,4.57,4.58,4.46,4.5,628000,0,0,20,2017,12
2017-12-21,4.49,4.7,4.48,4.64,705500,0,0,21,2017,12
2017-12-22,4.69,4.69,4.5,4.61,725700,0,0,22,2017,12
2017-12-26,4.61,4.97,4.61,4.76,1217800,0,0,26,2017,12
2017-12-27,4.76,4.78,4.6,4.67,660600,0,0,27,2017,12
2017-12-28,4.7,4.84,4.67,4.83,458800,0,0,28,2017,12
2017-12-29,4.82,4.91,4.65,4.66,643700,0,0,29,2017,12
2018-01-02,4.7,5.31,4.7,5.3,1723600,0,0,02,2018,1
2018-01-03,5.37,5.44,5.02,5.3,1461000,0,0,03,2018,1
2018-01-04,5.37,5.4,5.28,5.35,1034100,0,0,04,2018,1
2018-01-05,5.35,5.35,5.13,5.28,917600,0,0,05,2018,1
2018-01-08,5.26,5.42,5.2,5.39,674100,0,0,08,2018,1
2018-01-09,5.42,5.63,5.36,5.61,1141800,0,0,09,2018,1
2018-01-10,5.65,5.7,5.4,5.51,1038400,0,0,10,2018,1
2018-01-11,5.56,6.08,5.51,5.88,1391700,0,0,11,2018,1
2018-01-12,5.87,5.96,5.62,5.93,1453900,0,0,12,2018,1
2018-01-16,6.05,6.17,5.77,5.85,1529900,0,0,16,2018,1
2018-01-17,6.02,6.23,5.95,6.06,1272400,0,0,17,2018,1
2018-01-18,6.02,6.02,5.59,5.61,1227100,0,0,18,2018,1
2018-01-19,5.63,5.78,5.58,5.64,676900,0,0,19,2018,1
2018-01-22,5.66,5.76,5.59,5.71,709100,0,0,22,2018,1
2018-01-23,5.73,5.96,5.63,5.94,930400,0,0,23,2018,1
2018-01-24,6.0,6.0,5.8,5.92,718300,0,0,24,2018,1
2018-01-25,5.96,6.49,5.92,6.25,1711700,0,0,25,2018,1
2018-01-26,6.26,6.5,6.19,6.34,1285800,0,0,26,2018,1
2018-01-29,6.29,6.29,5.65,5.66,1231000,0,0,29,2018,1
2018-01-30,5.56,5.69,5.29,5.61,1085000,0,0,30,2018,1
2018-01-31,5.65,5.65,5.44,5.5,894400,0,0,31,2018,1
2018-02-01,5.5,5.7,5.39,5.52,1171100,0,0,01,2018,2
2018-02-02,5.42,5.56,5.22,5.42,925500,0,0,02,2018,2
2018-02-05,5.35,5.56,5.2,5.2,1274700,0,0,05,2018,2
2018-02-06,5.09,5.54,5.05,5.46,1456600,0,0,06,2018,2
2018-02-07,5.46,5.47,5.03,5.06,1190900,0,0,07,2018,2
2018-02-08,5.1,5.17,4.7,4.86,1363000,0,0,08,2018,2
2018-02-09,4.91,4.92,4.73,4.83,1663200,0,0,09,2018,2
2018-02-12,4.9,5.07,4.85,4.99,750800,0,0,12,2018,2
2018-02-13,4.93,5.02,4.92,5.0,404200,0,0,13,2018,2
2018-02-14,4.91,5.5,4.91,5.42,1552300,0,0,14,2018,2
2018-02-15,5.45,5.58,5.38,5.58,855300,0,0,15,2018,2
2018-02-16,5.54,5.73,5.51,5.53,916800,0,0,16,2018,2
2018-02-20,5.52,5.82,5.5,5.59,1155700,0,0,20,2018,2
2018-02-21,5.65,5.84,5.21,5.74,1570500,0,0,21,2018,2
2018-02-22,5.87,6.24,5.79,6.06,1733800,0,0,22,2018,2
2018-02-23,6.13,6.31,6.0,6.14,1149000,0,0,23,2018,2
2018-02-26,6.15,6.35,6.06,6.32,846700,0,0,26,2018,2
2018-02-27,6.46,6.68,6.24,6.24,977100,0,0,27,2018,2
2018-02-28,6.28,6.33,5.9,5.95,918200,0,0,28,2018,2
2018-03-01,5.92,6.23,5.9,6.06,1001800,0,0,01,2018,3
2018-03-02,5.97,6.28,5.94,6.26,759700,0,0,02,2018,3
2018-03-05,6.2,6.54,6.2,6.42,695900,0,0,05,2018,3
2018-03-06,6.46,6.71,6.46,6.6,960900,0,0,06,2018,3
2018-03-07,6.5,6.71,6.4,6.62,1429700,0,0,07,2018,3
2018-03-08,6.63,6.7,6.37,6.45,894700,0,0,08,2018,3
2018-03-09,6.53,6.53,6.35,6.44,804600,0,0,09,2018,3
2018-03-12,6.45,6.62,6.38,6.47,833400,0,0,12,2018,3
2018-03-13,6.5,6.53,6.08,6.13,1030300,0,0,13,2018,3
2018-03-14,6.17,6.36,6.11,6.26,943400,0,0,14,2018,3
2018-03-15,6.33,6.33,6.07,6.2,754800,0,0,15,2018,3
2018-03-16,6.21,6.24,6.04,6.13,1099700,0,0,16,2018,3
2018-03-19,6.07,6.3,5.95,6.26,690600,0,0,19,2018,3
2018-03-20,6.33,6.39,6.15,6.18,390500,0,0,20,2018,3
2018-03-21,6.19,6.5,6.17,6.36,1004100,0,0,21,2018,3
2018-03-22,6.25,6.44,6.21,6.21,522900,0,0,22,2018,3
2018-03-23,6.26,6.5,6.15,6.23,613900,0,0,23,2018,3
2018-03-26,6.33,6.42,6.1,6.4,753100,0,0,26,2018,3
2018-03-27,6.4,6.42,6.09,6.13,574300,0,0,27,2018,3
2018-03-28,6.13,6.27,6.01,6.04,480600,0,0,28,2018,3
2018-03-29,6.06,6.19,6.04,6.1,681700,0,0,29,2018,3
2018-04-02,6.07,6.09,5.73,5.85,2017600,0,0,02,2018,4
2018-04-03,5.9,6.09,5.8,6.03,1059600,0,0,03,2018,4
2018-04-04,5.97,6.12,5.9,6.06,935800,0,0,04,2018,4
2018-04-05,6.14,6.35,6.07,6.29,955900,0,0,05,2018,4
2018-04-06,6.26,6.42,6.12,6.19,986500,0,0,06,2018,4
2018-04-09,6.26,6.26,6.06,6.07,632700,0,0,09,2018,4
2018-04-10,6.19,6.28,6.08,6.19,1009800,0,0,10,2018,4
2018-04-11,6.19,6.5,6.17,6.39,1178400,0,0,11,2018,4
2018-04-12,6.46,6.51,6.26,6.43,857300,0,0,12,2018,4
2018-04-13,6.48,6.49,6.27,6.36,780300,0,0,13,2018,4
2018-04-16,6.36,6.43,6.23,6.33,718600,0,0,16,2018,4
2018-04-17,6.34,6.46,6.3,6.42,677300,0,0,17,2018,4
2018-04-18,6.45,6.77,6.43,6.6,1190600,0,0,18,2018,4
2018-04-19,6.65,6.75,6.44,6.63,817600,0,0,19,2018,4
2018-04-20,6.6,6.61,6.26,6.32,1249400,0,0,20,2018,4
2018-04-23,4.8,5.07,3.82,4.15,8796100,0,0,23,2018,4
2018-04-24,4.13,4.32,3.94,4.0,3450000,0,0,24,2018,4
2018-04-25,4.01,4.08,3.89,3.9,2354000,0,0,25,2018,4
2018-04-26,3.95,4.0,3.84,3.85,1894800,0,0,26,2018,4
2018-04-27,3.8,3.84,3.69,3.74,1873700,0,0,27,2018,4
2018-04-30,3.68,3.81,3.38,3.57,2851300,0,0,30,2018,4
2018-05-01,3.57,3.81,3.53,3.76,1544600,0,0,01,2018,5
2018-05-02,3.76,3.97,3.76,3.91,1273100,0,0,02,2018,5
2018-05-03,3.88,3.94,3.51,3.69,1452900,0,0,03,2018,5
2018-05-04,3.66,3.89,3.65,3.81,909700,0,0,04,2018,5
2018-05-07,3.82,3.96,3.75,3.76,1200300,0,0,07,2018,5
2018-05-08,3.76,3.8,3.61,3.72,1390500,0,0,08,2018,5
2018-05-09,3.76,3.86,3.71,3.83,1102400,0,0,09,2018,5
2018-05-10,3.75,4.0,3.51,3.74,2180900,0,0,10,2018,5
2018-05-11,3.73,3.75,3.52,3.55,1613500,0,0,11,2018,5
2018-05-14,3.59,3.62,3.52,3.52,924800,0,0,14,2018,5
2018-05-15,3.52,3.52,3.15,3.39,2209900,0,0,15,2018,5
2018-05-16,3.37,3.45,3.23,3.38,1331300,0,0,16,2018,5
2018-05-17,3.55,3.81,3.54,3.59,2690600,0,0,17,2018,5
2018-05-18,3.6,3.61,3.46,3.5,1212000,0,0,18,2018,5
2018-05-21,3.51,3.6,3.45,3.51,1175800,0,0,21,2018,5
2018-05-22,3.51,3.53,3.35,3.35,1328400,0,0,22,2018,5
2018-05-23,3.35,3.36,3.26,3.29,887700,0,0,23,2018,5
2018-05-24,3.26,3.26,3.17,3.2,940300,0,0,24,2018,5
2018-05-25,3.16,3.21,3.07,3.19,1350000,0,0,25,2018,5
2018-05-29,3.14,3.2,3.07,3.09,1161800,0,0,29,2018,5
2018-05-30,3.12,3.22,3.1,3.2,776400,0,0,30,2018,5
2018-05-31,3.19,3.23,3.11,3.13,733300,0,0,31,2018,5
2018-06-01,3.16,3.19,3.08,3.1,532700,0,0,01,2018,6
2018-06-04,3.12,3.15,3.05,3.14,1076500,0,0,04,2018,6
2018-06-05,3.15,3.36,3.14,3.33,1055000,0,0,05,2018,6
2018-06-06,3.31,3.4,3.31,3.36,732600,0,0,06,2018,6
2018-06-07,3.36,3.5,3.32,3.4,858000,0,0,07,2018,6
2018-06-08,3.41,3.46,3.36,3.45,594200,0,0,08,2018,6
2018-06-11,3.42,3.51,3.42,3.47,614100,0,0,11,2018,6
2018-06-12,3.5,3.68,3.49,3.57,1066000,0,0,12,2018,6
2018-06-13,3.58,3.59,3.4,3.42,589200,0,0,13,2018,6
2018-06-14,3.43,3.45,3.31,3.37,865400,0,0,14,2018,6
2018-06-15,3.35,3.46,3.28,3.46,2223400,0,0,15,2018,6
2018-06-18,3.42,3.44,3.33,3.34,959700,0,0,18,2018,6
2018-06-19,3.3,3.32,3.19,3.28,659600,0,0,19,2018,6
2018-06-20,3.32,3.42,3.23,3.41,547400,0,0,20,2018,6
2018-06-21,3.4,3.43,3.24,3.27,533000,0,0,21,2018,6
2018-06-22,3.32,3.36,3.27,3.29,663200,0,0,22,2018,6
2018-06-25,3.29,3.34,3.24,3.31,541300,0,0,25,2018,6
2018-06-26,3.31,3.33,3.26,3.28,743900,0,0,26,2018,6
2018-06-27,3.3,3.35,3.2,3.21,513400,0,0,27,2018,6
2018-06-28,3.2,3.24,3.03,3.23,854600,0,0,28,2018,6
2018-06-29,3.23,3.27,3.13,3.23,1026800,0,0,29,2018,6
2018-07-02,3.19,3.21,3.12,3.2,463300,0,0,02,2018,7
2018-07-03,3.23,3.29,3.13,3.13,258200,0,0,03,2018,7
2018-07-05,3.16,3.2,2.9,3.07,1309700,0,0,05,2018,7
2018-07-06,3.07,3.19,3.04,3.18,418200,0,0,06,2018,7
2018-07-09,3.18,3.23,3.15,3.21,558500,0,0,09,2018,7
2018-07-10,3.21,3.27,3.1,3.13,498400,0,0,10,2018,7
2018-07-11,3.1,3.14,3.03,3.06,458200,0,0,11,2018,7
2018-07-12,3.1,3.1,2.95,3.04,493500,0,0,12,2018,7
2018-07-13,3.04,3.11,2.98,3.01,384600,0,0,13,2018,7
2018-07-16,3.0,3.01,2.88,2.9,547300,0,0,16,2018,7
2018-07-17,2.9,2.95,2.88,2.93,330600,0,0,17,2018,7
2018-07-18,2.93,3.0,2.81,3.0,513100,0,0,18,2018,7
2018-07-19,2.99,3.03,2.9,3.03,361500,0,0,19,2018,7
2018-07-20,3.03,3.05,2.99,3.01,202400,0,0,20,2018,7
2018-07-23,3.01,3.06,2.94,3.05,307300,0,0,23,2018,7
2018-07-24,3.08,3.11,3.0,3.07,627300,0,0,24,2018,7
2018-07-25,3.08,3.12,3.0,3.11,651700,0,0,25,2018,7
2018-07-26,3.1,3.16,3.05,3.07,433200,0,0,26,2018,7
2018-07-27,3.07,3.13,3.0,3.05,365400,0,0,27,2018,7
2018-07-30,3.06,3.14,3.06,3.08,218000,0,0,30,2018,7
2018-07-31,3.08,3.13,3.04,3.1,299400,0,0,31,2018,7
2018-08-01,3.08,3.12,3.01,3.02,273100,0,0,01,2018,8
2018-08-02,3.0,3.08,2.93,3.01,633000,0,0,02,2018,8
2018-08-03,3.02,3.15,3.02,3.08,369400,0,0,03,2018,8
2018-08-06,3.07,3.08,3.0,3.02,303800,0,0,06,2018,8
2018-08-07,3.06,3.06,2.89,2.91,517900,0,0,07,2018,8
2018-08-08,2.35,2.63,2.08,2.17,3465200,0,0,08,2018,8
2018-08-09,2.16,2.25,2.14,2.23,1091100,0,0,09,2018,8
2018-08-10,2.25,2.27,2.13,2.26,1121100,0,0,10,2018,8
2018-08-13,2.27,2.27,2.01,2.07,1826000,0,0,13,2018,8
2018-08-14,2.07,2.19,2.07,2.12,691600,0,0,14,2018,8
2018-08-15,2.15,2.21,2.06,2.1,774700,0,0,15,2018,8
2018-08-16,2.1,2.11,2.01,2.01,940300,0,0,16,2018,8
2018-08-17,2.03,2.11,1.94,2.1,1345800,0,0,17,2018,8
2018-08-20,2.12,2.17,2.07,2.12,774000,0,0,20,2018,8
2018-08-21,2.13,2.21,2.12,2.12,799200,0,0,21,2018,8
2018-08-22,2.13,2.3,2.08,2.28,1346200,0,0,22,2018,8
2018-08-23,2.29,2.45,2.18,2.2,1300300,0,0,23,2018,8
2018-08-24,2.2,2.26,2.13,2.15,671700,0,0,24,2018,8
2018-08-27,2.15,2.18,2.04,2.05,693200,0,0,27,2018,8
2018-08-28,2.05,2.13,2.05,2.11,445200,0,0,28,2018,8
2018-08-29,2.1,2.25,2.05,2.24,459600,0,0,29,2018,8
2018-08-30,2.29,2.41,2.24,2.4,792000,0,0,30,2018,8
2018-08-31,2.38,2.5,2.32,2.49,911300,0,0,31,2018,8
2018-09-04,2.48,2.48,2.4,2.44,897100,0,0,04,2018,9
2018-09-05,2.41,2.42,2.32,2.32,580400,0,0,05,2018,9
2018-09-06,2.33,2.34,2.12,2.15,853800,0,0,06,2018,9
2018-09-07,2.14,2.26,2.09,2.25,1099800,0,0,07,2018,9
2018-09-10,2.24,2.26,2.18,2.24,564200,0,0,10,2018,9
2018-09-11,2.23,2.33,2.16,2.3,710600,0,0,11,2018,9
2018-09-12,2.31,2.31,2.2,2.22,597600,0,0,12,2018,9
2018-09-13,2.22,2.24,2.09,2.14,843000,0,0,13,2018,9
2018-09-14,2.12,2.18,2.1,2.16,577700,0,0,14,2018,9
2018-09-17,2.15,2.15,2.08,2.08,402300,0,0,17,2018,9
2018-09-18,2.09,2.16,2.08,2.15,399100,0,0,18,2018,9
2018-09-19,2.15,2.4,2.14,2.37,918000,0,0,19,2018,9
2018-09-20,2.38,2.46,2.27,2.45,795900,0,0,20,2018,9
2018-09-21,2.45,2.63,2.44,2.57,2606800,0,0,21,2018,9
2018-09-24,2.57,2.59,2.35,2.4,962800,0,0,24,2018,9
2018-09-25,2.4,2.43,2.32,2.4,528700,0,0,25,2018,9
2018-09-26,2.45,2.6,2.38,2.44,1066000,0,0,26,2018,9
2018-09-27,2.44,2.47,2.36,2.39,522900,0,0,27,2018,9
2018-09-28,2.37,2.47,2.36,2.4,341200,0,0,28,2018,9
2018-10-01,2.43,2.54,2.39,2.5,769700,0,0,01,2018,10
2018-10-02,2.48,2.54,2.4,2.4,638400,0,0,02,2018,10
2018-10-03,2.41,2.46,2.37,2.44,389700,0,0,03,2018,10
2018-10-04,2.43,2.46,2.33,2.35,569600,0,0,04,2018,10
2018-10-05,2.35,2.37,2.26,2.27,535100,0,0,05,2018,10
2018-10-08,2.25,2.34,2.22,2.27,471900,0,0,08,2018,10
2018-10-09,2.24,2.38,2.24,2.28,643300,0,0,09,2018,10
2018-10-10,2.25,2.36,2.13,2.16,1017700,0,0,10,2018,10
2018-10-11,2.13,2.27,2.09,2.18,656200,0,0,11,2018,10
2018-10-12,2.23,2.23,2.14,2.21,423500,0,0,12,2018,10
2018-10-15,2.22,2.24,2.16,2.2,487400,0,0,15,2018,10
2018-10-16,2.21,2.29,2.18,2.27,227800,0,0,16,2018,10
2018-10-17,2.27,2.27,2.16,2.19,533800,0,0,17,2018,10
2018-10-18,2.18,2.19,2.08,2.1,713600,0,0,18,2018,10
2018-10-19,2.09,2.14,1.94,1.98,1069900,0,0,19,2018,10
2018-10-22,1.98,2.01,1.89,1.97,681300,0,0,22,2018,10
2018-10-23,1.92,1.95,1.83,1.87,1005500,0,0,23,2018,10
2018-10-24,1.87,1.92,1.78,1.81,1081000,0,0,24,2018,10
2018-10-25,1.85,1.88,1.8,1.84,521800,0,0,25,2018,10
2018-10-26,1.8,1.86,1.7,1.83,829100,0,0,26,2018,10
2018-10-29,1.85,1.9,1.74,1.8,609900,0,0,29,2018,10
2018-10-30,1.78,1.88,1.74,1.88,370300,0,0,30,2018,10
2018-10-31,1.91,1.91,1.74,1.81,965300,0,0,31,2018,10
2018-11-01,1.81,1.95,1.81,1.92,694300,0,0,01,2018,11
2018-11-02,1.91,1.97,1.86,1.95,464300,0,0,02,2018,11
2018-11-05,1.95,1.97,1.85,1.91,879500,0,0,05,2018,11
2018-11-06,1.89,1.93,1.85,1.87,412600,0,0,06,2018,11
2018-11-07,1.97,2.5,1.96,2.43,2058700,0,0,07,2018,11
2018-11-08,2.13,2.13,1.78,1.82,3547900,0,0,08,2018,11
2018-11-09,1.83,1.87,1.61,1.76,2440100,0,0,09,2018,11
2018-11-12,1.77,1.79,1.71,1.74,1849000,0,0,12,2018,11
2018-11-13,1.74,1.75,1.51,1.51,10854900,0,0,13,2018,11
2018-11-14,1.54,1.72,1.53,1.65,1951300,0,0,14,2018,11
2018-11-15,1.69,1.71,1.65,1.69,678100,0,0,15,2018,11
2018-11-16,1.71,1.71,1.6,1.66,563100,0,0,16,2018,11
2018-11-19,1.67,1.7,1.55,1.58,637700,0,0,19,2018,11
2018-11-20,1.56,1.59,1.44,1.49,812800,0,0,20,2018,11
2018-11-21,1.5,1.56,1.49,1.52,472100,0,0,21,2018,11
2018-11-23,1.47,1.52,1.42,1.43,376200,0,0,23,2018,11
2018-11-26,1.46,1.5,1.39,1.43,451500,0,0,26,2018,11
2018-11-27,1.41,1.44,1.36,1.38,618600,0,0,27,2018,11
2018-11-28,1.39,1.45,1.32,1.42,609600,0,0,28,2018,11
2018-11-29,1.43,1.47,1.39,1.41,325500,0,0,29,2018,11
2018-11-30,1.4,1.41,1.34,1.39,720400,0,0,30,2018,11
2018-12-03,1.43,1.46,1.33,1.35,783300,0,0,03,2018,12
2018-12-04,1.35,1.4,1.31,1.32,867600,0,0,04,2018,12
2018-12-06,1.28,1.4,1.24,1.36,2222700,0,0,06,2018,12
2018-12-07,1.4,1.46,1.34,1.34,1308600,0,0,07,2018,12
2018-12-10,1.35,1.39,1.2,1.22,928100,0,0,10,2018,12
2018-12-11,1.26,1.3,1.19,1.24,1302600,0,0,11,2018,12
2018-12-12,1.23,1.32,1.23,1.27,1245500,0,0,12,2018,12
2018-12-13,1.28,1.29,1.21,1.24,696100,0,0,13,2018,12
2018-12-14,1.22,1.23,1.15,1.15,1713400,0,0,14,2018,12
2018-12-17,1.14,1.19,1.14,1.16,1208100,0,0,17,2018,12
2018-12-18,1.13,1.17,1.11,1.15,946100,0,0,18,2018,12
2018-12-19,1.14,1.23,1.13,1.16,932200,0,0,19,2018,12
2018-12-20,1.14,1.18,1.1,1.16,882300,0,0,20,2018,12
2018-12-21,1.12,1.17,1.05,1.07,755200,0,0,21,2018,12
2018-12-24,1.04,1.1,0.95,1.01,673600,0,0,24,2018,12
2018-12-26,1.03,1.23,1.02,1.18,981300,0,0,26,2018,12
2018-12-27,1.18,1.2,1.08,1.12,815100,0,0,27,2018,12
2018-12-28,1.11,1.13,1.03,1.06,866900,0,0,28,2018,12
2018-12-31,1.08,1.12,1.02,1.09,593100,0,0,31,2018,12
2019-01-02,1.07,1.13,1.05,1.05,345300,0,0,02,2019,1
2019-01-03,1.04,1.09,1.04,1.06,479100,0,0,03,2019,1
2019-01-04,1.08,1.23,1.08,1.13,1071600,0,0,04,2019,1
2019-01-07,1.17,1.34,1.16,1.33,837000,0,0,07,2019,1
2019-01-08,1.34,1.52,1.33,1.41,1458900,0,0,08,2019,1
2019-01-09,1.44,1.46,1.38,1.43,903100,0,0,09,2019,1
2019-01-10,1.41,1.43,1.36,1.41,335300,0,0,10,2019,1
2019-01-11,2.86,2.9,2.52,2.76,22412600,0,0,11,2019,1
2019-01-14,2.69,2.8,2.53,2.54,3966200,0,0,14,2019,1
2019-01-15,2.55,2.56,2.35,2.44,2022700,0,0,15,2019,1
2019-01-16,2.44,2.51,2.42,2.45,850100,0,0,16,2019,1
2019-01-17,2.4,2.56,2.37,2.5,993200,0,0,17,2019,1
2019-01-18,2.51,2.53,2.48,2.5,793500,0,0,18,2019,1
2019-01-22,2.46,2.51,2.46,2.49,737900,0,0,22,2019,1
2019-01-23,2.49,2.51,2.44,2.49,835700,0,0,23,2019,1
2019-01-24,2.5,2.66,2.48,2.48,1592200,0,0,24,2019,1
2019-01-25,2.55,2.58,2.46,2.53,799600,0,0,25,2019,1
2019-01-28,2.5,2.57,2.48,2.49,666100,0,0,28,2019,1
2019-01-29,2.51,2.58,2.49,2.53,571800,0,0,29,2019,1
2019-01-30,2.55,2.57,2.48,2.51,557300,0,0,30,2019,1
2019-01-31,2.5,2.63,2.47,2.56,1179800,0,0,31,2019,1
2019-02-01,2.57,2.67,2.57,2.63,526200,0,0,01,2019,2
2019-02-04,2.63,2.7,2.61,2.65,537600,0,0,04,2019,2
2019-02-05,2.65,2.76,2.65,2.74,717700,0,0,05,2019,2
2019-02-06,2.69,2.76,2.68,2.72,575900,0,0,06,2019,2
2019-02-07,2.69,2.74,2.61,2.64,691800,0,0,07,2019,2
2019-02-08,2.63,2.67,2.54,2.62,576100,0,0,08,2019,2
2019-02-11,2.58,2.67,2.54,2.64,504300,0,0,11,2019,2
2019-02-12,2.62,2.89,2.62,2.87,1241300,0,0,12,2019,2
2019-02-13,2.89,2.95,2.81,2.85,838300,0,0,13,2019,2
2019-02-14,2.86,2.92,2.82,2.83,1372000,0,0,14,2019,2
2019-02-15,2.88,3.03,2.82,2.98,811400,0,0,15,2019,2
2019-02-19,2.98,3.14,2.98,3.06,631500,0,0,19,2019,2
2019-02-20,3.08,3.15,3.0,3.07,598800,0,0,20,2019,2
2019-02-21,3.04,3.1,2.99,3.06,514000,0,0,21,2019,2
2019-02-22,3.06,3.11,3.0,3.07,684100,0,0,22,2019,2
2019-02-25,3.13,3.23,3.09,3.15,662500,0,0,25,2019,2
2019-02-26,3.14,3.18,3.11,3.12,342600,0,0,26,2019,2
2019-02-27,3.12,3.18,3.05,3.12,771900,0,0,27,2019,2
2019-02-28,3.13,3.25,3.08,3.2,798000,0,0,28,2019,2
2019-03-01,3.23,3.46,3.21,3.44,1203500,0,0,01,2019,3
2019-03-04,3.47,3.48,3.2,3.22,1065900,0,0,04,2019,3
2019-03-05,3.22,3.23,3.13,3.17,457500,0,0,05,2019,3
2019-03-06,3.22,3.22,2.99,3.02,843800,0,0,06,2019,3
2019-03-07,2.9,3.26,2.62,3.12,1467500,0,0,07,2019,3
2019-03-08,3.02,3.09,2.93,3.03,439600,0,0,08,2019,3
2019-03-11,3.04,3.11,2.98,3.02,503900,0,0,11,2019,3
2019-03-12,3.05,3.09,3.02,3.02,375400,0,0,12,2019,3
2019-03-13,3.04,3.13,3.03,3.1,788700,0,0,13,2019,3
2019-03-14,3.1,3.15,3.08,3.13,588400,0,0,14,2019,3
2019-03-15,3.13,3.23,3.12,3.23,666600,0,0,15,2019,3
2019-03-18,3.23,3.36,3.23,3.35,451600,0,0,18,2019,3
2019-03-19,3.37,3.42,3.24,3.28,404000,0,0,19,2019,3
2019-03-20,3.28,3.38,3.24,3.33,468000,0,0,20,2019,3
2019-03-21,3.31,3.35,3.22,3.24,483800,0,0,21,2019,3
2019-03-22,3.2,3.21,3.08,3.15,456900,0,0,22,2019,3
2019-03-25,3.11,3.18,3.05,3.15,347900,0,0,25,2019,3
2019-03-26,3.17,3.23,3.09,3.11,241700,0,0,26,2019,3
2019-03-27,3.1,3.23,3.07,3.17,298500,0,0,27,2019,3
2019-03-28,3.17,3.25,3.13,3.25,159900,0,0,28,2019,3
2019-03-29,3.28,3.33,3.11,3.24,539900,0,0,29,2019,3
2019-04-01,3.24,3.34,3.19,3.3,251400,0,0,01,2019,4
2019-04-02,3.29,3.36,3.27,3.32,204400,0,0,02,2019,4
2019-04-03,3.36,3.38,3.26,3.29,217700,0,0,03,2019,4
2019-04-04,3.28,3.36,3.23,3.33,194400,0,0,04,2019,4
2019-04-05,3.36,3.47,3.3,3.32,568500,0,0,05,2019,4
2019-04-08,3.3,3.35,3.26,3.31,293800,0,0,08,2019,4
2019-04-09,3.29,3.31,3.25,3.26,208900,0,0,09,2019,4
2019-04-10,3.28,3.31,3.12,3.19,490900,0,0,10,2019,4
2019-04-11,3.19,3.22,3.11,3.15,355900,0,0,11,2019,4
2019-04-12,3.12,3.21,3.1,3.15,281500,0,0,12,2019,4
2019-04-15,3.16,3.2,3.11,3.18,321500,0,0,15,2019,4
2019-04-16,3.2,3.34,3.17,3.27,356900,0,0,16,2019,4
2019-04-17,3.3,3.32,3.27,3.3,163200,0,0,17,2019,4
2019-04-18,3.28,3.43,3.28,3.31,293600,0,0,18,2019,4
2019-04-22,3.32,3.46,3.28,3.45,313000,0,0,22,2019,4
2019-04-23,3.44,3.64,3.41,3.6,729800,0,0,23,2019,4
2019-04-24,3.6,3.65,3.51,3.55,478200,0,0,24,2019,4
2019-04-25,3.51,3.51,3.27,3.33,523000,0,0,25,2019,4
2019-04-26,3.33,3.33,3.26,3.3,252100,0,0,26,2019,4
2019-04-29,3.3,3.53,3.3,3.5,356100,0,0,29,2019,4
2019-04-30,3.52,3.57,3.42,3.57,635600,0,0,30,2019,4
2019-05-01,3.62,3.68,3.51,3.54,928000,0,0,01,2019,5
2019-05-02,3.56,3.56,3.39,3.48,613800,0,0,02,2019,5
2019-05-03,3.52,3.64,3.48,3.53,563900,0,0,03,2019,5
2019-05-06,3.5,3.52,3.43,3.49,271800,0,0,06,2019,5
2019-05-07,3.39,3.45,3.34,3.42,509400,0,0,07,2019,5
2019-05-08,3.42,3.47,3.39,3.44,311500,0,0,08,2019,5
2019-05-09,3.36,3.54,3.3,3.33,747800,0,0,09,2019,5
2019-05-10,3.35,3.39,3.24,3.32,805200,0,0,10,2019,5
2019-05-13,3.24,3.43,3.24,3.38,882800,0,0,13,2019,5
2019-05-14,3.39,3.65,3.38,3.5,831500,0,0,14,2019,5
2019-05-15,3.44,3.56,3.41,3.42,315200,0,0,15,2019,5
2019-05-16,3.44,3.52,3.36,3.4,434100,0,0,16,2019,5
2019-05-17,3.36,3.41,3.31,3.32,321000,0,0,17,2019,5
2019-05-20,3.29,3.33,3.21,3.31,246000,0,0,20,2019,5
2019-05-21,3.34,3.4,3.28,3.31,131100,0,0,21,2019,5
2019-05-22,3.28,3.31,3.22,3.22,176300,0,0,22,2019,5
2019-05-23,3.19,3.2,3.0,3.03,429300,0,0,23,2019,5
2019-05-24,3.06,3.13,3.02,3.04,253000,0,0,24,2019,5
2019-05-28,3.1,3.34,3.04,3.09,595500,0,0,28,2019,5
2019-05-29,3.04,3.06,3.01,3.05,365600,0,0,29,2019,5
2019-05-30,3.05,3.13,3.04,3.08,226400,0,0,30,2019,5
2019-05-31,3.03,3.09,3.03,3.04,291700,0,0,31,2019,5
2019-06-03,3.06,3.29,3.05,3.25,517400,0,0,03,2019,6
2019-06-04,3.34,3.56,3.33,3.46,1003600,0,0,04,2019,6
2019-06-05,3.46,3.5,3.37,3.4,523400,0,0,05,2019,6
2019-06-06,3.39,3.47,3.34,3.46,421800,0,0,06,2019,6
2019-06-07,3.49,3.65,3.41,3.59,841400,0,0,07,2019,6
2019-06-10,3.63,3.81,3.6,3.63,855500,0,0,10,2019,6
2019-06-11,3.67,3.78,3.64,3.77,403700,0,0,11,2019,6
2019-06-12,3.75,3.86,3.73,3.86,459400,0,0,12,2019,6
2019-06-13,3.88,4.01,3.72,3.74,483900,0,0,13,2019,6
2019-06-14,3.73,3.77,3.64,3.65,296900,0,0,14,2019,6
2019-06-17,3.71,3.78,3.66,3.75,213800,0,0,17,2019,6
2019-06-18,3.76,3.82,3.64,3.65,196900,0,0,18,2019,6
2019-06-19,3.63,3.71,3.56,3.68,226600,0,0,19,2019,6
2019-06-20,3.74,3.76,3.62,3.66,236400,0,0,20,2019,6
2019-06-21,3.63,3.7,3.43,3.46,503800,0,0,21,2019,6
2019-06-24,3.42,3.5,3.36,3.39,302000,0,0,24,2019,6
2019-06-25,3.39,3.45,3.13,3.16,490700,0,0,25,2019,6
2019-06-26,3.16,3.26,3.14,3.17,663100,0,0,26,2019,6
2019-06-27,3.16,3.24,3.13,3.19,400600,0,0,27,2019,6
2019-06-28,3.19,3.35,3.19,3.31,668800,0,0,28,2019,6
2019-07-01,3.35,3.41,3.24,3.34,471700,0,0,01,2019,7
2019-07-02,3.31,3.33,3.17,3.2,424400,0,0,02,2019,7
2019-07-03,3.23,3.35,3.18,3.29,187800,0,0,03,2019,7
2019-07-05,3.26,3.27,3.18,3.18,235100,0,0,05,2019,7
2019-07-08,3.15,3.21,3.1,3.15,367400,0,0,08,2019,7
2019-07-09,3.13,3.14,3.09,3.1,181400,0,0,09,2019,7
2019-07-10,3.14,3.21,3.13,3.15,237800,0,0,10,2019,7
2019-07-11,3.14,3.22,3.09,3.2,389000,0,0,11,2019,7
2019-07-12,3.2,3.3,3.18,3.21,202900,0,0,12,2019,7
2019-07-15,3.22,3.23,3.05,3.06,500500,0,0,15,2019,7
2019-07-16,3.06,3.12,3.02,3.03,1171300,0,0,16,2019,7
2019-07-17,3.03,3.05,2.84,2.87,448900,0,0,17,2019,7
2019-07-18,2.87,3.01,2.81,2.96,365400,0,0,18,2019,7
2019-07-19,2.95,2.98,2.91,2.97,236000,0,0,19,2019,7
2019-07-22,2.96,3.03,2.92,2.97,516400,0,0,22,2019,7
2019-07-23,2.95,2.99,2.91,2.92,288000,0,0,23,2019,7
2019-07-24,2.88,2.97,2.88,2.97,485200,0,0,24,2019,7
2019-07-25,2.96,3.01,2.89,3.01,403700,0,0,25,2019,7
2019-07-26,3.01,3.17,3.01,3.17,508800,0,0,26,2019,7
2019-07-29,3.18,3.18,3.05,3.13,468600,0,0,29,2019,7
2019-07-30,3.09,3.24,3.07,3.17,512400,0,0,30,2019,7
2019-07-31,3.16,3.25,3.06,3.07,546500,0,0,31,2019,7
2019-08-01,3.05,3.18,2.95,2.97,588300,0,0,01,2019,8
2019-08-02,2.97,3.01,2.91,2.96,333500,0,0,02,2019,8
2019-08-05,2.89,2.9,2.8,2.87,311200,0,0,05,2019,8
2019-08-06,2.87,2.9,2.8,2.88,233900,0,0,06,2019,8
2019-08-07,2.81,2.94,2.78,2.91,262300,0,0,07,2019,8
2019-08-08,2.67,2.71,1.97,2.06,2203700,0,0,08,2019,8
2019-08-09,2.08,2.11,1.98,1.99,600500,0,0,09,2019,8
2019-08-12,1.96,1.99,1.86,1.94,574000,0,0,12,2019,8
2019-08-13,1.94,2.11,1.93,2.04,391900,0,0,13,2019,8
2019-08-14,2.04,2.04,1.9,1.93,560800,0,0,14,2019,8
2019-08-15,1.9,1.98,1.88,1.93,405000,0,0,15,2019,8
2019-08-16,1.94,2.05,1.94,2.03,512900,0,0,16,2019,8
2019-08-19,2.03,2.15,1.88,2.14,308900,0,0,19,2019,8
2019-08-20,2.12,2.14,2.03,2.06,230000,0,0,20,2019,8
2019-08-21,2.09,2.13,2.08,2.12,713600,0,0,21,2019,8
2019-08-22,2.13,2.18,2.0,2.03,307900,0,0,22,2019,8
2019-08-23,2.0,2.05,1.96,2.0,284700,0,0,23,2019,8
2019-08-26,2.0,2.06,1.99,2.03,349000,0,0,26,2019,8
2019-08-27,2.03,2.04,1.94,1.99,566800,0,0,27,2019,8
2019-08-28,1.98,2.11,1.98,2.1,316600,0,0,28,2019,8
2019-08-29,2.14,2.25,2.11,2.22,372600,0,0,29,2019,8
2019-08-30,2.23,2.23,2.07,2.09,254400,0,0,30,2019,8
2019-09-03,2.06,2.09,1.97,2.0,377000,0,0,03,2019,9
2019-09-04,2.0,2.09,2.0,2.08,133100,0,0,04,2019,9
2019-09-05,2.14,2.16,2.05,2.11,319000,0,0,05,2019,9
2019-09-06,2.11,2.14,2.07,2.13,210500,0,0,06,2019,9
2019-09-09,2.16,2.31,2.15,2.26,683100,0,0,09,2019,9
2019-09-10,2.22,2.34,2.21,2.33,487900,0,0,10,2019,9
2019-09-11,2.36,2.46,2.29,2.45,651000,0,0,11,2019,9
2019-09-12,2.45,2.53,2.37,2.49,910200,0,0,12,2019,9
2019-09-13,2.58,2.61,2.47,2.47,470800,0,0,13,2019,9
2019-09-16,2.55,2.64,2.51,2.58,602700,0,0,16,2019,9
2019-09-17,2.63,2.63,2.44,2.45,419400,0,0,17,2019,9
2019-09-18,2.44,2.45,2.24,2.25,463400,0,0,18,2019,9
2019-09-19,2.25,2.34,2.19,2.22,452000,0,0,19,2019,9
2019-09-20,2.24,2.31,2.19,2.2,421100,0,0,20,2019,9
2019-09-23,2.18,2.26,2.15,2.21,407200,0,0,23,2019,9
2019-09-24,2.2,2.23,2.06,2.07,347200,0,0,24,2019,9
2019-09-25,2.05,2.19,2.03,2.16,294900,0,0,25,2019,9
2019-09-26,2.14,2.14,2.07,2.11,181700,0,0,26,2019,9
2019-09-27,2.1,2.21,2.1,2.2,360300,0,0,27,2019,9
2019-09-30,2.19,2.27,2.13,2.2,375300,0,0,30,2019,9
2019-10-01,2.22,2.32,2.1,2.13,283700,0,0,01,2019,10
2019-10-02,2.12,2.15,2.05,2.12,274700,0,0,02,2019,10
2019-10-03,2.1,2.15,1.99,2.09,492400,0,0,03,2019,10
2019-10-04,2.09,2.11,2.01,2.09,261000,0,0,04,2019,10
2019-10-07,2.09,2.1,2.02,2.07,201800,0,0,07,2019,10
2019-10-08,2.03,2.05,1.97,2.01,244700,0,0,08,2019,10
2019-10-09,2.0,2.04,1.89,1.96,590700,0,0,09,2019,10
2019-10-10,1.95,2.0,1.94,1.98,211600,0,0,10,2019,10
2019-10-11,2.03,2.1,2.02,2.09,154800,0,0,11,2019,10
2019-10-14,2.08,2.09,2.02,2.08,133700,0,0,14,2019,10
2019-10-15,2.11,2.11,1.89,1.97,757000,0,0,15,2019,10
2019-10-16,1.96,2.03,1.92,1.92,231600,0,0,16,2019,10
2019-10-17,1.92,1.94,1.83,1.91,582700,0,0,17,2019,10
2019-10-18,1.9,1.96,1.85,1.86,677600,0,0,18,2019,10
2019-10-21,1.89,2.02,1.86,1.98,241400,0,0,21,2019,10
2019-10-22,1.97,2.03,1.91,2.02,252300,0,0,22,2019,10
2019-10-23,2.0,2.19,2.0,2.16,287700,0,0,23,2019,10
2019-10-24,2.16,2.16,2.06,2.1,192600,0,0,24,2019,10
2019-10-25,2.09,2.17,2.04,2.13,123700,0,0,25,2019,10
2019-10-28,2.16,2.21,2.01,2.02,443300,0,0,28,2019,10
2019-10-29,1.99,2.08,1.97,2.03,209700,0,0,29,2019,10
2019-10-30,2.03,2.04,1.89,1.95,585400,0,0,30,2019,10
2019-10-31,1.95,1.96,1.87,1.91,261500,0,0,31,2019,10
2019-11-01,1.92,2.08,1.92,2.05,220400,0,0,01,2019,11
2019-11-04,2.07,2.17,2.07,2.14,162600,0,0,04,2019,11
2019-11-05,2.19,2.23,2.13,2.16,232300,0,0,05,2019,11
2019-11-06,2.17,2.17,2.05,2.06,141900,0,0,06,2019,11
2019-11-07,2.1,2.13,1.99,2.01,260600,0,0,07,2019,11
2019-11-08,2.01,2.03,1.95,1.97,434400,0,0,08,2019,11
2019-11-11,1.95,1.96,1.85,1.85,809200,0,0,11,2019,11
2019-11-12,1.8,2.06,1.71,1.91,945500,0,0,12,2019,11
2019-11-13,1.95,1.95,1.8,1.83,316300,0,0,13,2019,11
2019-11-14,1.81,1.87,1.81,1.84,188400,0,0,14,2019,11
2019-11-15,1.85,1.91,1.81,1.89,283000,0,0,15,2019,11
2019-11-18,1.86,1.88,1.69,1.73,424800,0,0,18,2019,11
2019-11-19,1.74,1.74,1.62,1.66,232900,0,0,19,2019,11
2019-11-20,1.65,1.72,1.64,1.64,302000,0,0,20,2019,11
2019-11-21,1.63,1.69,1.59,1.61,304700,0,0,21,2019,11
2019-11-22,1.65,1.71,1.63,1.66,229300,0,0,22,2019,11
2019-11-25,1.7,1.83,1.67,1.81,266200,0,0,25,2019,11
2019-11-26,1.79,1.83,1.77,1.81,348800,0,0,26,2019,11
2019-11-27,1.81,1.82,1.76,1.8,155200,0,0,27,2019,11
2019-11-29,1.8,1.8,1.73,1.77,90600,0,0,29,2019,11
2019-12-02,1.8,1.82,1.65,1.66,217700,0,0,02,2019,12
2019-12-03,1.65,1.68,1.61,1.64,291800,0,0,03,2019,12
2019-12-04,1.67,1.76,1.65,1.7,388100,0,0,04,2019,12
2019-12-05,1.71,1.74,1.69,1.71,319700,0,0,05,2019,12
2019-12-06,1.75,1.87,1.73,1.85,701600,0,0,06,2019,12
2019-12-09,1.83,1.87,1.83,1.83,142800,0,0,09,2019,12
2019-12-10,1.81,1.81,1.74,1.75,393700,0,0,10,2019,12
2019-12-11,1.76,1.77,1.67,1.71,305600,0,0,11,2019,12
2019-12-12,1.74,1.81,1.72,1.79,743700,0,0,12,2019,12
2019-12-13,1.82,1.84,1.73,1.79,406700,0,0,13,2019,12
2019-12-16,1.81,1.91,1.78,1.88,518100,0,0,16,2019,12
2019-12-17,1.85,1.92,1.81,1.91,572900,0,0,17,2019,12
2019-12-18,1.91,1.98,1.9,1.95,462300,0,0,18,2019,12
2019-12-19,1.92,2.02,1.92,1.99,558500,0,0,19,2019,12
2019-12-20,2.0,2.0,1.9,1.93,351700,0,0,20,2019,12
2019-12-23,1.95,2.13,1.92,2.06,616000,0,0,23,2019,12
2019-12-24,2.04,2.08,2.03,2.08,114700,0,0,24,2019,12
2019-12-26,2.08,2.09,2.01,2.05,229100,0,0,26,2019,12
2019-12-27,2.04,2.11,2.02,2.03,301000,0,0,27,2019,12
2019-12-30,2.03,2.13,1.98,2.01,600200,0,0,30,2019,12
2019-12-31,1.98,2.03,1.87,2.0,939500,0,0,31,2019,12
2020-01-02,2.04,2.04,1.96,2.01,173100,0,0,02,2020,1
2020-01-03,1.98,2.13,1.98,2.08,467800,0,0,03,2020,1
2020-01-06,2.08,2.11,1.84,1.86,706400,0,0,06,2020,1
2020-01-07,1.88,1.95,1.86,1.89,221200,0,0,07,2020,1
2020-01-08,1.84,1.89,1.75,1.76,574900,0,0,08,2020,1
2020-01-09,1.8,1.8,1.66,1.69,540600,0,0,09,2020,1
2020-01-10,1.7,1.76,1.63,1.72,575300,0,0,10,2020,1
2020-01-13,1.76,1.78,1.68,1.68,420700,0,0,13,2020,1
2020-01-14,1.68,1.81,1.68,1.76,365400,0,0,14,2020,1
2020-01-15,1.76,1.82,1.73,1.81,341300,0,0,15,2020,1
2020-01-16,1.82,1.87,1.8,1.85,227700,0,0,16,2020,1
2020-01-17,1.87,1.88,1.8,1.82,214800,0,0,17,2020,1
2020-01-21,1.82,1.82,1.76,1.77,288200,0,0,21,2020,1
2020-01-22,1.77,1.78,1.7,1.72,287000,0,0,22,2020,1
2020-01-23,1.71,1.72,1.65,1.69,360400,0,0,23,2020,1
2020-01-24,1.69,1.71,1.61,1.64,346900,0,0,24,2020,1
2020-01-27,1.61,1.65,1.55,1.62,551000,0,0,27,2020,1
2020-01-28,1.62,1.73,1.62,1.72,517700,0,0,28,2020,1
2020-01-29,1.73,1.78,1.63,1.67,296900,0,0,29,2020,1
2020-01-30,1.63,1.69,1.63,1.68,289700,0,0,30,2020,1
2020-01-31,1.67,1.72,1.65,1.7,383800,0,0,31,2020,1
2020-02-03,1.71,1.72,1.65,1.7,484700,0,0,03,2020,2
2020-02-04,1.73,1.77,1.71,1.76,224900,0,0,04,2020,2
2020-02-05,1.79,1.91,1.77,1.89,662300,0,0,05,2020,2
2020-02-06,1.89,1.89,1.84,1.87,289000,0,0,06,2020,2
2020-02-07,1.84,1.9,1.78,1.88,422400,0,0,07,2020,2
2020-02-10,1.86,1.87,1.79,1.82,433400,0,0,10,2020,2
2020-02-11,1.85,1.91,1.82,1.87,346100,0,0,11,2020,2
2020-02-12,1.9,1.97,1.88,1.9,692400,0,0,12,2020,2
2020-02-13,1.88,1.91,1.83,1.84,307000,0,0,13,2020,2
2020-02-14,1.84,1.86,1.81,1.84,123600,0,0,14,2020,2
2020-02-18,1.79,1.83,1.77,1.81,497600,0,0,18,2020,2
2020-02-19,1.81,1.85,1.76,1.82,300600,0,0,19,2020,2
2020-02-20,1.8,1.89,1.8,1.86,223000,0,0,20,2020,2
2020-02-21,1.85,1.85,1.76,1.77,231100,0,0,21,2020,2
2020-02-24,1.73,1.77,1.68,1.76,448500,0,0,24,2020,2
2020-02-25,1.76,1.76,1.62,1.64,604700,0,0,25,2020,2
2020-02-26,1.64,1.71,1.62,1.67,677200,0,0,26,2020,2
2020-02-27,1.61,1.66,1.56,1.57,822600,0,0,27,2020,2
2020-02-28,1.55,1.6,1.52,1.58,530700,0,0,28,2020,2
2020-03-02,1.59,1.62,1.51,1.54,785800,0,0,02,2020,3
2020-03-03,1.53,1.58,1.45,1.47,926700,0,0,03,2020,3
2020-03-04,1.49,1.49,1.37,1.4,719300,0,0,04,2020,3
2020-03-05,1.38,1.4,1.25,1.28,1089800,0,0,05,2020,3
2020-03-06,1.28,1.54,1.27,1.31,910400,0,0,06,2020,3
2020-03-09,1.02,1.1,0.99,1.0,906300,0,0,09,2020,3
2020-03-10,1.08,1.11,0.98,1.07,672100,0,0,10,2020,3
2020-03-11,1.02,1.13,0.9,0.99,1659700,0,0,11,2020,3
2020-03-12,0.92,0.99,0.84,0.86,1211200,0,0,12,2020,3
