Date,Open,High,Low,Close,Volume,Dividends,Stock Splits
2012-03-28,17.0,17.72,16.18,16.45,2354400,0,0
2012-03-29,16.35,16.9,16.35,16.77,100400,0,0
2012-03-30,16.85,17.23,16.65,16.8,110900,0,0
2012-04-02,16.8,17.94,16.79,17.21,72000,0,0
2012-04-03,17.41,17.67,16.71,16.85,22900,0,0
2012-04-04,16.65,16.65,16.35,16.41,96400,0,0
2012-04-05,16.19,16.51,16.01,16.05,224400,0,0
2012-04-09,16.25,16.25,15.5,15.75,56500,0,0
2012-04-10,15.82,15.87,15.17,15.45,29200,0,0
2012-04-11,15.63,15.8,15.52,15.68,15400,0,0
2012-04-12,15.58,16.3,15.53,15.9,11300,0,0
2012-04-13,15.9,16.2,15.83,16.01,31300,0,0
2012-04-16,16.04,16.07,15.53,15.78,71300,0,0
2012-04-17,15.83,15.83,15.6,15.61,11200,0,0
2012-04-18,15.67,15.86,15.25,15.47,101000,0,0
2012-04-19,15.6,16.15,15.25,15.46,112800,0,0
2012-04-20,15.35,16.37,15.0,15.77,119500,0,0
2012-04-23,15.59,16.09,15.21,16.0,40000,0,0
2012-04-24,16.04,16.13,15.79,15.8,5200,0,0
2012-04-25,16.0,16.1,15.56,15.9,25600,0,0
2012-04-26,16.3,16.3,15.68,15.82,38200,0,0
2012-04-27,15.99,16.74,15.73,16.35,42000,0,0
2012-04-30,16.37,17.23,15.92,16.91,22800,0,0
2012-05-01,16.78,17.62,16.41,17.05,66000,0,0
2012-05-02,16.13,17.48,16.13,17.05,73000,0,0
2012-05-03,17.18,17.52,16.47,16.81,38000,0,0
2012-05-04,16.46,16.98,16.09,16.57,15300,0,0
2012-05-07,16.68,17.01,16.3,16.55,21600,0,0
2012-05-08,16.61,16.61,16.35,16.42,13100,0,0
2012-05-09,15.45,16.5,15.45,16.33,10300,0,0
2012-05-10,16.31,16.39,16.15,16.35,15000,0,0
2012-05-11,16.19,16.25,15.92,16.23,18600,0,0
2012-05-14,16.15,16.26,15.44,15.9,65000,0,0
2012-05-15,16.0,16.19,15.8,16.05,27600,0,0
2012-05-16,15.99,16.05,15.4,15.65,80000,0,0
2012-05-17,15.58,15.59,14.46,14.73,52700,0,0
2012-05-18,15.0,15.0,14.21,14.46,30000,0,0
2012-05-21,14.42,15.02,14.27,14.97,5900,0,0
2012-05-22,14.94,15.27,14.47,14.47,15600,0,0
2012-05-23,14.47,14.82,14.44,14.71,11700,0,0
2012-05-24,14.76,14.76,14.5,14.76,12700,0,0
2012-05-25,14.72,14.9,14.5,14.9,17800,0,0
2012-05-29,14.87,15.01,14.5,14.62,57100,0,0
2012-05-30,14.51,14.67,14.03,14.26,22800,0,0
2012-05-31,14.26,14.75,14.18,14.75,14800,0,0
2012-06-01,14.55,14.85,13.94,14.5,43100,0,0
2012-06-04,14.49,14.49,14.04,14.2,24700,0,0
2012-06-05,14.16,14.16,13.81,14.03,4800,0,0
2012-06-06,14.05,14.05,13.16,13.92,17200,0,0
2012-06-07,14.1,14.1,13.05,13.66,14600,0,0
2012-06-08,13.49,13.84,12.84,13.67,38700,0,0
2012-06-11,13.93,13.93,12.96,13.06,25200,0,0
2012-06-12,13.24,13.92,13.06,13.58,35800,0,0
2012-06-13,13.54,13.69,13.19,13.5,21500,0,0
2012-06-14,13.5,14.4,13.5,13.71,36700,0,0
2012-06-15,13.69,14.2,13.67,13.67,36700,0,0
2012-06-18,13.71,14.24,13.56,13.75,18300,0,0
2012-06-19,13.9,14.39,13.7,14.29,34300,0,0
2012-06-20,14.6,15.75,14.6,15.3,60300,0,0
2012-06-21,15.12,15.45,14.88,15.36,55800,0,0
2012-06-22,15.33,15.66,14.82,15.35,538400,0,0
2012-06-25,15.17,16.81,15.0,16.38,58700,0,0
2012-06-26,16.25,16.67,15.77,16.3,40600,0,0
2012-06-27,16.48,17.15,15.26,15.88,36800,0,0
2012-06-28,15.71,16.26,15.62,16.25,9100,0,0
2012-06-29,16.28,16.67,15.79,16.45,29700,0,0
2012-07-02,16.41,16.44,15.66,16.0,38400,0,0
2012-07-03,15.94,16.02,15.54,15.95,12300,0,0
2012-07-05,15.83,16.56,15.73,15.99,49700,0,0
2012-07-06,15.89,16.02,15.53,15.75,7000,0,0
2012-07-09,15.68,16.79,15.34,16.09,63200,0,0
2012-07-10,16.89,17.32,15.96,16.09,83800,0,0
2012-07-11,16.23,16.23,15.48,15.98,19800,0,0
2012-07-12,15.88,15.89,14.96,15.54,30100,0,0
2012-07-13,15.7,16.82,15.32,16.54,8900,0,0
2012-07-16,16.54,16.54,15.76,16.12,4200,0,0
2012-07-17,16.09,16.47,15.34,16.19,114500,0,0
2012-07-18,16.17,16.39,15.83,16.29,5300,0,0
2012-07-19,16.31,16.31,15.35,15.74,81300,0,0
2012-07-20,15.62,15.62,14.85,15.04,65700,0,0
2012-07-23,14.83,15.14,14.83,15.02,5400,0,0
2012-07-24,15.01,15.03,14.8,14.81,7400,0,0
2012-07-25,14.98,15.21,14.82,15.07,12000,0,0
2012-07-26,15.33,16.02,14.84,15.5,32300,0,0
2012-07-27,15.62,15.86,15.54,15.85,5500,0,0
2012-07-30,15.84,16.47,15.09,15.27,21400,0,0
2012-07-31,15.05,15.17,15.01,15.09,7900,0,0
2012-08-01,15.02,15.83,15.02,15.06,23800,0,0
2012-08-02,15.06,17.09,15.06,16.21,39600,0,0
2012-08-03,16.45,17.18,16.45,16.85,53600,0,0
2012-08-06,16.76,16.87,16.29,16.34,10700,0,0
2012-08-07,16.66,17.0,15.33,15.65,31300,0,0
2012-08-08,15.54,16.66,15.5,16.41,20100,0,0
2012-08-09,16.26,17.0,16.23,16.99,50400,0,0
2012-08-10,16.75,16.8,16.37,16.51,24000,0,0
2012-08-13,16.62,16.64,15.78,16.1,7000,0,0
2012-08-14,16.19,16.19,15.66,15.95,5500,0,0
2012-08-15,16.0,16.82,16.0,16.63,9700,0,0
2012-08-16,16.74,16.83,16.31,16.71,9100,0,0
2012-08-17,16.56,17.01,16.2,17.0,10300,0,0
2012-08-20,17.14,17.14,16.85,17.02,5600,0,0
2012-08-21,16.91,16.91,16.09,16.26,7800,0,0
2012-08-22,16.36,16.63,16.07,16.54,6100,0,0
2012-08-23,16.58,16.78,16.06,16.31,31800,0,0
2012-08-24,16.3,16.81,16.1,16.55,1400,0,0
2012-08-27,16.45,16.54,15.95,16.05,22300,0,0
2012-08-28,16.11,16.33,15.71,15.99,43600,0,0
2012-08-29,16.07,16.46,15.99,16.45,6000,0,0
2012-08-30,16.32,16.75,16.32,16.67,1500,0,0
2012-08-31,16.86,17.08,16.77,16.79,20600,0,0
2012-09-04,16.73,17.03,16.47,16.88,8600,0,0
2012-09-05,16.71,16.95,16.71,16.81,8800,0,0
2012-09-06,16.8,17.53,16.8,17.49,105900,0,0
2012-09-07,17.53,17.93,17.5,17.79,4100,0,0
2012-09-10,17.84,18.15,17.76,17.79,7000,0,0
2012-09-11,17.87,17.87,16.64,17.62,19300,0,0
2012-09-12,17.54,17.54,17.19,17.44,4700,0,0
2012-09-13,17.49,17.91,17.47,17.75,30100,0,0
2012-09-14,17.72,17.9,17.53,17.71,43000,0,0
2012-09-17,17.71,17.71,17.56,17.59,26000,0,0
2012-09-18,17.6,17.6,17.55,17.57,10000,0,0
2012-09-19,17.58,18.01,17.46,17.68,20300,0,0
2012-09-20,17.7,17.7,17.4,17.51,11400,0,0
2012-09-21,17.73,17.79,17.5,17.62,34100,0,0
2012-09-24,17.53,17.6,17.4,17.5,17000,0,0
2012-09-25,17.51,17.51,17.22,17.25,17500,0,0
2012-09-26,17.61,17.61,17.24,17.47,11800,0,0
2012-09-27,17.52,17.52,16.82,17.27,33700,0,0
2012-09-28,17.25,17.63,16.75,17.25,49300,0,0
2012-10-01,17.14,17.49,17.14,17.33,14300,0,0
2012-10-02,17.43,17.63,17.24,17.24,18600,0,0
2012-10-03,17.33,17.48,17.25,17.3,13400,0,0
2012-10-04,17.39,17.5,17.19,17.5,7500,0,0
2012-10-05,17.57,17.73,17.01,17.04,26500,0,0
2012-10-08,17.11,17.44,17.11,17.2,1200,0,0
2012-10-09,17.22,17.23,17.16,17.2,9900,0,0
2012-10-10,17.16,17.16,16.93,16.95,9800,0,0
2012-10-11,17.04,17.84,17.04,17.48,8900,0,0
2012-10-12,17.56,18.1,17.56,17.93,5200,0,0
2012-10-15,17.91,18.11,17.34,18.0,23700,0,0
2012-10-16,17.97,18.27,17.76,18.18,12100,0,0
2012-10-17,18.14,18.15,17.9,18.03,9600,0,0
2012-10-18,17.95,18.19,17.53,18.12,6900,0,0
2012-10-19,17.96,18.05,17.46,17.89,38800,0,0
2012-10-22,17.74,17.74,17.66,17.69,4100,0,0
2012-10-23,17.67,17.79,17.51,17.51,3600,0,0
2012-10-24,17.48,17.73,17.3,17.71,15100,0,0
2012-10-25,17.9,17.9,17.39,17.6,7800,0,0
2012-10-26,17.51,17.51,17.13,17.45,13600,0,0
2012-10-31,17.37,17.74,17.22,17.48,11300,0,0
2012-11-01,17.5,17.5,16.59,17.15,38300,0,0
2012-11-02,17.13,17.25,16.87,17.03,9400,0,0
2012-11-05,16.98,17.47,16.85,17.42,22300,0,0
2012-11-06,17.4,17.43,17.11,17.25,10300,0,0
2012-11-07,17.03,17.36,16.98,16.98,37300,0,0
2012-11-08,17.02,17.5,16.99,17.01,33800,0,0
2012-11-09,16.9,17.39,16.9,17.06,5500,0,0
2012-11-12,17.16,17.43,17.09,17.23,2000,0,0
2012-11-13,17.26,17.4,16.96,17.14,4800,0,0
2012-11-14,17.23,17.27,16.59,16.61,5500,0,0
2012-11-15,16.53,17.5,16.51,16.92,25300,0,0
2012-11-16,16.83,17.21,16.74,16.88,21900,0,0
2012-11-19,17.0,17.2,16.77,17.0,58000,0,0
2012-11-20,16.92,17.15,16.81,16.96,62100,0,0
2012-11-21,16.99,17.14,16.5,17.14,28300,0,0
2012-11-23,17.15,17.86,17.14,17.61,16900,0,0
2012-11-26,17.38,17.9,17.35,17.75,14800,0,0
2012-11-27,14.7,17.46,14.7,16.8,92000,0,0
2012-11-28,16.79,17.56,16.62,17.5,16600,0,0
2012-11-29,17.55,17.69,17.34,17.55,46300,0,0
2012-11-30,17.6,17.6,17.12,17.5,339600,0,0
2012-12-03,17.55,17.6,17.1,17.48,20800,0,0
2012-12-04,17.51,17.79,17.21,17.79,22400,0,0
2012-12-05,17.8,17.8,17.11,17.3,10300,0,0
2012-12-06,17.39,17.5,17.02,17.05,6700,0,0
2012-12-07,17.23,17.44,16.9,17.14,6000,0,0
2012-12-10,17.2,17.37,16.99,17.0,18900,0,0
2012-12-11,17.12,17.38,16.38,16.51,24800,0,0
2012-12-12,16.59,16.88,16.48,16.78,41300,0,0
2012-12-13,16.8,16.85,16.73,16.74,14700,0,0
2012-12-14,16.64,16.79,16.64,16.74,3100,0,0
2012-12-17,16.85,16.85,16.52,16.62,8600,0,0
2012-12-18,16.54,16.69,16.18,16.55,7500,0,0
2012-12-19,16.35,16.35,15.73,15.82,20500,0,0
2012-12-20,15.98,16.25,15.87,16.25,19900,0,0
2012-12-21,16.0,16.23,15.9,16.0,123200,0,0
2012-12-24,16.0,16.09,15.96,16.0,12700,0,0
2012-12-26,16.0,16.09,15.96,16.03,15200,0,0
2012-12-27,16.09,16.13,15.93,16.1,12600,0,0
2012-12-28,16.0,16.08,15.98,16.05,15600,0,0
2012-12-31,16.05,16.6,16.05,16.55,29100,0,0
2013-01-02,16.75,16.75,16.54,16.73,17200,0,0
2013-01-03,16.85,17.38,16.85,17.05,13800,0,0
2013-01-04,17.23,17.5,17.23,17.41,10500,0,0
2013-01-07,17.28,17.49,17.28,17.41,2300,0,0
2013-01-08,17.35,17.4,17.35,17.35,3100,0,0
2013-01-09,17.45,17.45,16.79,17.06,21100,0,0
2013-01-10,17.0,17.3,16.8,17.02,19100,0,0
2013-01-11,17.06,17.1,16.68,16.69,11800,0,0
2013-01-14,16.76,16.76,16.41,16.61,23500,0,0
2013-01-15,16.52,16.68,16.43,16.55,9400,0,0
2013-01-16,15.75,16.0,15.54,15.61,39400,0,0
2013-01-17,15.7,16.14,15.7,16.13,25300,0,0
2013-01-18,16.08,16.09,15.87,15.87,8900,0,0
2013-01-22,15.92,16.13,15.92,16.13,13000,0,0
2013-01-23,16.02,16.45,16.02,16.43,13000,0,0
2013-01-24,16.43,16.54,16.08,16.12,29600,0,0
2013-01-25,16.27,16.55,16.22,16.45,12900,0,0
2013-01-28,16.37,16.77,16.37,16.7,7300,0,0
2013-01-29,16.6,16.81,16.4,16.5,18300,0,0
2013-01-30,16.51,16.65,16.51,16.61,3600,0,0
2013-01-31,16.64,17.04,16.64,16.8,25000,0,0
2013-02-01,16.78,16.86,16.6,16.67,22900,0,0
2013-02-04,16.66,16.68,16.43,16.5,45500,0,0
2013-02-05,16.51,16.72,16.43,16.68,41600,0,0
2013-02-06,16.53,17.35,16.31,17.04,13500,0,0
2013-02-07,17.09,17.09,16.2,16.63,59000,0,0
2013-02-08,16.62,16.89,16.62,16.84,3000,0,0
2013-02-11,16.7,16.73,16.38,16.39,17400,0,0
2013-02-12,16.45,17.34,16.43,17.3,25100,0,0
2013-02-13,17.19,17.25,16.98,17.19,8300,0,0
2013-02-14,17.07,17.22,16.98,17.13,6100,0,0
2013-02-15,17.22,17.73,17.19,17.63,80700,0,0
2013-02-19,17.66,17.9,17.36,17.55,17000,0,0
2013-02-20,17.51,17.59,17.37,17.45,49200,0,0
2013-02-21,17.48,17.5,17.25,17.47,14300,0,0
2013-02-22,17.5,17.5,17.29,17.48,54300,0,0
2013-02-25,17.48,17.52,17.38,17.45,35700,0,0
2013-02-26,17.45,17.56,17.3,17.51,48400,0,0
2013-02-27,17.49,17.58,17.42,17.5,68100,0,0
2013-02-28,17.27,18.1,17.27,17.96,7000,0,0
2013-03-01,18.0,18.41,17.79,18.12,43700,0,0
2013-03-04,18.25,19.1,18.07,18.96,84500,0,0
2013-03-05,19.1,19.12,18.81,18.97,27700,0,0
2013-03-06,19.09,19.09,18.68,18.92,13800,0,0
2013-03-07,19.01,19.35,18.85,18.96,16800,0,0
2013-03-08,18.96,18.96,18.76,18.88,16300,0,0
2013-03-11,18.78,18.9,18.24,18.54,41600,0,0
2013-03-12,18.6,18.92,18.48,18.84,47600,0,0
2013-03-13,18.94,18.96,18.69,18.8,12700,0,0
2013-03-14,18.46,18.89,18.18,18.89,75700,0,0
2013-03-15,18.98,19.74,18.76,19.48,208500,0,0
2013-03-18,19.2,19.42,18.9,19.42,26100,0,0
2013-03-19,19.5,19.5,19.4,19.43,10400,0,0
2013-03-20,19.46,20.88,19.44,20.53,33900,0,0
2013-03-21,20.54,20.54,20.01,20.07,26200,0,0
2013-03-22,20.11,20.35,20.05,20.05,38500,0,0
2013-03-25,20.05,20.16,20.0,20.07,7500,0,0
2013-03-26,20.1,20.19,19.96,20.07,35100,0,0
2013-03-27,19.9,20.13,19.85,20.05,39400,0,0
2013-03-28,20.16,20.35,19.95,20.2,71000,0,0
2013-04-01,20.15,20.25,19.23,19.71,77300,0,0
2013-04-02,19.87,20.2,19.87,20.01,46400,0,0
2013-04-03,20.01,20.25,19.91,20.03,30900,0,0
2013-04-04,20.0,20.57,20.0,20.06,12600,0,0
2013-04-05,19.81,20.23,19.71,20.04,8600,0,0
2013-04-08,20.16,20.36,19.85,20.13,10600,0,0
2013-04-09,20.22,20.22,20.0,20.05,3700,0,0
2013-04-10,20.05,20.4,20.05,20.27,10200,0,0
2013-04-11,20.38,20.7,20.01,20.46,24200,0,0
2013-04-12,20.4,20.4,20.05,20.09,5800,0,0
2013-04-15,20.05,20.09,19.93,19.93,61000,0,0
2013-04-16,20.0,20.18,20.0,20.11,7300,0,0
2013-04-17,20.05,20.14,19.92,20.05,12700,0,0
2013-04-18,20.16,20.46,20.08,20.27,10700,0,0
2013-04-19,20.28,20.59,20.18,20.34,9600,0,0
2013-04-22,20.27,20.58,20.25,20.48,31100,0,0
2013-04-23,20.63,21.29,20.52,21.06,5200,0,0
2013-04-24,21.18,21.42,21.09,21.35,5600,0,0
2013-04-25,21.54,22.0,21.51,21.76,5600,0,0
2013-04-26,21.76,22.02,21.62,21.89,34600,0,0
2013-04-29,21.76,21.98,21.39,21.91,49400,0,0
2013-04-30,21.94,21.94,21.19,21.68,15700,0,0
2013-05-01,21.55,22.5,21.55,21.7,59800,0,0
2013-05-02,21.85,22.39,21.5,21.93,21100,0,0
2013-05-03,22.37,24.72,22.37,23.41,41200,0,0
2013-05-06,23.4,23.9,23.2,23.47,23600,0,0
2013-05-07,23.57,23.73,23.27,23.57,11900,0,0
2013-05-08,23.69,24.11,23.55,23.9,345200,0,0
2013-05-09,24.0,24.13,23.71,23.9,23600,0,0
2013-05-10,24.04,24.22,23.99,24.13,17000,0,0
2013-05-13,23.87,24.07,23.65,24.05,49600,0,0
2013-05-14,23.92,24.3,23.78,23.98,15900,0,0
2013-05-15,24.08,24.12,23.78,23.97,12500,0,0
2013-05-16,24.29,24.29,23.38,23.98,20900,0,0
2013-05-17,24.0,24.15,23.59,23.63,10500,0,0
2013-05-20,23.4,23.75,22.96,23.21,28600,0,0
2013-05-21,23.05,23.47,22.86,23.31,12400,0,0
2013-05-22,23.4,23.69,23.4,23.53,25200,0,0
2013-05-23,23.5,23.53,23.2,23.53,9700,0,0
2013-05-24,23.49,23.84,23.32,23.57,3400,0,0
2013-05-28,23.9,24.48,23.9,24.21,96700,0,0
2013-05-29,24.2,24.5,23.99,24.12,7500,0,0
2013-05-30,24.08,24.29,23.88,23.95,16000,0,0
2013-05-31,23.94,23.99,23.44,23.6,52800,0,0
2013-06-03,23.49,23.72,23.29,23.63,30200,0,0
2013-06-04,23.73,23.93,23.22,23.82,50700,0,0
2013-06-05,23.71,23.81,23.17,23.4,33500,0,0
2013-06-06,23.55,23.98,23.36,23.81,32200,0,0
2013-06-07,23.9,24.29,23.85,24.25,85500,0,0
2013-06-10,24.53,25.49,24.29,24.82,44300,0,0
2013-06-11,24.7,25.0,22.86,24.38,65500,0,0
2013-06-12,24.61,24.66,23.78,24.59,89100,0,0
2013-06-13,24.41,25.81,24.38,25.66,11500,0,0
2013-06-14,25.5,25.51,25.13,25.45,6200,0,0
2013-06-17,25.61,25.83,25.33,25.71,11500,0,0
2013-06-18,25.85,25.99,25.27,25.86,18400,0,0
2013-06-19,25.56,25.71,25.18,25.49,9100,0,0
2013-06-20,25.25,25.25,24.57,24.66,10500,0,0
2013-06-21,24.84,24.85,24.53,24.79,23900,0,0
2013-06-24,24.43,25.01,24.03,24.98,33800,0,0
2013-06-25,25.12,25.43,24.81,25.37,16100,0,0
2013-06-26,25.63,25.91,24.57,24.83,9700,0,0
2013-06-27,24.69,24.76,24.4,24.69,9500,0,0
2013-06-28,24.57,25.0,24.53,25.0,124200,0,0
2013-07-01,25.15,25.49,24.83,25.1,195600,0,0
2013-07-02,25.0,25.4,24.91,25.16,15400,0,0
2013-07-03,25.19,25.2,24.97,25.08,7400,0,0
2013-07-05,25.44,25.95,24.58,25.95,67600,0,0
2013-07-08,26.0,26.7,25.95,26.36,122700,0,0
2013-07-09,26.56,26.56,25.69,26.1,28900,0,0
2013-07-10,26.02,26.33,25.81,26.15,28500,0,0
2013-07-11,26.53,26.99,26.28,26.97,21000,0,0
2013-07-12,27.0,27.0,26.41,26.78,22800,0,0
2013-07-15,26.84,27.09,26.53,26.8,41600,0,0
2013-07-16,26.8,26.9,26.47,26.76,28600,0,0
2013-07-17,26.88,26.89,26.55,26.72,10000,0,0
2013-07-18,26.87,27.0,26.56,26.75,19200,0,0
2013-07-19,26.75,27.0,26.32,26.5,138300,0,0
2013-07-22,26.97,26.97,26.41,26.59,19400,0,0
2013-07-23,26.59,26.82,26.0,26.53,28100,0,0
2013-07-24,26.35,26.82,26.01,26.6,8800,0,0
2013-07-25,26.51,26.99,26.51,26.99,23700,0,0
2013-07-26,26.82,27.44,26.68,27.06,35900,0,0
2013-07-29,27.06,27.77,26.55,27.52,13800,0,0
2013-07-30,27.47,28.68,27.11,28.26,47200,0,0
2013-07-31,28.43,31.32,28.43,30.91,63300,0,0
2013-08-01,30.91,31.88,30.55,31.85,117300,0,0
2013-08-02,31.81,31.81,31.11,31.45,61200,0,0
2013-08-05,31.39,31.39,30.8,31.09,31100,0,0
2013-08-06,31.1,31.64,30.77,31.2,64900,0,0
2013-08-07,30.59,31.42,30.18,30.8,53600,0,0
2013-08-08,31.0,31.28,30.7,30.98,24000,0,0
2013-08-09,30.75,30.96,30.16,30.16,22600,0,0
2013-08-12,29.76,30.0,28.78,29.7,36000,0,0
2013-08-13,29.69,31.03,29.6,30.09,19300,0,0
2013-08-14,29.79,29.92,29.21,29.28,10000,0,0
2013-08-15,29.19,29.22,26.73,27.88,92100,0,0
2013-08-16,27.6,28.51,26.61,28.4,76000,0,0
2013-08-19,27.34,28.23,27.34,27.84,24900,0,0
2013-08-20,27.94,28.48,27.55,27.86,26500,0,0
2013-08-21,27.75,28.18,27.5,27.8,11400,0,0
2013-08-22,27.6,28.1,27.6,28.09,3600,0,0
2013-08-23,27.94,28.53,27.56,28.14,14900,0,0
2013-08-26,28.27,28.34,27.62,27.83,16400,0,0
2013-08-27,27.59,28.18,27.59,27.89,56800,0,0
2013-08-28,27.79,27.99,27.45,27.78,27300,0,0
2013-08-29,27.75,27.98,27.36,27.85,11300,0,0
2013-08-30,27.77,27.98,27.46,27.48,14200,0,0
2013-09-03,27.86,27.86,26.66,27.35,13200,0,0
2013-09-04,26.8,27.4,26.75,27.1,11700,0,0
2013-09-05,26.8,27.3,26.6,26.8,16100,0,0
2013-09-06,27.01,27.35,25.8,27.33,38700,0,0
2013-09-09,27.34,28.49,26.8,28.39,55500,0,0
2013-09-10,28.42,29.07,27.75,28.98,42200,0,0
2013-09-11,29.03,30.24,28.4,30.02,39000,0,0
2013-09-12,29.7,31.3,29.56,30.59,35000,0,0
2013-09-13,30.57,31.24,30.29,31.0,62200,0,0
2013-09-16,29.97,30.08,28.48,28.9,126700,0,0
2013-09-17,28.24,28.88,27.05,28.02,77000,0,0
2013-09-18,28.04,28.17,27.47,27.91,37400,0,0
2013-09-19,27.76,28.59,27.49,28.57,45400,0,0
2013-09-20,28.5,29.0,27.66,28.35,1364100,0,0
2013-09-23,28.9,29.92,28.49,29.7,386000,0,0
2013-09-24,29.83,30.24,29.53,29.99,128500,0,0
2013-09-25,30.11,31.1,29.16,31.02,126200,0,0
2013-09-26,31.2,32.68,30.89,31.94,207300,0,0
2013-09-27,31.94,32.74,31.59,31.67,241200,0,0
2013-09-30,31.6,31.84,30.32,31.8,133800,0,0
2013-10-01,31.92,32.7,31.83,32.5,193100,0,0
2013-10-02,32.41,32.67,31.55,31.77,129300,0,0
2013-10-03,31.81,32.4,31.56,31.93,49200,0,0
2013-10-04,32.08,32.09,31.63,31.92,60400,0,0
2013-10-07,31.73,31.98,31.08,31.75,56300,0,0
2013-10-08,31.75,31.79,31.07,31.5,158700,0,0
2013-10-09,31.58,31.81,30.65,31.66,103000,0,0
2013-10-10,32.05,32.78,31.77,31.95,170400,0,0
2013-10-11,31.93,32.17,31.26,31.84,87500,0,0
2013-10-14,31.84,32.77,31.63,32.25,95700,0,0
2013-10-15,32.26,33.3,32.26,32.73,106100,0,0
2013-10-16,32.75,33.1,32.36,32.91,159300,0,0
2013-10-17,32.81,33.51,31.97,33.4,102300,0,0
2013-10-18,33.54,34.28,33.15,33.74,110200,0,0
2013-10-21,33.72,34.49,32.99,33.21,123800,0,0
2013-10-22,33.43,34.65,32.83,33.88,99300,0,0
2013-10-23,33.73,34.34,33.59,33.9,51300,0,0
2013-10-24,33.84,33.99,33.22,33.44,75900,0,0
2013-10-25,33.62,33.64,33.05,33.55,47300,0,0
2013-10-28,33.62,34.15,33.22,33.74,109700,0,0
2013-10-29,33.75,33.81,32.47,33.24,129700,0,0
2013-10-30,33.36,33.55,32.19,32.32,62900,0,0
2013-10-31,32.13,32.32,29.38,32.01,288600,0,0
2013-11-01,31.9,32.65,31.88,32.41,82800,0,0
2013-11-04,32.41,32.77,32.01,32.41,67400,0,0
2013-11-05,32.38,32.63,31.78,32.1,115500,0,0
2013-11-06,32.17,32.44,31.4,32.0,36500,0,0
2013-11-07,32.16,32.16,31.04,31.48,52900,0,0
2013-11-08,31.46,31.79,31.16,31.52,19000,0,0
2013-11-11,31.56,31.61,31.12,31.33,35600,0,0
2013-11-12,31.34,31.6,30.42,30.54,37000,0,0
2013-11-13,30.42,31.5,30.29,31.43,33200,0,0
2013-11-14,31.52,32.16,31.26,32.0,15500,0,0
2013-11-15,31.91,32.92,31.87,32.77,29000,0,0
2013-11-18,32.77,32.97,31.73,32.54,57000,0,0
2013-11-19,32.45,33.98,32.04,33.01,77900,0,0
2013-11-20,33.04,33.04,32.24,32.41,6200,0,0
2013-11-21,32.5,33.03,32.28,32.67,28600,0,0
2013-11-22,32.75,32.75,32.01,32.2,19600,0,0
2013-11-25,32.19,33.16,32.19,32.84,10300,0,0
2013-11-26,32.8,33.29,32.62,32.75,58100,0,0
2013-11-27,32.74,33.64,32.44,33.64,61500,0,0
2013-11-29,33.8,34.36,33.33,33.63,7000,0,0
2013-12-02,33.04,33.67,32.41,32.6,12300,0,0
2013-12-03,31.3,31.32,30.2,30.45,68400,0,0
2013-12-04,30.39,31.88,29.83,31.52,68700,0,0
2013-12-05,32.65,32.74,31.08,32.0,1166800,0,0
2013-12-06,32.15,33.02,31.9,32.98,131800,0,0
2013-12-09,32.9,33.7,32.1,32.72,85200,0,0
2013-12-10,32.74,33.45,32.26,33.01,215400,0,0
2013-12-11,33.01,33.17,32.52,32.73,59500,0,0
2013-12-12,32.74,33.0,32.19,32.58,29500,0,0
2013-12-13,32.57,32.57,32.02,32.32,41300,0,0
2013-12-16,32.34,32.44,32.0,32.08,85100,0,0
2013-12-17,32.2,33.39,32.19,33.07,248300,0,0
2013-12-18,33.04,34.08,33.0,33.9,169700,0,0
2013-12-19,33.76,34.05,33.23,33.7,52100,0,0
2013-12-20,33.71,34.19,33.49,34.06,189500,0,0
2013-12-23,34.07,34.83,33.36,34.23,58800,0,0
2013-12-24,34.16,34.24,33.81,34.0,51700,0,0
2013-12-26,34.07,34.07,33.55,33.95,31100,0,0
2013-12-27,33.89,34.05,33.63,33.99,35100,0,0
2013-12-30,33.88,34.0,33.62,33.97,20500,0,0
2013-12-31,33.96,34.03,33.73,33.93,67600,0,0
2014-01-02,33.94,33.94,32.85,32.94,27700,0,0
2014-01-03,33.14,34.42,32.93,34.3,101900,0,0
2014-01-06,34.44,34.93,33.66,34.08,132400,0,0
2014-01-07,34.07,35.0,34.05,34.95,72600,0,0
2014-01-08,35.0,35.71,34.4,35.48,145600,0,0
2014-01-09,35.51,35.94,35.1,35.84,74000,0,0
2014-01-10,35.79,36.23,35.61,35.93,186200,0,0
2014-01-13,35.95,35.95,35.07,35.26,59900,0,0
2014-01-14,35.26,35.68,34.8,35.06,114300,0,0
2014-01-15,34.86,35.0,34.17,34.91,178800,0,0
2014-01-16,34.74,35.01,34.35,34.42,53500,0,0
2014-01-17,34.37,34.92,33.65,34.62,93500,0,0
2014-01-21,34.62,35.44,34.1,34.67,67700,0,0
2014-01-22,34.95,35.7,34.68,35.03,55800,0,0
2014-01-23,34.99,35.41,33.9,34.73,134500,0,0
2014-01-24,34.45,35.0,33.67,33.79,122300,0,0
2014-01-27,33.92,34.26,33.49,33.92,89300,0,0
2014-01-28,34.04,34.4,33.74,34.0,197600,0,0
2014-01-29,33.61,34.11,32.54,32.89,115800,0,0
2014-01-30,32.86,33.91,32.11,33.4,120400,0,0
2014-01-31,32.85,33.41,32.65,33.23,71400,0,0
2014-02-03,33.29,33.48,31.72,32.22,72800,0,0
2014-02-04,32.47,32.5,31.67,32.16,65200,0,0
2014-02-05,32.04,32.4,30.88,31.55,94100,0,0
2014-02-06,31.77,32.68,30.92,32.58,72000,0,0
2014-02-07,32.6,33.76,32.4,33.41,52300,0,0
2014-02-10,33.55,33.55,32.61,33.3,34600,0,0
2014-02-11,33.43,34.17,33.27,33.41,45400,0,0
2014-02-12,33.55,33.85,33.04,33.32,79900,0,0
2014-02-13,32.73,34.13,32.73,33.63,43700,0,0
2014-02-14,33.63,33.63,32.58,33.36,54500,0,0
2014-02-18,33.43,33.94,32.8,33.91,22600,0,0
2014-02-19,33.7,34.55,33.3,33.56,56700,0,0
2014-02-20,33.55,33.55,29.82,31.72,535700,0,0
2014-02-21,31.8,33.14,31.5,32.1,87400,0,0
2014-02-24,32.04,32.44,31.51,31.89,208700,0,0
2014-02-25,31.83,32.52,31.81,31.82,97400,0,0
2014-02-26,31.93,31.93,31.07,31.2,119100,0,0
2014-02-27,31.28,31.52,30.09,30.23,227100,0,0
2014-02-28,30.32,30.61,30.05,30.18,129100,0,0
2014-03-03,30.0,30.18,29.87,30.09,83200,0,0
2014-03-04,30.44,30.44,28.78,28.8,408300,0,0
2014-03-05,28.9,30.58,28.9,30.27,187200,0,0
2014-03-06,30.44,30.61,29.98,30.3,110300,0,0
2014-03-07,30.56,30.63,30.14,30.38,58400,0,0
2014-03-10,30.44,30.66,30.18,30.33,72300,0,0
2014-03-11,30.53,30.82,29.58,29.83,101700,0,0
2014-03-12,29.05,29.92,27.04,28.09,435700,0,0
2014-03-13,28.15,28.15,24.99,25.31,1013500,0,0
2014-03-14,25.31,26.09,23.77,24.45,504500,0,0
2014-03-17,24.78,25.36,24.5,25.07,110300,0,0
2014-03-18,25.25,26.61,25.25,26.32,125600,0,0
2014-03-19,26.32,26.32,25.69,25.9,89400,0,0
2014-03-20,25.96,26.23,24.76,26.0,195300,0,0
2014-03-21,26.24,26.24,25.41,26.15,200800,0,0
2014-03-24,26.01,26.04,25.29,25.79,106600,0,0
2014-03-25,26.0,26.92,25.85,26.78,190800,0,0
2014-03-26,26.95,26.95,25.4,25.86,188800,0,0
2014-03-27,25.9,25.9,24.62,24.85,133900,0,0
2014-03-28,24.95,25.21,24.24,24.56,148000,0,0
2014-03-31,24.69,25.0,24.33,24.66,200300,0,0
2014-04-01,24.77,25.07,23.93,24.15,274300,0,0
2014-04-02,24.27,24.39,23.84,23.89,186800,0,0
2014-04-03,24.0,24.16,23.83,23.99,406200,0,0
2014-04-04,24.19,24.19,23.4,23.45,136100,0,0
2014-04-07,23.4,23.45,22.5,22.74,67400,0,0
2014-04-08,22.75,23.29,22.75,22.92,70500,0,0
2014-04-09,23.06,23.08,22.5,22.61,99700,0,0
2014-04-10,22.67,22.77,21.81,21.95,107800,0,0
2014-04-11,21.76,22.04,21.6,21.81,75000,0,0
2014-04-14,21.88,22.07,21.67,21.95,92700,0,0
2014-04-15,22.08,22.2,21.53,21.78,151000,0,0
2014-04-16,21.99,22.13,21.87,21.98,114600,0,0
2014-04-17,21.98,22.05,21.79,21.95,91500,0,0
2014-04-21,21.93,22.04,21.7,22.0,48700,0,0
2014-04-22,22.0,22.43,21.88,22.38,165300,0,0
2014-04-23,22.4,22.75,22.12,22.46,98500,0,0
2014-04-24,22.57,22.7,21.84,21.93,61000,0,0
2014-04-25,21.91,22.23,21.51,22.03,68100,0,0
2014-04-28,22.08,22.42,21.99,22.31,83100,0,0
2014-04-29,22.44,22.51,21.94,22.1,51800,0,0
2014-04-30,17.0,17.0,14.78,15.34,1279300,0,0
2014-05-01,15.51,15.88,15.05,15.3,465800,0,0
2014-05-02,15.3,15.41,14.78,15.02,316500,0,0
2014-05-05,15.14,15.2,14.75,14.98,231400,0,0
2014-05-06,15.0,15.19,14.54,14.67,196100,0,0
2014-05-07,14.67,14.81,14.11,14.47,306000,0,0
2014-05-08,14.46,14.54,14.16,14.26,161600,0,0
2014-05-09,14.21,14.7,14.16,14.6,267300,0,0
2014-05-12,14.61,15.0,14.61,14.82,159200,0,0
2014-05-13,14.87,15.16,14.64,14.95,167900,0,0
2014-05-14,14.98,14.98,14.54,14.71,379600,0,0
2014-05-15,14.59,14.67,14.35,14.47,114000,0,0
2014-05-16,14.4,14.48,13.93,14.07,139100,0,0
2014-05-19,14.09,14.52,14.03,14.45,94200,0,0
2014-05-20,14.45,14.52,14.07,14.1,91200,0,0
2014-05-21,14.21,14.29,14.09,14.1,44800,0,0
2014-05-22,14.1,14.38,13.99,14.13,100500,0,0
2014-05-23,14.2,14.28,13.93,14.12,89300,0,0
2014-05-27,14.3,14.59,14.14,14.2,136700,0,0
2014-05-28,14.2,14.5,14.11,14.37,178000,0,0
2014-05-29,14.56,14.59,14.12,14.29,208000,0,0
2014-05-30,14.22,14.4,14.15,14.39,116800,0,0
2014-06-02,14.33,14.54,14.19,14.5,137100,0,0
2014-06-03,14.36,14.56,14.35,14.41,99800,0,0
2014-06-04,14.3,14.43,14.1,14.12,76000,0,0
2014-06-05,14.22,14.43,14.12,14.4,123700,0,0
2014-06-06,14.49,14.63,14.32,14.36,89300,0,0
2014-06-09,14.29,14.56,14.2,14.42,98200,0,0
2014-06-10,14.48,14.49,14.18,14.3,110200,0,0
2014-06-11,14.2,14.42,14.1,14.35,170500,0,0
2014-06-12,14.39,14.47,14.28,14.41,101800,0,0
2014-06-13,14.45,14.55,14.26,14.49,236000,0,0
2014-06-16,14.46,15.26,14.45,15.12,307100,0,0
2014-06-17,15.07,15.33,14.85,15.29,377800,0,0
2014-06-18,15.36,15.41,15.06,15.27,139800,0,0
2014-06-19,15.35,15.35,14.9,15.06,128800,0,0
2014-06-20,15.09,15.2,14.98,15.11,172300,0,0
2014-06-23,15.19,15.36,14.99,15.02,98600,0,0
2014-06-24,15.03,15.62,15.01,15.36,142700,0,0
2014-06-25,15.25,15.48,15.08,15.2,103700,0,0
2014-06-26,15.25,15.32,14.88,15.19,102800,0,0
2014-06-27,15.08,15.45,15.06,15.07,608600,0,0
2014-06-30,15.08,15.63,14.99,15.47,160000,0,0
2014-07-01,15.45,16.18,15.45,16.08,127200,0,0
2014-07-02,16.01,17.23,16.01,17.03,280700,0,0
2014-07-03,17.1,17.28,16.57,17.01,162000,0,0
2014-07-07,16.94,16.94,16.01,16.32,190100,0,0
2014-07-08,16.23,16.29,15.33,15.53,230600,0,0
2014-07-09,15.56,15.78,15.25,15.39,124400,0,0
2014-07-10,15.12,15.24,15.02,15.13,204100,0,0
2014-07-11,15.07,15.26,14.75,15.09,269800,0,0
2014-07-14,15.22,15.28,15.04,15.09,92000,0,0
2014-07-15,15.11,15.3,14.87,14.91,124400,0,0
2014-07-16,14.95,15.37,14.91,15.33,137400,0,0
2014-07-17,15.26,15.3,14.93,14.96,96400,0,0
2014-07-18,14.92,15.2,14.77,15.14,162500,0,0
2014-07-21,15.02,15.53,14.85,15.42,108900,0,0
2014-07-22,15.44,15.87,15.39,15.68,156600,0,0
2014-07-23,15.7,16.28,15.7,15.93,124200,0,0
2014-07-24,15.95,16.1,15.59,15.77,86400,0,0
2014-07-25,15.68,15.73,15.32,15.51,84900,0,0
2014-07-28,15.5,15.66,15.33,15.34,79100,0,0
2014-07-29,15.38,15.54,15.25,15.4,88300,0,0
2014-07-30,15.48,16.11,15.39,16.01,175300,0,0
2014-07-31,15.88,16.33,15.5,16.26,565200,0,0
2014-08-01,16.25,16.25,15.58,15.76,442400,0,0
2014-08-04,15.77,16.01,15.71,15.8,167900,0,0
2014-08-05,15.68,16.0,15.67,15.86,135300,0,0
2014-08-06,15.86,16.54,15.86,16.41,188500,0,0
2014-08-07,16.41,16.7,15.99,16.19,95300,0,0
2014-08-08,16.13,16.31,15.98,16.15,76200,0,0
2014-08-11,16.16,16.8,15.95,16.51,175900,0,0
2014-08-12,16.46,16.63,15.96,16.13,142600,0,0
2014-08-13,16.14,16.51,15.98,16.48,131500,0,0
2014-08-14,16.53,17.18,16.28,16.98,197500,0,0
2014-08-15,17.09,17.57,16.65,16.89,142300,0,0
2014-08-18,16.98,17.35,16.94,17.25,109900,0,0
2014-08-19,17.29,17.29,16.91,16.96,89100,0,0
2014-08-20,16.93,17.05,16.71,16.84,65300,0,0
2014-08-21,16.82,17.2,16.56,17.0,51200,0,0
2014-08-22,16.94,17.0,16.57,16.7,77500,0,0
2014-08-25,16.76,16.98,16.67,16.74,44800,0,0
2014-08-26,16.74,17.01,16.7,16.8,74900,0,0
2014-08-27,16.86,16.86,16.48,16.55,128300,0,0
2014-08-28,16.53,16.82,16.47,16.65,44700,0,0
2014-08-29,16.71,17.03,16.51,17.0,62200,0,0
2014-09-02,17.02,17.45,16.95,17.33,97400,0,0
2014-09-03,17.35,17.43,16.96,17.2,243500,0,0
2014-09-04,17.29,17.41,17.25,17.38,106800,0,0
2014-09-05,17.56,18.3,17.53,17.74,140600,0,0
2014-09-08,17.59,17.62,17.22,17.47,85000,0,0
2014-09-09,17.4,17.42,17.03,17.3,97300,0,0
2014-09-10,17.37,17.92,17.32,17.84,87300,0,0
2014-09-11,17.86,18.37,17.83,18.28,108100,0,0
2014-09-12,18.33,19.0,18.31,18.9,203200,0,0
2014-09-15,18.95,19.6,18.95,19.17,276800,0,0
2014-09-16,19.12,19.14,18.45,18.86,331300,0,0
2014-09-17,18.82,19.0,18.4,18.92,130000,0,0
2014-09-18,19.03,19.33,18.77,18.95,139800,0,0
2014-09-19,18.99,19.09,18.38,18.6,147400,0,0
2014-09-22,18.45,18.45,18.08,18.26,70700,0,0
2014-09-23,18.2,18.27,17.75,17.79,93600,0,0
2014-09-24,17.76,18.2,17.68,18.13,88600,0,0
2014-09-25,18.08,18.26,17.54,17.91,100300,0,0
2014-09-26,17.92,18.22,17.75,17.92,120800,0,0
2014-09-29,17.73,17.99,17.66,17.85,77700,0,0
2014-09-30,17.88,18.1,17.61,17.95,87900,0,0
2014-10-01,17.99,18.18,17.61,17.76,110000,0,0
2014-10-02,17.71,18.19,17.66,18.04,90100,0,0
2014-10-03,18.18,18.27,17.73,17.78,39000,0,0
2014-10-06,17.77,18.07,17.55,17.93,60700,0,0
2014-10-07,17.75,18.04,17.43,17.72,80900,0,0
2014-10-08,17.58,18.2,17.31,18.16,158700,0,0
2014-10-09,18.1,18.1,16.93,17.03,173000,0,0
2014-10-10,17.0,17.25,16.77,16.93,131800,0,0
2014-10-13,17.0,17.36,17.0,17.21,95800,0,0
2014-10-14,17.27,17.95,17.27,17.61,108100,0,0
2014-10-15,17.31,18.37,17.21,17.97,114500,0,0
2014-10-16,17.79,18.04,17.55,17.64,115000,0,0
2014-10-17,17.78,17.87,17.39,17.45,97900,0,0
2014-10-20,17.4,17.52,17.11,17.27,88500,0,0
2014-10-21,17.28,17.36,16.94,17.16,135300,0,0
2014-10-22,17.19,17.61,17.19,17.29,42200,0,0
2014-10-23,17.46,17.83,17.41,17.71,77900,0,0
2014-10-24,17.76,17.82,17.27,17.29,40900,0,0
2014-10-27,17.24,17.4,16.83,16.99,121500,0,0
2014-10-28,17.08,17.74,17.0,17.73,125200,0,0
2014-10-29,17.69,18.12,17.66,17.91,72500,0,0
2014-10-30,17.84,18.32,17.84,17.99,105000,0,0
2014-10-31,12.62,13.0,11.16,11.66,2797700,0,0
2014-11-03,11.88,12.1,11.3,11.73,473100,0,0
2014-11-04,11.73,11.81,11.21,11.28,211100,0,0
2014-11-05,11.31,12.79,11.31,12.32,668700,0,0
2014-11-06,12.24,12.68,12.21,12.49,277300,0,0
2014-11-07,12.56,12.56,12.27,12.32,215900,0,0
2014-11-10,12.39,12.49,12.05,12.31,147200,0,0
2014-11-11,12.35,12.35,12.1,12.24,102400,0,0
2014-11-12,12.17,12.36,12.06,12.33,124100,0,0
2014-11-13,12.38,12.45,12.15,12.36,121300,0,0
2014-11-14,12.33,12.77,12.24,12.6,129100,0,0
2014-11-17,12.55,12.73,12.5,12.6,207500,0,0
2014-11-18,12.6,13.15,12.5,12.69,170800,0,0
2014-11-19,12.65,12.71,12.33,12.42,133500,0,0
2014-11-20,12.41,12.77,12.29,12.58,114600,0,0
2014-11-21,12.84,13.26,12.67,13.21,305400,0,0
2014-11-24,13.17,13.47,13.06,13.45,275100,0,0
2014-11-25,13.5,13.63,13.15,13.46,212800,0,0
2014-11-26,13.38,14.05,13.34,14.01,284800,0,0
2014-11-28,13.97,14.0,13.47,13.56,66500,0,0
2014-12-01,14.31,14.31,13.75,13.97,227200,0,0
2014-12-02,13.95,14.1,13.72,13.9,171600,0,0
2014-12-03,13.88,13.98,13.4,13.54,170300,0,0
2014-12-04,13.47,13.48,13.19,13.35,138400,0,0
2014-12-05,13.37,13.74,13.37,13.59,64500,0,0
2014-12-08,13.51,13.53,13.2,13.3,185000,0,0
2014-12-09,13.11,13.41,12.75,13.38,151400,0,0
2014-12-10,13.37,13.6,13.29,13.5,160100,0,0
2014-12-11,13.5,13.65,13.11,13.16,73700,0,0
2014-12-12,13.0,13.13,12.85,13.01,87000,0,0
2014-12-15,13.01,13.34,12.62,13.26,231700,0,0
2014-12-16,13.21,13.86,13.02,13.56,136700,0,0
2014-12-17,13.53,14.69,13.45,14.69,126000,0,0
2014-12-18,15.05,15.91,14.56,15.87,187900,0,0
2014-12-19,15.81,16.0,15.32,15.61,280700,0,0
2014-12-22,15.68,15.76,15.3,15.67,172000,0,0
2014-12-23,15.66,15.97,15.54,15.65,146700,0,0
2014-12-24,15.6,16.1,15.48,16.02,53500,0,0
2014-12-26,16.06,16.13,15.46,15.75,125000,0,0
2014-12-29,15.67,15.86,15.11,15.63,153100,0,0
2014-12-30,15.55,15.86,15.08,15.49,161000,0,0
2014-12-31,15.47,16.11,14.98,15.81,291800,0,0
2015-01-02,15.86,16.26,15.34,15.38,131400,0,0
2015-01-05,15.36,15.54,14.86,15.24,161400,0,0
2015-01-06,15.11,15.42,14.59,14.79,126700,0,0
2015-01-07,14.82,15.09,14.31,14.88,196200,0,0
2015-01-08,15.01,15.77,15.0,15.69,226200,0,0
2015-01-09,15.74,15.83,15.36,15.57,109600,0,0
2015-01-12,15.55,15.55,14.87,15.1,152900,0,0
2015-01-13,15.22,15.35,14.91,15.34,122300,0,0
2015-01-14,15.27,15.94,15.23,15.8,74000,0,0
2015-01-15,15.75,15.77,15.09,15.49,157200,0,0
2015-01-16,15.43,15.93,15.43,15.63,148800,0,0
2015-01-20,15.56,15.7,15.11,15.34,87300,0,0
2015-01-21,15.4,15.79,15.35,15.56,70900,0,0
2015-01-22,15.55,15.88,15.4,15.58,77700,0,0
2015-01-23,15.58,15.75,14.96,15.37,90700,0,0
2015-01-26,15.33,15.33,14.89,14.99,51200,0,0
2015-01-27,14.81,15.31,14.43,15.13,78800,0,0
2015-01-28,15.09,15.31,14.47,14.68,110100,0,0
2015-01-29,14.79,14.95,14.53,14.88,42700,0,0
2015-01-30,14.76,14.97,14.52,14.53,187600,0,0
2015-02-02,14.65,14.73,14.33,14.64,56600,0,0
2015-02-03,14.78,15.52,14.7,15.48,80100,0,0
2015-02-04,15.48,15.53,15.16,15.21,45900,0,0
2015-02-05,15.28,15.74,15.28,15.56,53600,0,0
2015-02-06,15.59,15.73,15.35,15.5,58100,0,0
2015-02-09,15.35,15.35,14.99,15.13,112200,0,0
2015-02-10,15.22,15.49,14.97,15.22,92800,0,0
2015-02-11,15.43,15.45,14.89,14.97,259400,0,0
2015-02-12,15.09,15.15,14.89,14.92,89900,0,0
2015-02-13,14.93,16.27,14.93,15.88,289600,0,0
2015-02-17,15.96,16.37,15.96,16.0,145400,0,0
2015-02-18,15.97,16.44,15.96,16.16,92000,0,0
2015-02-19,16.07,16.56,16.07,16.36,70000,0,0
2015-02-20,16.39,16.5,15.94,16.14,62600,0,0
2015-02-23,16.1,16.32,15.73,16.32,65800,0,0
2015-02-24,16.29,16.5,16.08,16.18,75900,0,0
2015-02-25,16.15,16.28,15.94,16.0,41700,0,0
2015-02-26,15.98,15.99,15.81,15.87,47600,0,0
2015-02-27,15.82,16.14,15.56,15.6,70300,0,0
2015-03-02,15.56,15.72,15.48,15.58,119000,0,0
2015-03-03,15.58,16.21,15.57,15.84,211100,0,0
2015-03-04,15.81,15.93,15.54,15.76,78900,0,0
2015-03-05,15.79,15.87,15.61,15.68,55900,0,0
2015-03-06,15.53,15.93,15.53,15.64,59700,0,0
2015-03-09,15.64,16.36,15.64,16.16,179500,0,0
2015-03-10,15.22,15.26,14.05,14.85,445200,0,0
2015-03-11,14.82,15.11,14.34,15.06,129000,0,0
2015-03-12,15.06,15.64,15.06,15.49,176300,0,0
2015-03-13,14.77,15.69,14.59,15.55,179800,0,0
2015-03-16,15.34,15.43,14.73,15.25,189000,0,0
2015-03-17,15.5,15.91,15.15,15.17,151600,0,0
2015-03-18,15.16,15.36,14.94,15.04,99800,0,0
2015-03-19,15.02,15.38,15.0,15.08,120300,0,0
2015-03-20,15.17,15.85,15.17,15.43,122100,0,0
2015-03-23,15.39,15.82,15.38,15.74,114100,0,0
2015-03-24,15.69,15.85,15.27,15.8,45900,0,0
2015-03-25,15.8,15.8,14.91,14.96,243800,0,0
2015-03-26,14.89,15.51,14.14,14.23,387400,0,0
2015-03-27,14.19,14.82,13.79,14.68,185100,0,0
2015-03-30,14.71,14.79,14.54,14.65,77200,0,0
2015-03-31,14.65,15.0,14.65,14.76,74500,0,0
2015-04-01,14.68,14.86,14.16,14.58,58600,0,0
2015-04-02,14.51,14.75,14.51,14.69,37300,0,0
2015-04-06,14.57,14.67,14.38,14.46,151200,0,0
2015-04-07,14.29,14.49,13.98,14.36,132100,0,0
2015-04-08,14.36,14.45,13.82,13.86,108900,0,0
2015-04-09,13.8,14.1,13.45,14.08,79300,0,0
2015-04-10,14.1,14.25,14.07,14.25,47300,0,0
2015-04-13,14.23,14.5,14.2,14.35,59200,0,0
2015-04-14,14.33,14.5,14.25,14.34,63200,0,0
2015-04-15,14.36,14.79,14.26,14.66,34500,0,0
2015-04-16,14.66,14.72,14.45,14.45,25000,0,0
2015-04-17,14.35,14.54,14.3,14.35,32200,0,0
2015-04-20,14.37,14.75,14.27,14.65,18800,0,0
2015-04-21,14.67,14.67,14.35,14.51,58600,0,0
2015-04-22,14.52,14.75,14.5,14.75,29400,0,0
2015-04-23,14.68,14.9,14.37,14.76,63300,0,0
2015-04-24,14.76,14.76,14.52,14.66,53300,0,0
2015-04-27,14.67,14.67,14.29,14.4,34400,0,0
2015-04-28,14.44,14.79,14.42,14.55,76300,0,0
2015-04-29,15.32,17.03,15.13,16.3,293300,0,0
2015-04-30,16.27,16.43,15.85,16.15,180700,0,0
2015-05-01,16.25,16.98,16.01,16.93,158400,0,0
2015-05-04,17.01,17.03,16.31,16.37,96600,0,0
2015-05-05,16.31,16.48,15.96,16.3,80600,0,0
2015-05-06,16.32,16.64,15.78,16.6,64500,0,0
2015-05-07,16.55,16.9,16.36,16.75,55000,0,0
2015-05-08,16.86,16.86,16.56,16.69,82000,0,0
2015-05-11,16.71,16.87,16.57,16.78,29500,0,0
2015-05-12,16.74,17.03,16.43,17.02,62700,0,0
2015-05-13,17.05,17.18,16.94,17.12,96300,0,0
2015-05-14,17.18,17.74,17.17,17.55,58800,0,0
2015-05-15,17.56,17.56,17.4,17.52,51200,0,0
2015-05-18,17.57,17.93,17.4,17.82,121300,0,0
2015-05-19,17.79,17.86,17.45,17.71,62500,0,0
2015-05-20,17.73,17.85,17.5,17.81,59500,0,0
2015-05-21,17.73,18.24,17.68,18.09,154100,0,0
2015-05-22,18.01,18.14,17.86,18.02,28300,0,0
2015-05-26,17.99,17.99,17.49,17.86,60100,0,0
2015-05-27,17.86,17.9,17.68,17.8,60700,0,0
2015-05-28,17.76,17.76,17.45,17.54,54200,0,0
2015-05-29,17.51,17.66,17.28,17.42,61200,0,0
2015-06-01,17.65,17.75,17.25,17.42,82200,0,0
2015-06-02,17.33,17.79,17.33,17.53,39000,0,0
2015-06-03,17.54,18.18,17.45,18.0,268100,0,0
2015-06-04,17.9,18.03,17.51,17.78,66200,0,0
2015-06-05,17.81,17.94,17.47,17.85,46400,0,0
2015-06-08,17.8,18.23,17.7,18.0,102200,0,0
2015-06-09,17.94,18.16,17.87,18.03,75800,0,0
2015-06-10,18.17,18.2,17.95,18.0,94600,0,0
2015-06-11,17.98,18.12,17.91,18.02,62100,0,0
2015-06-12,17.92,18.1,17.87,18.02,98300,0,0
2015-06-15,17.88,18.39,17.63,18.34,75900,0,0
2015-06-16,18.26,18.5,18.06,18.39,69300,0,0
2015-06-17,18.88,18.88,18.12,18.14,79600,0,0
2015-06-18,18.24,18.35,18.03,18.1,76300,0,0
2015-06-19,18.17,19.1,17.98,18.71,149600,0,0
2015-06-22,18.71,19.18,18.49,19.04,91600,0,0
2015-06-23,19.13,19.2,18.94,19.12,31100,0,0
2015-06-24,19.04,19.24,18.77,19.14,39000,0,0
2015-06-25,18.97,19.07,18.48,18.68,65200,0,0
2015-06-26,18.69,18.85,17.97,18.11,107900,0,0
2015-06-29,18.0,18.2,17.72,17.78,87600,0,0
2015-06-30,17.98,18.01,17.62,17.86,117800,0,0
2015-07-01,18.02,18.39,17.86,18.04,74800,0,0
2015-07-02,18.1,18.1,17.43,17.55,42100,0,0
2015-07-06,17.37,17.61,17.17,17.56,60200,0,0
2015-07-07,17.55,17.62,16.76,17.55,79700,0,0
2015-07-08,17.39,17.84,17.12,17.63,60100,0,0
2015-07-09,17.88,17.88,17.19,17.23,25200,0,0
2015-07-10,17.39,17.47,17.17,17.2,35100,0,0
2015-07-13,17.35,17.8,17.34,17.73,50400,0,0
2015-07-14,17.86,17.86,17.02,17.38,71700,0,0
2015-07-15,17.43,17.48,17.1,17.15,19700,0,0
2015-07-16,17.21,17.48,17.08,17.28,29100,0,0
2015-07-17,17.32,17.32,16.54,16.91,70100,0,0
2015-07-20,16.98,17.13,16.62,17.1,51900,0,0
2015-07-21,17.12,17.74,17.07,17.4,70300,0,0
2015-07-22,17.37,17.77,17.19,17.68,59700,0,0
2015-07-23,17.74,17.74,16.86,17.34,107300,0,0
2015-07-24,18.17,19.93,17.62,19.11,130300,0,0
2015-07-27,19.3,20.0,18.81,19.86,90000,0,0
2015-07-28,20.02,20.27,18.67,19.42,289000,0,0
2015-07-29,19.43,19.48,19.14,19.21,75400,0,0
2015-07-30,19.09,19.31,18.78,19.17,38000,0,0
2015-07-31,19.23,19.49,19.22,19.32,68600,0,0
2015-08-03,19.3,19.98,19.23,19.54,116000,0,0
2015-08-04,19.54,20.07,19.38,19.58,55300,0,0
2015-08-05,19.63,19.84,19.36,19.39,59200,0,0
2015-08-06,18.91,19.66,18.91,19.35,42500,0,0
2015-08-07,19.22,19.48,18.87,19.2,53500,0,0
2015-08-10,19.4,19.99,19.14,19.8,51200,0,0
2015-08-11,19.45,19.51,17.24,17.57,305400,0,0
2015-08-12,17.57,17.79,17.08,17.63,80000,0,0
2015-08-13,17.67,17.7,17.43,17.65,46100,0,0
2015-08-14,17.56,17.96,17.52,17.61,56000,0,0
2015-08-17,17.46,17.59,16.78,16.97,50800,0,0
2015-08-18,17.04,17.04,16.56,16.66,47000,0,0
2015-08-19,16.49,16.49,15.53,15.87,102600,0,0
2015-08-20,15.87,17.15,15.73,15.92,91900,0,0
2015-08-21,15.67,15.83,15.42,15.79,68000,0,0
2015-08-24,15.17,15.33,14.94,14.96,89100,0,0
2015-08-25,15.32,15.32,14.25,14.63,139700,0,0
2015-08-26,14.96,15.37,14.52,15.18,161100,0,0
2015-08-27,15.33,16.16,15.26,16.03,226600,0,0
2015-08-28,16.09,16.99,15.98,16.77,208600,0,0
2015-08-31,16.7,16.84,16.32,16.5,227100,0,0
2015-09-01,16.37,16.5,16.02,16.07,58400,0,0
2015-09-02,16.38,16.91,15.93,16.17,148300,0,0
2015-09-03,16.28,16.54,15.67,15.76,61500,0,0
2015-09-04,15.69,15.78,15.27,15.42,79100,0,0
2015-09-08,15.59,15.76,15.11,15.3,45400,0,0
2015-09-09,15.49,15.76,15.32,15.56,84900,0,0
2015-09-10,15.56,15.82,15.36,15.59,60200,0,0
2015-09-11,15.52,15.7,15.45,15.53,37500,0,0
2015-09-14,15.56,15.77,15.4,15.69,119800,0,0
2015-09-15,15.75,15.79,15.44,15.56,47900,0,0
2015-09-16,15.55,15.7,15.37,15.55,50400,0,0
2015-09-17,15.56,15.92,15.52,15.64,72600,0,0
2015-09-18,15.4,16.03,15.36,15.9,118800,0,0
2015-09-21,16.25,17.46,16.1,16.25,179900,0,0
2015-09-22,16.05,16.47,16.03,16.16,59500,0,0
2015-09-23,16.6,17.2,15.98,15.99,243400,0,0
2015-09-24,15.93,16.23,15.82,15.97,105800,0,0
2015-09-25,16.08,16.24,15.29,15.38,127600,0,0
2015-09-28,15.33,15.46,14.43,14.68,81400,0,0
2015-09-29,14.72,15.38,14.37,15.14,136000,0,0
2015-09-30,15.39,15.62,15.13,15.5,140200,0,0
2015-10-01,15.5,15.8,15.4,15.57,72300,0,0
2015-10-02,15.52,15.52,14.82,15.43,115100,0,0
2015-10-05,15.52,16.04,15.39,15.81,81700,0,0
2015-10-06,15.61,15.86,15.11,15.57,65100,0,0
2015-10-07,15.71,16.11,15.69,16.09,78200,0,0
2015-10-08,16.11,16.31,15.87,16.06,111800,0,0
2015-10-09,16.11,16.4,15.98,16.28,35700,0,0
2015-10-12,16.25,16.3,16.09,16.17,29500,0,0
2015-10-13,16.01,16.14,15.92,15.92,45600,0,0
2015-10-14,15.95,16.1,15.77,15.99,63700,0,0
2015-10-15,16.01,16.51,15.91,16.48,51000,0,0
2015-10-16,16.54,16.54,16.02,16.27,57900,0,0
2015-10-19,16.22,16.37,16.02,16.35,39500,0,0
2015-10-20,16.3,16.55,16.26,16.44,83800,0,0
2015-10-21,16.45,16.56,16.16,16.28,66400,0,0
2015-10-22,16.43,16.61,16.04,16.34,78900,0,0
2015-10-23,16.02,16.42,15.4,16.29,136800,0,0
2015-10-26,16.16,16.59,15.98,16.44,104700,0,0
2015-10-27,16.32,16.58,16.15,16.33,62900,0,0
2015-10-28,16.41,17.03,16.31,16.95,113200,0,0
2015-10-29,16.91,17.19,16.54,16.94,81200,0,0
2015-10-30,16.91,16.91,16.22,16.31,133500,0,0
2015-11-02,16.24,16.77,16.24,16.61,82900,0,0
2015-11-03,16.61,16.84,16.56,16.63,101400,0,0
2015-11-04,16.74,16.99,16.56,16.84,73400,0,0
2015-11-05,16.89,17.11,16.73,17.06,53800,0,0
2015-11-06,17.03,17.62,16.9,17.55,52300,0,0
2015-11-09,17.55,17.62,16.97,17.15,48900,0,0
2015-11-10,17.14,17.27,16.88,17.06,71200,0,0
2015-11-11,17.06,17.21,16.59,16.72,56600,0,0
2015-11-12,16.58,16.76,16.13,16.26,74700,0,0
2015-11-13,16.19,16.26,15.2,15.47,116200,0,0
2015-11-16,15.43,15.61,14.88,15.3,177300,0,0
2015-11-17,15.47,15.81,15.06,15.51,103500,0,0
2015-11-18,15.67,15.67,15.34,15.47,38800,0,0
2015-11-19,15.43,15.43,15.13,15.2,35600,0,0
2015-11-20,15.27,15.55,15.17,15.27,49400,0,0
2015-11-23,15.4,15.4,14.88,15.02,79900,0,0
2015-11-24,14.98,15.16,14.95,15.13,86500,0,0
2015-11-25,15.09,15.66,15.09,15.63,29700,0,0
2015-11-27,15.66,15.81,15.45,15.75,15800,0,0
2015-11-30,15.73,15.89,15.61,15.7,41300,0,0
2015-12-01,15.78,15.82,15.49,15.76,36400,0,0
2015-12-02,15.79,15.9,15.66,15.71,29400,0,0
2015-12-03,15.68,15.8,15.13,15.25,52600,0,0
2015-12-04,15.24,15.6,15.24,15.53,25400,0,0
2015-12-07,15.58,15.63,15.12,15.19,59400,0,0
2015-12-08,15.04,15.33,14.89,14.99,41500,0,0
2015-12-09,15.04,15.14,14.86,14.97,38500,0,0
2015-12-10,14.95,15.12,14.87,14.94,30300,0,0
2015-12-11,14.7,14.82,14.42,14.44,57200,0,0
2015-12-14,14.46,14.62,14.07,14.23,67700,0,0
2015-12-15,14.36,14.66,14.28,14.56,74900,0,0
2015-12-16,14.71,15.04,14.44,14.48,59900,0,0
2015-12-17,14.61,14.93,14.02,14.13,67800,0,0
2015-12-18,14.04,14.16,13.9,13.9,114900,0,0
2015-12-21,13.96,14.13,13.9,14.12,49500,0,0
2015-12-22,14.1,14.36,14.0,14.28,48800,0,0
2015-12-23,14.38,14.73,14.29,14.69,43600,0,0
2015-12-24,14.7,15.53,14.7,15.51,34600,0,0
2015-12-28,15.5,15.66,14.71,15.22,82600,0,0
2015-12-29,15.35,15.61,14.92,15.56,56000,0,0
2015-12-30,15.5,15.6,14.99,15.22,93700,0,0
2015-12-31,15.25,15.69,15.25,15.47,71600,0,0
2016-01-04,15.18,15.18,14.53,14.75,82200,0,0
2016-01-05,14.79,14.79,14.44,14.66,64400,0,0
2016-01-06,14.43,14.72,14.43,14.59,49800,0,0
2016-01-07,14.3,14.43,14.04,14.2,56500,0,0
2016-01-08,14.27,14.28,13.9,13.97,80000,0,0
2016-01-11,14.01,14.09,13.84,14.01,74400,0,0
2016-01-12,14.17,14.32,13.82,14.21,106800,0,0
2016-01-13,14.21,14.24,13.58,13.73,161500,0,0
2016-01-14,13.82,13.9,13.07,13.6,80000,0,0
2016-01-15,13.29,13.69,12.75,13.14,63200,0,0
2016-01-19,13.35,13.35,12.66,12.97,118100,0,0
2016-01-20,12.72,13.44,12.36,13.22,81700,0,0
2016-01-21,13.24,13.74,13.12,13.51,86500,0,0
2016-01-22,13.72,13.94,13.58,13.75,51000,0,0
2016-01-25,13.72,13.73,13.52,13.61,62800,0,0
2016-01-26,13.71,13.84,13.61,13.82,57800,0,0
2016-01-27,13.88,13.94,13.49,13.78,67500,0,0
2016-01-28,13.9,13.9,12.82,13.08,136600,0,0
2016-01-29,12.75,13.48,12.49,13.26,166500,0,0
2016-02-01,12.99,13.1,12.46,13.02,87500,0,0
2016-02-02,12.88,12.88,12.39,12.44,90000,0,0
2016-02-03,12.49,12.49,11.82,11.94,104400,0,0
2016-02-04,11.88,12.37,11.88,12.07,28500,0,0
2016-02-05,12.03,12.19,11.99,12.02,104000,0,0
2016-02-08,11.93,12.11,11.77,12.07,188400,0,0
2016-02-09,12.15,12.85,12.15,12.59,180500,0,0
2016-02-10,12.68,13.15,12.49,12.55,79900,0,0
2016-02-11,12.31,12.78,12.15,12.65,61200,0,0
2016-02-12,12.83,13.52,12.83,12.92,82900,0,0
2016-02-16,13.1,13.61,13.05,13.47,54900,0,0
2016-02-17,13.55,13.85,13.5,13.68,84500,0,0
2016-02-18,13.67,13.84,13.54,13.76,45400,0,0
2016-02-19,13.74,14.01,13.57,13.98,79000,0,0
2016-02-22,14.12,14.23,13.91,13.95,54900,0,0
2016-02-23,13.88,14.09,13.8,13.97,57100,0,0
2016-02-24,13.79,14.56,13.62,14.24,74900,0,0
2016-02-25,14.21,14.46,13.99,14.36,52900,0,0
2016-02-26,14.46,15.25,14.46,15.2,81500,0,0
2016-02-29,15.2,15.47,14.94,15.3,141900,0,0
2016-03-01,15.47,15.96,15.29,15.88,107200,0,0
2016-03-02,15.79,16.17,15.56,16.13,74800,0,0
2016-03-03,16.18,16.36,15.91,16.21,60400,0,0
2016-03-04,16.24,16.87,16.09,16.59,77500,0,0
2016-03-07,16.46,16.86,16.16,16.62,75500,0,0
2016-03-08,16.48,16.61,15.81,15.87,88200,0,0
2016-03-09,16.0,16.19,15.45,15.8,97500,0,0
2016-03-10,15.81,15.99,15.65,15.8,88200,0,0
2016-03-11,15.85,16.1,15.55,16.1,89000,0,0
2016-03-14,16.1,16.58,15.99,16.49,64300,0,0
2016-03-15,16.31,16.5,16.05,16.11,84500,0,0
2016-03-16,16.02,16.53,16.02,16.35,54100,0,0
2016-03-17,16.25,17.1,16.25,16.98,63400,0,0
2016-03-18,17.05,17.31,16.9,17.1,121200,0,0
2016-03-21,17.02,17.18,16.89,16.94,42000,0,0
2016-03-22,16.83,17.13,16.83,16.95,54900,0,0
2016-03-23,16.92,17.1,16.59,16.6,52100,0,0
2016-03-24,16.56,16.86,16.34,16.71,41400,0,0
2016-03-28,16.71,16.96,16.56,16.73,60000,0,0
2016-03-29,16.65,17.28,16.5,17.08,64300,0,0
2016-03-30,17.13,17.23,16.9,17.17,53300,0,0
2016-03-31,17.41,17.46,17.03,17.11,62300,0,0
2016-04-01,17.02,17.02,16.45,16.78,127600,0,0
2016-04-04,16.73,16.76,16.26,16.4,64400,0,0
2016-04-05,16.34,16.81,16.21,16.51,82200,0,0
2016-04-06,16.56,16.7,16.28,16.52,54300,0,0
2016-04-07,16.42,16.77,16.19,16.46,59500,0,0
2016-04-08,16.56,16.88,16.35,16.74,45100,0,0
2016-04-11,16.77,17.22,16.42,16.91,386500,0,0
2016-04-12,16.97,18.16,16.97,17.83,107900,0,0
2016-04-13,17.89,18.41,17.89,18.24,107900,0,0
2016-04-14,18.17,18.34,17.94,18.01,35000,0,0
2016-04-15,17.94,17.99,17.51,17.77,42700,0,0
2016-04-18,17.66,18.2,17.3,18.04,86200,0,0
2016-04-19,18.15,18.24,17.61,17.83,93800,0,0
2016-04-20,17.81,18.34,17.6,18.2,69000,0,0
2016-04-21,18.15,18.28,17.93,18.01,21900,0,0
2016-04-22,18.0,18.12,17.89,17.94,56100,0,0
2016-04-25,17.77,17.82,17.65,17.76,27900,0,0
2016-04-26,17.73,18.22,17.23,17.99,58900,0,0
2016-04-27,17.91,18.81,17.91,18.71,74100,0,0
2016-04-28,18.57,18.7,17.8,17.88,93000,0,0
2016-04-29,16.5,16.79,15.35,16.52,155900,0,0
2016-05-02,16.46,16.66,16.39,16.57,87000,0,0
2016-05-03,16.38,16.75,16.26,16.51,138800,0,0
2016-05-04,16.43,16.47,15.71,15.89,124100,0,0
2016-05-05,15.96,16.09,15.74,15.84,89000,0,0
2016-05-06,15.76,16.35,15.61,15.75,96500,0,0
2016-05-09,15.76,16.04,15.61,15.9,73400,0,0
2016-05-10,15.92,16.75,15.88,16.65,42600,0,0
2016-05-11,16.54,16.61,15.91,16.23,98200,0,0
2016-05-12,16.32,16.64,15.74,15.83,62300,0,0
2016-05-13,15.87,16.23,15.7,15.87,81300,0,0
2016-05-16,15.95,16.14,15.66,15.88,80400,0,0
2016-05-17,15.84,16.43,15.8,15.86,75100,0,0
2016-05-18,15.82,16.26,15.8,16.16,99900,0,0
2016-05-19,16.0,16.6,15.97,16.23,187900,0,0
2016-05-20,16.33,16.39,15.85,16.14,91300,0,0
2016-05-23,16.07,16.62,15.88,16.1,143000,0,0
2016-05-24,15.98,16.83,15.98,16.67,87400,0,0
2016-05-25,16.77,17.13,16.58,16.84,196800,0,0
2016-05-26,17.01,17.01,16.48,16.5,108100,0,0
2016-05-27,16.58,16.98,15.92,16.92,118600,0,0
2016-05-31,17.06,17.15,16.68,17.07,289600,0,0
2016-06-01,17.06,17.6,16.84,17.44,95600,0,0
2016-06-02,17.33,17.49,17.04,17.47,52000,0,0
2016-06-03,17.33,17.36,16.92,17.23,55900,0,0
2016-06-06,17.23,17.67,17.19,17.46,82900,0,0
2016-06-07,17.48,17.95,17.43,17.63,56400,0,0
2016-06-08,17.7,17.7,17.28,17.45,26200,0,0
2016-06-09,17.41,17.41,16.94,16.98,46200,0,0
2016-06-10,16.73,16.9,16.14,16.16,120400,0,0
2016-06-13,16.13,16.61,15.41,15.76,139800,0,0
2016-06-14,15.66,15.77,14.74,14.83,108000,0,0
2016-06-15,14.69,15.08,14.07,14.15,383900,0,0
2016-06-16,14.13,14.54,13.83,14.43,179300,0,0
2016-06-17,14.38,14.68,14.25,14.48,184500,0,0
2016-06-20,14.84,15.42,14.6,15.34,154300,0,0
2016-06-21,15.43,15.47,14.85,14.87,58500,0,0
2016-06-22,14.82,15.1,14.62,14.63,60300,0,0
2016-06-23,14.92,15.01,14.75,14.77,84100,0,0
2016-06-24,14.4,14.53,14.0,14.29,177600,0,0
2016-06-27,14.09,14.09,13.3,13.41,86300,0,0
2016-06-28,13.56,13.78,13.37,13.4,137600,0,0
2016-06-29,13.52,14.7,13.11,14.65,132500,0,0
2016-06-30,14.76,14.76,14.24,14.66,70900,0,0
2016-07-01,14.75,15.11,14.64,15.07,103900,0,0
2016-07-05,14.94,15.13,14.13,14.15,38100,0,0
2016-07-06,14.1,14.62,13.91,14.33,35000,0,0
2016-07-07,14.4,14.87,14.4,14.81,62100,0,0
2016-07-08,15.0,15.79,14.85,15.42,74400,0,0
2016-07-11,15.55,15.88,15.43,15.76,82200,0,0
2016-07-12,15.92,16.56,15.92,16.43,81200,0,0
2016-07-13,16.43,16.61,16.32,16.53,97800,0,0
2016-07-14,16.79,16.89,16.61,16.74,67500,0,0
2016-07-15,16.83,17.46,16.6,17.4,135600,0,0
2016-07-18,17.33,17.58,17.19,17.26,72400,0,0
2016-07-19,17.18,17.47,16.92,17.22,78600,0,0
2016-07-20,17.28,17.28,16.98,16.99,60000,0,0
2016-07-21,16.9,17.35,16.9,16.96,49700,0,0
2016-07-22,17.0,17.4,16.89,16.94,71500,0,0
2016-07-25,16.84,17.34,16.82,17.33,67300,0,0
2016-07-26,17.28,17.31,16.78,16.8,114800,0,0
2016-07-27,17.41,19.58,17.41,18.5,436800,0,0
2016-07-28,18.49,18.93,18.49,18.86,134800,0,0
2016-07-29,18.86,19.04,18.56,18.8,207700,0,0
2016-08-01,19.06,19.06,18.61,18.9,104100,0,0
2016-08-02,18.95,19.27,18.73,19.17,116500,0,0
2016-08-03,19.25,19.69,19.2,19.5,83500,0,0
2016-08-04,19.5,19.83,19.47,19.77,54800,0,0
2016-08-05,19.86,20.03,19.65,19.92,53900,0,0
2016-08-08,19.96,20.15,19.88,19.91,72400,0,0
2016-08-09,19.94,20.02,19.65,19.92,104100,0,0
2016-08-10,20.0,20.0,19.5,19.64,65000,0,0
2016-08-11,19.64,19.76,19.52,19.59,76400,0,0
2016-08-12,19.51,20.01,19.51,19.98,62600,0,0
2016-08-15,19.95,20.03,19.76,19.98,59700,0,0
2016-08-16,19.82,20.03,19.81,20.01,62400,0,0
2016-08-17,20.01,20.14,19.77,20.02,61900,0,0
2016-08-18,20.01,20.15,19.82,20.0,66000,0,0
2016-08-19,19.88,20.05,19.78,19.88,67900,0,0
2016-08-22,19.78,20.49,19.59,20.3,110800,0,0
2016-08-23,20.43,20.94,20.4,20.49,122700,0,0
2016-08-24,20.53,20.85,20.39,20.59,94600,0,0
2016-08-25,20.59,20.86,20.56,20.73,48800,0,0
2016-08-26,20.73,21.2,20.43,20.57,75500,0,0
2016-08-29,20.71,20.86,20.59,20.78,81100,0,0
2016-08-30,20.88,21.33,20.56,21.22,75900,0,0
2016-08-31,21.2,21.81,20.97,21.62,80700,0,0
2016-09-01,21.72,21.83,21.15,21.66,54400,0,0
2016-09-02,21.73,22.04,21.56,21.87,53000,0,0
2016-09-06,21.88,21.96,21.01,21.34,77300,0,0
2016-09-07,21.27,21.69,21.16,21.49,98000,0,0
2016-09-08,21.26,21.46,21.17,21.35,48200,0,0
2016-09-09,21.1,21.3,20.72,21.01,51000,0,0
2016-09-12,20.85,21.23,20.65,21.18,47200,0,0
2016-09-13,20.98,21.39,20.86,20.97,84800,0,0
2016-09-14,20.95,20.99,20.55,20.82,55300,0,0
2016-09-15,20.85,21.23,20.75,21.2,37400,0,0
2016-09-16,21.12,21.24,20.88,21.16,80000,0,0
2016-09-19,21.14,21.62,20.95,21.32,53100,0,0
2016-09-20,21.41,21.91,21.26,21.8,59800,0,0
2016-09-21,21.94,22.07,21.53,21.95,46600,0,0
2016-09-22,21.98,22.2,21.74,22.09,72200,0,0
2016-09-23,21.99,22.44,21.68,22.21,64500,0,0
2016-09-26,22.13,22.13,21.59,21.69,47200,0,0
2016-09-27,21.68,21.85,21.32,21.66,48800,0,0
2016-09-28,21.69,21.92,21.43,21.73,46100,0,0
2016-09-29,21.65,21.67,21.08,21.22,39900,0,0
2016-09-30,21.38,21.88,21.07,21.65,80500,0,0
2016-10-03,21.54,21.93,21.3,21.92,63700,0,0
2016-10-04,21.94,22.35,21.65,21.76,65600,0,0
2016-10-05,21.77,22.17,21.77,21.99,42600,0,0
2016-10-06,22.09,22.17,21.44,21.94,52700,0,0
2016-10-07,21.92,22.0,21.35,21.41,38700,0,0
2016-10-10,21.45,21.9,21.19,21.86,35600,0,0
2016-10-11,21.69,21.69,21.21,21.37,46300,0,0
2016-10-12,21.42,21.64,21.26,21.46,40100,0,0
2016-10-13,21.33,21.38,20.95,21.2,50300,0,0
2016-10-14,21.36,21.43,20.87,21.28,53100,0,0
2016-10-17,21.2,22.0,21.09,21.8,55900,0,0
2016-10-18,22.0,22.11,21.66,21.74,45900,0,0
2016-10-19,21.8,22.43,21.68,22.26,93900,0,0
2016-10-20,22.18,22.39,22.05,22.13,40800,0,0
2016-10-21,21.98,22.24,21.98,22.03,27600,0,0
2016-10-24,22.1,22.3,21.79,22.1,58800,0,0
2016-10-25,21.98,22.19,21.61,21.81,32800,0,0
2016-10-26,21.61,22.17,21.61,22.09,63500,0,0
2016-10-27,22.1,22.13,21.72,21.88,49700,0,0
2016-10-28,22.25,23.1,22.25,22.69,118300,0,0
2016-10-31,22.72,23.08,22.17,22.27,70500,0,0
2016-11-01,22.29,22.34,21.66,21.94,76100,0,0
2016-11-02,21.99,22.07,21.15,21.26,55800,0,0
2016-11-03,21.34,21.44,20.74,21.29,119600,0,0
2016-11-04,21.28,21.58,21.21,21.31,87800,0,0
2016-11-07,21.69,21.76,21.06,21.45,86300,0,0
2016-11-08,21.41,21.41,20.93,21.0,43800,0,0
2016-11-09,20.65,22.83,20.61,22.55,127700,0,0
2016-11-10,22.79,23.36,22.66,22.85,208800,0,0
2016-11-11,22.77,23.96,22.72,23.85,195800,0,0
2016-11-14,23.99,25.1,23.99,24.45,88700,0,0
2016-11-15,24.38,24.85,24.26,24.65,64900,0,0
2016-11-16,24.64,25.33,24.5,24.8,93000,0,0
2016-11-17,24.9,24.95,24.61,24.78,81500,0,0
2016-11-18,24.42,24.42,23.53,24.04,77300,0,0
2016-11-21,23.98,24.49,23.71,24.4,66600,0,0
2016-11-22,24.49,24.5,23.98,24.5,47600,0,0
2016-11-23,24.5,24.96,24.43,24.9,36900,0,0
2016-11-25,24.95,24.95,24.27,24.7,17000,0,0
2016-11-28,24.69,25.15,24.35,24.92,44300,0,0
2016-11-29,25.03,25.2,24.12,24.32,80300,0,0
2016-11-30,24.63,24.89,24.38,24.66,68100,0,0
2016-12-01,24.66,25.13,24.65,25.03,86700,0,0
2016-12-02,24.12,25.65,24.11,25.39,129000,0,0
2016-12-05,25.62,26.23,25.24,25.58,182400,0,0
2016-12-06,25.82,26.22,25.37,25.6,130600,0,0
2016-12-07,25.6,26.02,25.41,25.9,190200,0,0
2016-12-08,26.04,26.79,25.67,25.91,208200,0,0
2016-12-09,25.9,26.39,25.25,26.01,170600,0,0
2016-12-12,26.07,26.23,25.6,25.85,175900,0,0
2016-12-13,26.04,26.04,25.59,25.76,132000,0,0
2016-12-14,25.76,26.17,25.57,25.99,193500,0,0
2016-12-15,26.0,26.85,25.89,26.54,129500,0,0
2016-12-16,26.75,26.93,26.01,26.18,118200,0,0
2016-12-19,26.21,26.46,25.85,26.22,69200,0,0
2016-12-20,26.4,27.04,26.4,26.89,167200,0,0
2016-12-21,26.99,27.0,26.29,26.68,68000,0,0
2016-12-22,26.61,26.7,25.91,26.23,104200,0,0
2016-12-23,26.3,26.55,26.03,26.46,68200,0,0
2016-12-27,26.63,26.77,26.36,26.5,63000,0,0
2016-12-28,26.59,26.98,26.34,26.88,110800,0,0
2016-12-29,26.78,26.81,25.83,26.48,48300,0,0
2016-12-30,26.7,26.83,26.15,26.28,29700,0,0
2017-01-03,26.66,27.0,26.33,26.76,96800,0,0
2017-01-04,27.05,27.56,26.7,27.19,119000,0,0
2017-01-05,27.12,27.12,26.19,26.52,80200,0,0
2017-01-06,26.63,26.78,26.06,26.11,91100,0,0
2017-01-09,26.25,26.46,25.77,25.96,68700,0,0
2017-01-10,26.03,26.27,25.61,25.62,81000,0,0
2017-01-11,25.67,25.71,24.95,25.56,98500,0,0
2017-01-12,25.51,25.51,24.55,24.85,87100,0,0
2017-01-13,24.9,25.38,24.39,24.71,80300,0,0
2017-01-17,24.49,24.75,23.67,23.72,67300,0,0
2017-01-18,23.7,24.68,23.4,24.66,114300,0,0
2017-01-19,24.49,24.63,24.16,24.23,54600,0,0
2017-01-20,24.16,24.88,24.16,24.87,71500,0,0
2017-01-23,24.86,24.96,24.51,24.92,51900,0,0
2017-01-24,25.04,25.35,24.68,25.35,72100,0,0
2017-01-25,25.63,25.63,25.11,25.25,43300,0,0
2017-01-26,25.29,25.35,24.56,24.6,74000,0,0
2017-01-27,24.55,25.11,24.43,24.75,29800,0,0
2017-01-30,24.54,24.88,24.05,24.82,48000,0,0
2017-01-31,24.72,25.07,24.37,25.01,48500,0,0
2017-02-01,25.0,25.37,24.72,24.82,77200,0,0
2017-02-02,24.76,24.97,24.48,24.51,29700,0,0
2017-02-03,24.81,24.94,24.58,24.8,67200,0,0
2017-02-06,24.85,25.0,24.67,24.7,56100,0,0
2017-02-07,24.75,24.8,24.14,24.3,66800,0,0
2017-02-08,23.99,23.99,21.85,22.21,158200,0,0
2017-02-09,22.14,22.41,22.02,22.14,48400,0,0
2017-02-10,22.35,22.42,22.02,22.36,86200,0,0
2017-02-13,22.39,23.08,22.21,23.02,87300,0,0
2017-02-14,22.9,23.45,22.53,22.77,182300,0,0
2017-02-15,22.37,22.37,21.09,21.43,233200,0,0
2017-02-16,21.47,21.7,20.93,21.51,170700,0,0
2017-02-17,21.5,21.69,21.31,21.55,130100,0,0
2017-02-21,21.59,21.79,21.39,21.46,107700,0,0
2017-02-22,21.4,21.76,21.4,21.58,70800,0,0
2017-02-23,21.65,22.27,21.52,21.92,74000,0,0
2017-02-24,21.93,21.98,21.4,21.51,70700,0,0
2017-02-27,21.5,21.53,21.28,21.37,122700,0,0
2017-02-28,21.29,21.33,20.9,20.99,170300,0,0
2017-03-01,21.0,21.23,20.48,20.5,157400,0,0
2017-03-02,20.51,20.61,20.2,20.5,84400,0,0
2017-03-03,20.51,20.58,20.2,20.37,72500,0,0
2017-03-06,20.32,20.32,19.8,19.97,87300,0,0
2017-03-07,19.92,20.2,19.92,20.07,40200,0,0
2017-03-08,20.21,20.3,19.8,19.98,85700,0,0
2017-03-09,19.93,20.13,19.59,19.62,78700,0,0
2017-03-10,19.65,19.84,19.44,19.8,63800,0,0
2017-03-13,19.8,19.92,19.67,19.82,58400,0,0
2017-03-14,19.75,19.95,19.38,19.81,64800,0,0
2017-03-15,19.88,20.05,19.77,19.99,54000,0,0
2017-03-16,19.99,20.14,19.95,20.1,45600,0,0
2017-03-17,20.08,20.26,19.4,19.88,245300,0,0
2017-03-20,19.78,19.78,19.15,19.58,176000,0,0
2017-03-21,19.73,19.73,18.98,19.02,119000,0,0
2017-03-22,18.98,18.98,18.32,18.42,102200,0,0
2017-03-23,18.31,19.44,18.31,19.03,191000,0,0
2017-03-24,19.14,19.23,18.92,19.09,94900,0,0
2017-03-27,18.87,19.58,18.66,19.49,107300,0,0
2017-03-28,19.4,19.46,19.21,19.44,51100,0,0
2017-03-29,19.37,19.49,19.27,19.29,30500,0,0
2017-03-30,19.25,19.57,19.22,19.5,45100,0,0
2017-03-31,19.53,19.58,19.18,19.43,66400,0,0
2017-04-03,19.45,19.51,19.07,19.08,59500,0,0
2017-04-04,19.05,19.52,18.91,19.46,83800,0,0
2017-04-05,19.48,20.03,19.37,19.55,131700,0,0
2017-04-06,19.57,19.87,19.12,19.83,42600,0,0
2017-04-07,19.75,20.23,19.58,20.19,73300,0,0
2017-04-10,20.02,20.3,19.67,19.89,184200,0,0
2017-04-11,19.68,20.16,19.66,20.04,134300,0,0
2017-04-12,20.07,20.07,19.67,19.87,59300,0,0
2017-04-13,19.83,19.96,19.47,19.86,86700,0,0
2017-04-17,19.96,20.15,19.5,19.88,58500,0,0
2017-04-18,19.84,20.01,19.74,19.85,71400,0,0
2017-04-19,19.91,20.18,19.48,19.68,75100,0,0
2017-04-20,19.77,20.22,19.75,20.17,74500,0,0
2017-04-21,20.11,20.49,19.96,20.09,136300,0,0
2017-04-24,20.34,20.81,20.26,20.71,58700,0,0
2017-04-25,20.79,21.0,20.75,20.91,91800,0,0
2017-04-26,20.87,21.0,20.72,20.75,66000,0,0
2017-04-27,20.85,20.91,20.15,20.21,39700,0,0
2017-04-28,20.22,20.22,19.7,19.83,78200,0,0
2017-05-01,19.93,19.93,19.63,19.73,47800,0,0
2017-05-02,19.7,19.76,19.23,19.28,117200,0,0
2017-05-03,20.8,21.15,20.5,20.95,367800,0,0
2017-05-04,20.77,20.99,20.67,20.85,136200,0,0
2017-05-05,20.92,20.92,20.41,20.53,57500,0,0
2017-05-08,20.68,20.91,20.51,20.88,62100,0,0
2017-05-09,20.96,21.18,20.89,21.09,93000,0,0
2017-05-10,21.04,21.1,20.59,20.93,48200,0,0
2017-05-11,20.87,21.0,20.53,20.81,33700,0,0
2017-05-12,20.63,20.63,20.19,20.19,75700,0,0
2017-05-15,20.37,21.02,20.19,21.0,77900,0,0
2017-05-16,21.0,21.0,20.54,20.73,47100,0,0
2017-05-17,20.52,20.98,19.73,20.05,45300,0,0
2017-05-18,20.01,20.4,20.0,20.35,128100,0,0
2017-05-19,20.34,21.14,20.19,20.98,131600,0,0
2017-05-22,20.98,21.0,20.33,20.5,101300,0,0
2017-05-23,20.54,20.77,20.38,20.73,45900,0,0
2017-05-24,20.75,20.98,20.38,20.74,71300,0,0
2017-05-25,20.7,21.0,20.35,20.8,75100,0,0
2017-05-26,20.74,20.94,20.3,20.41,26600,0,0
2017-05-30,20.39,20.5,19.95,20.0,70000,0,0
2017-05-31,20.19,20.19,19.49,20.0,85400,0,0
2017-06-01,20.11,20.8,19.95,20.76,39500,0,0
2017-06-02,20.71,20.88,20.27,20.35,70200,0,0
2017-06-05,20.25,20.84,20.09,20.36,63800,0,0
2017-06-06,20.17,20.69,20.13,20.16,58300,0,0
2017-06-07,20.27,21.11,20.02,20.9,77600,0,0
2017-06-08,20.92,22.39,20.92,22.1,106400,0,0
2017-06-09,22.2,22.78,22.03,22.24,92700,0,0
2017-06-12,22.37,22.94,22.29,22.94,98800,0,0
2017-06-13,23.0,24.43,23.0,23.7,106900,0,0
2017-06-14,23.56,23.57,22.64,22.94,69500,0,0
2017-06-15,22.82,23.09,22.37,22.46,39900,0,0
2017-06-16,22.28,22.64,22.04,22.28,60100,0,0
2017-06-19,22.41,23.01,22.03,22.55,74700,0,0
2017-06-20,22.44,22.56,22.2,22.33,25100,0,0
2017-06-21,22.32,22.66,22.06,22.29,68900,0,0
2017-06-22,22.34,23.52,22.26,23.04,77800,0,0
2017-06-23,23.18,24.04,22.69,23.87,169500,0,0
2017-06-26,23.86,24.29,23.01,23.37,109400,0,0
2017-06-27,23.53,23.7,23.13,23.46,76500,0,0
2017-06-28,23.69,23.84,23.39,23.44,124900,0,0
2017-06-29,23.55,23.72,22.66,22.95,97100,0,0
2017-06-30,23.04,24.09,22.7,23.63,84200,0,0
2017-07-03,23.8,24.19,23.34,23.38,38400,0,0
2017-07-05,23.37,23.82,22.91,23.43,46200,0,0
2017-07-06,23.34,23.67,22.86,23.07,101100,0,0
2017-07-07,23.22,23.35,22.7,22.99,116300,0,0
2017-07-10,22.99,23.51,22.75,23.24,116600,0,0
2017-07-11,23.31,23.63,22.93,23.47,53900,0,0
2017-07-12,23.76,24.55,23.73,24.46,103800,0,0
2017-07-13,24.55,24.69,23.77,24.6,109000,0,0
2017-07-14,24.53,24.72,24.1,24.39,43900,0,0
2017-07-17,24.4,24.97,24.13,24.84,54200,0,0
2017-07-18,24.79,24.85,23.84,24.71,79800,0,0
2017-07-19,24.69,24.96,24.46,24.48,49500,0,0
2017-07-20,24.58,24.75,24.36,24.53,45300,0,0
2017-07-21,24.77,24.77,24.27,24.45,34200,0,0
2017-07-24,24.46,24.97,24.02,24.7,55500,0,0
2017-07-25,24.92,25.17,24.45,24.56,40700,0,0
2017-07-26,24.67,25.29,24.37,25.05,74100,0,0
2017-07-27,25.17,25.17,24.01,24.71,206400,0,0
2017-07-28,24.77,25.02,24.13,24.26,68800,0,0
2017-07-31,24.38,24.39,23.96,23.99,31200,0,0
2017-08-01,24.23,24.61,23.8,24.1,120400,0,0
2017-08-02,23.85,24.32,22.04,23.83,151700,0,0
2017-08-03,23.77,23.82,23.35,23.51,63300,0,0
2017-08-04,23.62,23.87,23.4,23.71,40700,0,0
2017-08-07,23.74,24.0,23.42,23.82,44600,0,0
2017-08-08,23.75,24.27,23.3,23.71,29800,0,0
2017-08-09,23.53,23.82,22.81,23.29,57300,0,0
2017-08-10,23.18,23.55,22.63,22.73,77700,0,0
2017-08-11,22.28,23.07,22.28,22.71,23800,0,0
2017-08-14,22.96,23.26,22.36,22.92,35900,0,0
2017-08-15,23.04,23.75,22.39,22.94,29200,0,0
2017-08-16,23.15,23.15,22.38,22.66,16600,0,0
2017-08-17,22.51,22.75,21.97,22.16,21900,0,0
2017-08-18,22.01,22.6,21.98,22.21,47900,0,0
2017-08-21,22.11,22.45,21.92,22.23,39600,0,0
2017-08-22,22.35,22.56,22.28,22.42,19300,0,0
2017-08-23,22.22,22.73,21.96,22.0,46800,0,0
2017-08-24,22.14,22.16,21.76,22.0,31800,0,0
2017-08-25,22.1,22.3,21.96,22.1,23600,0,0
2017-08-28,22.2,22.53,21.74,22.2,31400,0,0
2017-08-29,21.9,22.14,21.59,22.01,22900,0,0
2017-08-30,22.08,22.2,21.76,21.84,19100,0,0
2017-08-31,21.87,22.43,21.85,21.95,23800,0,0
2017-09-01,21.89,22.81,21.89,22.6,25600,0,0
2017-09-05,22.52,22.52,22.01,22.2,26200,0,0
2017-09-06,22.27,22.74,22.21,22.5,19000,0,0
2017-09-07,22.47,22.47,21.47,21.67,33600,0,0
2017-09-08,21.77,22.33,21.77,22.08,35000,0,0
2017-09-11,22.28,22.77,22.08,22.35,30200,0,0
2017-09-12,22.47,23.0,22.26,22.61,30900,0,0
2017-09-13,22.58,22.92,22.15,22.62,16600,0,0
2017-09-14,22.57,22.92,21.74,22.38,60500,0,0
2017-09-15,22.38,22.59,22.02,22.52,70300,0,0
2017-09-18,22.53,23.34,22.5,23.11,41500,0,0
2017-09-19,23.1,23.41,22.86,23.38,47500,0,0
2017-09-20,23.43,23.68,23.35,23.54,27000,0,0
2017-09-21,22.94,23.68,22.94,23.42,59200,0,0
2017-09-22,23.46,23.87,22.99,23.75,53000,0,0
2017-09-25,23.67,24.14,23.06,23.87,44900,0,0
2017-09-26,23.88,24.47,23.56,24.0,47200,0,0
2017-09-27,24.15,24.7,24.05,24.51,42000,0,0
2017-09-28,24.55,24.55,24.03,24.07,27700,0,0
2017-09-29,24.1,24.53,23.58,24.21,53400,0,0
2017-10-02,24.24,24.84,24.23,24.3,31300,0,0
2017-10-03,24.28,24.4,24.03,24.35,49000,0,0
2017-10-04,24.31,25.09,23.92,24.82,50100,0,0
2017-10-05,24.82,25.03,24.59,24.59,25100,0,0
2017-10-06,24.68,25.08,24.5,24.84,26800,0,0
2017-10-09,24.53,25.05,24.11,25.01,33900,0,0
2017-10-10,25.11,25.25,24.73,24.87,51400,0,0
2017-10-11,24.87,25.27,24.59,25.06,39800,0,0
2017-10-12,24.82,25.24,24.48,25.2,37300,0,0
2017-10-13,25.05,25.05,24.43,24.45,20300,0,0
2017-10-16,24.39,24.7,24.21,24.26,15700,0,0
2017-10-17,24.29,24.76,23.83,24.57,39500,0,0
2017-10-18,24.51,24.99,24.5,24.55,18200,0,0
2017-10-19,24.29,25.1,24.13,24.9,54000,0,0
2017-10-20,24.94,25.48,24.54,25.22,40100,0,0
2017-10-23,25.33,25.33,24.3,24.44,45400,0,0
2017-10-24,24.59,24.84,23.71,24.14,49200,0,0
2017-10-25,24.05,24.15,23.74,23.98,25500,0,0
2017-10-26,24.0,24.29,23.94,24.02,19600,0,0
2017-10-27,24.06,24.5,23.68,24.31,44800,0,0
2017-10-30,24.18,24.39,23.7,23.95,21100,0,0
2017-10-31,23.96,25.11,23.96,24.69,84200,0,0
2017-11-01,24.92,25.08,24.12,24.98,55000,0,0
2017-11-02,24.8,25.45,24.58,24.95,40600,0,0
2017-11-03,25.05,25.05,23.82,23.88,21600,0,0
2017-11-06,23.88,24.01,23.43,23.5,32100,0,0
2017-11-07,23.52,23.8,22.26,22.8,42300,0,0
2017-11-08,22.58,22.82,22.24,22.52,44400,0,0
2017-11-09,22.55,23.98,22.55,23.8,80500,0,0
2017-11-10,23.68,24.49,23.02,23.06,31600,0,0
2017-11-13,23.0,23.04,22.43,22.52,22100,0,0
2017-11-14,22.32,22.62,22.01,22.09,23000,0,0
2017-11-15,21.96,22.07,21.5,21.86,60200,0,0
2017-11-16,22.06,22.95,22.04,22.54,39200,0,0
2017-11-17,22.44,23.49,22.37,23.37,45500,0,0
2017-11-20,23.33,23.61,22.78,23.55,29200,0,0
2017-11-21,23.62,23.95,23.11,23.9,46700,0,0
2017-11-22,23.79,24.03,22.9,23.57,43300,0,0
2017-11-24,23.6,24.41,23.53,23.83,33900,0,0
2017-11-27,23.93,23.93,23.04,23.35,43100,0,0
2017-11-28,23.43,24.08,23.28,24.0,18900,0,0
2017-11-29,23.94,25.09,23.8,24.23,60500,0,0
2017-11-30,24.41,25.23,23.74,24.67,63800,0,0
2017-12-01,24.59,24.72,23.86,24.58,38800,0,0
2017-12-04,24.93,25.18,23.67,24.64,88600,0,0
2017-12-05,24.75,25.52,23.63,23.72,54500,0,0
2017-12-06,23.75,23.95,23.34,23.75,49400,0,0
2017-12-07,23.66,24.49,23.61,24.38,39200,0,0
2017-12-08,24.52,25.01,24.04,24.94,40300,0,0
2017-12-11,24.92,25.24,24.31,25.18,61200,0,0
2017-12-12,25.17,25.73,24.45,25.37,79000,0,0
2017-12-13,25.4,25.4,24.38,24.66,80900,0,0
2017-12-14,24.7,25.35,23.67,24.83,60400,0,0
2017-12-15,24.91,25.36,24.75,24.96,48000,0,0
2017-12-18,25.38,26.49,25.18,25.62,102900,0,0
2017-12-19,25.58,25.78,25.41,25.51,58600,0,0
2017-12-20,25.65,26.3,25.6,26.04,79900,0,0
2017-12-21,25.85,26.66,25.85,26.46,47400,0,0
2017-12-22,26.63,27.2,25.89,26.99,113700,0,0
2017-12-26,26.89,27.16,26.43,26.86,71400,0,0
2017-12-27,26.86,26.99,25.82,26.66,133700,0,0
2017-12-28,26.6,26.96,26.15,26.33,61100,0,0
2017-12-29,26.35,26.86,25.52,26.31,137100,0,0
2018-01-02,26.4,26.54,25.98,26.33,48700,0,0
2018-01-03,26.43,26.94,26.0,26.04,104700,0,0
2018-01-04,26.41,28.0,26.41,27.45,87200,0,0
2018-01-05,27.71,27.83,27.35,27.68,47800,0,0
2018-01-08,27.4,27.94,27.22,27.27,66000,0,0
2018-01-09,27.31,27.65,26.91,26.99,41400,0,0
2018-01-10,27.15,28.12,27.05,27.21,80300,0,0
2018-01-11,27.34,27.94,27.13,27.56,33800,0,0
2018-01-12,27.64,28.3,27.4,28.26,121600,0,0
2018-01-16,28.83,28.98,27.73,27.85,134200,0,0
2018-01-17,27.95,27.98,27.34,27.72,71900,0,0
2018-01-18,27.78,28.43,27.33,28.15,108500,0,0
2018-01-19,28.12,28.26,27.75,27.87,73200,0,0
2018-01-22,27.85,27.88,27.37,27.74,82700,0,0
2018-01-23,27.66,28.26,27.44,28.11,67000,0,0
2018-01-24,28.2,28.5,27.7,27.72,76600,0,0
2018-01-25,27.65,28.24,27.5,28.09,64500,0,0
2018-01-26,28.21,28.63,28.0,28.48,64800,0,0
2018-01-29,28.48,28.48,27.39,27.99,78800,0,0
2018-01-30,27.95,28.97,27.95,28.5,70000,0,0
2018-01-31,28.56,29.15,28.03,28.36,44400,0,0
2018-02-01,28.22,28.61,28.01,28.55,32300,0,0
2018-02-02,28.33,28.57,27.75,27.83,32100,0,0
2018-02-05,27.52,27.52,26.59,27.17,84400,0,0
2018-02-06,26.66,28.01,26.66,28.0,89500,0,0
2018-02-07,27.89,28.5,27.68,28.25,81200,0,0
2018-02-08,28.36,28.47,27.48,27.53,70500,0,0
2018-02-09,27.8,27.81,27.0,27.4,56400,0,0
2018-02-12,27.58,27.58,26.29,26.42,66500,0,0
2018-02-13,26.42,27.76,26.4,27.6,104300,0,0
2018-02-14,28.85,34.24,28.5,34.01,312400,0,0
2018-02-15,34.09,35.34,34.01,34.95,319000,0,0
2018-02-16,34.74,34.74,31.52,31.82,261500,0,0
2018-02-20,31.69,32.45,31.0,31.08,83700,0,0
2018-02-21,30.96,32.04,30.75,30.95,91700,0,0
2018-02-22,31.13,31.86,30.75,30.87,107200,0,0
2018-02-23,31.03,31.04,30.23,30.62,51600,0,0
2018-02-26,30.65,30.87,30.26,30.7,94300,0,0
2018-02-27,30.62,31.0,30.18,30.21,37600,0,0
2018-02-28,30.21,30.54,29.92,29.92,54800,0,0
2018-03-01,29.87,30.64,29.52,30.22,93400,0,0
2018-03-02,29.94,31.01,29.86,30.97,60300,0,0
2018-03-05,30.91,31.93,30.91,31.13,89300,0,0
2018-03-06,31.23,31.6,30.57,31.33,47700,0,0
2018-03-07,31.04,32.03,31.04,31.8,49500,0,0
2018-03-08,31.89,31.89,31.28,31.55,48300,0,0
2018-03-09,31.93,32.4,31.59,32.29,69900,0,0
2018-03-12,32.39,32.64,31.66,32.13,54300,0,0
2018-03-13,32.23,32.23,31.13,31.42,52100,0,0
2018-03-14,31.42,31.42,30.81,30.93,51600,0,0
2018-03-15,31.03,31.21,30.34,30.89,59300,0,0
2018-03-16,31.0,32.3,31.0,31.56,109800,0,0
2018-03-19,31.47,32.13,31.27,31.93,83500,0,0
2018-03-20,32.04,32.43,31.52,31.61,61500,0,0
2018-03-21,31.67,32.08,31.67,31.83,53000,0,0
2018-03-22,31.48,31.72,30.72,30.99,46100,0,0
2018-03-23,31.37,31.88,30.74,30.81,72400,0,0
2018-03-26,31.13,31.56,30.69,31.3,35400,0,0
2018-03-27,31.44,31.92,30.84,31.28,67800,0,0
2018-03-28,31.4,31.8,31.22,31.36,94300,0,0
2018-03-29,31.59,32.23,31.38,31.84,93400,0,0
2018-04-02,31.86,32.15,30.49,31.77,108100,0,0
2018-04-03,32.01,32.62,31.91,32.23,54300,0,0
2018-04-04,31.82,32.94,31.82,32.79,38800,0,0
2018-04-05,33.0,33.62,32.33,33.03,65700,0,0
2018-04-06,32.93,33.28,31.92,32.16,60600,0,0
2018-04-09,32.75,33.46,32.18,32.63,104300,0,0
2018-04-10,32.98,33.21,32.37,32.69,100400,0,0
2018-04-11,32.61,33.4,31.8,32.55,143900,0,0
2018-04-12,32.73,33.29,32.55,32.81,45800,0,0
2018-04-13,33.07,33.07,32.29,32.35,27200,0,0
2018-04-16,32.68,33.2,32.25,33.0,37400,0,0
2018-04-17,33.25,33.42,32.81,33.03,38700,0,0
2018-04-18,33.02,33.48,32.91,33.01,78500,0,0
2018-04-19,32.93,34.08,32.93,33.84,32300,0,0
2018-04-20,33.74,34.16,33.55,33.86,52900,0,0
2018-04-23,34.01,34.01,33.11,33.61,44600,0,0
2018-04-24,33.69,34.22,32.94,33.18,47600,0,0
2018-04-25,33.25,33.25,32.85,32.94,31100,0,0
2018-04-26,33.02,33.08,32.57,32.61,30700,0,0
2018-04-27,32.64,33.01,32.15,32.38,29700,0,0
2018-04-30,32.37,33.25,32.34,32.87,63700,0,0
2018-05-01,32.81,34.6,32.76,34.22,96800,0,0
2018-05-02,35.0,36.1,33.98,34.5,359100,0,0
2018-05-03,34.41,35.68,33.99,35.38,82500,0,0
2018-05-04,35.18,35.51,34.95,35.16,59200,0,0
2018-05-07,35.31,36.28,35.14,36.08,41900,0,0
2018-05-08,36.2,36.44,35.54,36.02,84300,0,0
2018-05-09,36.03,36.31,35.13,35.38,62800,0,0
2018-05-10,35.48,36.2,35.2,35.49,69400,0,0
2018-05-11,35.37,35.74,34.36,35.19,61200,0,0
2018-05-14,35.31,35.47,34.78,35.03,59000,0,0
2018-05-15,34.9,35.7,34.9,35.11,42200,0,0
2018-05-16,35.24,35.69,34.95,35.59,53600,0,0
2018-05-17,35.77,36.73,35.77,36.31,90000,0,0
2018-05-18,36.64,36.7,36.03,36.23,52300,0,0
2018-05-21,36.53,36.53,35.94,36.2,50300,0,0
2018-05-22,36.3,36.64,36.26,36.33,39200,0,0
2018-05-23,36.31,36.5,36.11,36.42,47500,0,0
2018-05-24,36.5,36.5,35.69,36.02,45500,0,0
2018-05-25,36.0,36.18,35.35,35.89,44300,0,0
2018-05-29,35.73,36.49,35.16,35.54,45200,0,0
2018-05-30,35.77,36.54,35.72,35.82,45000,0,0
2018-05-31,35.79,35.95,35.45,35.69,37700,0,0
2018-06-01,35.89,36.43,35.76,36.18,80100,0,0
2018-06-04,36.28,36.75,36.05,36.65,67000,0,0
2018-06-05,36.56,36.75,36.29,36.39,52100,0,0
2018-06-06,36.6,37.0,36.59,36.9,73900,0,0
2018-06-07,37.02,37.21,36.61,36.91,73800,0,0
2018-06-08,36.91,37.0,36.68,36.85,42100,0,0
2018-06-11,36.71,37.0,36.43,36.49,37300,0,0
2018-06-12,36.51,36.93,36.33,36.56,32000,0,0
2018-06-13,36.51,36.67,36.14,36.35,44700,0,0
2018-06-14,36.38,36.69,35.94,36.14,44000,0,0
2018-06-15,36.14,36.98,35.66,36.78,87600,0,0
2018-06-18,36.61,37.1,36.01,36.69,40200,0,0
2018-06-19,36.44,36.78,36.16,36.71,40700,0,0
2018-06-20,36.72,37.0,36.59,36.98,103000,0,0
2018-06-21,37.0,37.0,36.2,36.56,40400,0,0
2018-06-22,36.65,36.89,36.05,36.71,131000,0,0
2018-06-25,36.64,36.77,35.83,36.67,86900,0,0
2018-06-26,36.69,37.0,36.17,36.49,40200,0,0
2018-06-27,36.58,36.58,35.22,35.53,41200,0,0
2018-06-28,35.59,35.86,35.42,35.51,30200,0,0
2018-06-29,35.7,35.8,34.97,35.02,41200,0,0
2018-07-02,34.82,35.72,34.59,35.56,37000,0,0
2018-07-03,35.75,36.13,35.25,35.58,32000,0,0
2018-07-05,35.82,35.87,35.12,35.24,40200,0,0
2018-07-06,35.29,35.62,35.08,35.21,47400,0,0
2018-07-09,35.33,36.1,35.33,35.92,27700,0,0
2018-07-10,35.86,36.12,35.7,36.09,36100,0,0
2018-07-11,35.85,36.31,35.85,36.06,30800,0,0
2018-07-12,36.16,36.3,35.4,35.47,44300,0,0
2018-07-13,35.34,35.82,34.95,35.09,33700,0,0
2018-07-16,35.17,35.39,34.66,35.16,72500,0,0
2018-07-17,35.1,35.56,34.83,34.88,34100,0,0
2018-07-18,34.84,35.18,34.56,35.04,30800,0,0
2018-07-19,34.87,35.51,34.76,35.42,29500,0,0
2018-07-20,35.28,35.47,35.04,35.24,25400,0,0
2018-07-23,35.16,36.13,35.03,35.89,28100,0,0
2018-07-24,36.11,36.18,34.85,34.99,20900,0,0
2018-07-25,34.91,34.99,34.17,34.31,21400,0,0
2018-07-26,34.26,34.62,33.69,33.78,32100,0,0
2018-07-27,33.83,33.88,32.92,32.92,24200,0,0
2018-07-30,33.03,33.39,32.36,32.36,23100,0,0
2018-07-31,32.51,33.32,31.52,33.17,78600,0,0
2018-08-01,34.49,34.92,32.55,33.31,79300,0,0
2018-08-02,32.91,33.62,32.74,33.56,30600,0,0
2018-08-03,33.49,34.23,33.0,33.26,33000,0,0
2018-08-06,33.26,33.71,33.1,33.41,29000,0,0
2018-08-07,33.58,33.71,33.01,33.4,33400,0,0
2018-08-08,33.39,33.7,33.01,33.61,30900,0,0
2018-08-09,33.65,34.15,33.47,33.95,30700,0,0
2018-08-10,33.74,34.25,33.41,34.18,29300,0,0
2018-08-13,34.2,34.21,33.22,33.95,22700,0,0
2018-08-14,33.94,34.25,33.78,34.08,20000,0,0
2018-08-15,33.97,34.3,33.09,33.8,31700,0,0
2018-08-16,34.04,34.94,34.04,34.7,83500,0,0
2018-08-17,34.69,35.11,34.56,34.96,55300,0,0
2018-08-20,35.08,35.37,34.49,34.76,38100,0,0
2018-08-21,34.86,34.86,33.84,34.4,63700,0,0
2018-08-22,34.43,35.05,34.3,34.44,30900,0,0
2018-08-23,34.3,34.64,33.83,34.49,28400,0,0
2018-08-24,34.48,34.63,34.19,34.45,11100,0,0
2018-08-27,34.47,35.0,34.3,34.79,31600,0,0
2018-08-28,34.88,34.98,33.77,33.99,19700,0,0
2018-08-29,33.93,34.27,33.59,33.71,21700,0,0
2018-08-30,33.66,34.1,33.5,33.82,18500,0,0
2018-08-31,34.09,34.09,33.12,33.33,18600,0,0
2018-09-04,33.33,33.46,32.72,33.07,21600,0,0
2018-09-05,33.11,33.2,32.51,33.06,20300,0,0
2018-09-06,33.19,33.19,32.48,32.7,16000,0,0
2018-09-07,32.7,32.91,32.54,32.8,30500,0,0
2018-09-10,32.89,32.89,31.42,31.75,30400,0,0
2018-09-11,31.71,31.86,31.09,31.52,28700,0,0
2018-09-12,31.55,31.55,29.83,30.04,59500,0,0
2018-09-13,30.1,30.31,29.65,29.97,25800,0,0
2018-09-14,29.91,30.67,29.74,30.36,57100,0,0
2018-09-17,30.37,30.96,30.05,30.63,46300,0,0
2018-09-18,30.6,30.96,30.4,30.42,39500,0,0
2018-09-19,30.38,30.72,29.95,30.22,51100,0,0
2018-09-20,30.25,30.43,30.0,30.1,27400,0,0
2018-09-21,30.11,30.15,29.02,29.12,56700,0,0
2018-09-24,28.95,29.09,27.81,28.99,72800,0,0
2018-09-25,29.07,29.99,28.72,29.5,57300,0,0
2018-09-26,29.48,29.94,29.17,29.39,169200,0,0
2018-09-27,29.36,29.79,28.49,28.67,42300,0,0
2018-09-28,28.59,29.33,28.47,28.83,110300,0,0
2018-10-01,28.99,29.18,28.46,28.99,48400,0,0
2018-10-02,29.07,29.07,28.67,28.75,65900,0,0
2018-10-03,28.8,29.11,28.7,28.73,45200,0,0
2018-10-04,28.7,28.91,28.7,28.78,48900,0,0
2018-10-05,28.73,29.13,28.67,29.07,56200,0,0
2018-10-08,28.98,29.27,28.45,28.67,54300,0,0
2018-10-09,28.53,28.76,27.98,28.11,61600,0,0
2018-10-10,27.93,28.6,27.74,28.17,114200,0,0
2018-10-11,27.99,28.48,27.57,27.93,80800,0,0
2018-10-12,28.2,28.2,27.16,27.8,74500,0,0
2018-10-15,28.0,28.46,27.53,28.13,74100,0,0
2018-10-16,28.31,29.33,28.04,29.2,69300,0,0
2018-10-17,29.17,29.41,28.56,28.94,52300,0,0
2018-10-18,28.84,29.5,28.11,28.25,42000,0,0
2018-10-19,28.27,28.39,27.85,28.03,41800,0,0
2018-10-22,28.04,28.49,27.39,28.09,48000,0,0
2018-10-23,27.72,27.89,27.35,27.6,44000,0,0
2018-10-24,27.58,27.87,26.77,26.85,72100,0,0
2018-10-25,26.95,27.5,26.47,27.25,96700,0,0
2018-10-26,26.96,27.72,26.94,27.66,44900,0,0
2018-10-29,27.93,28.61,27.71,28.5,85800,0,0
2018-10-30,28.48,29.32,28.46,29.17,51000,0,0
2018-10-31,29.47,29.57,28.82,28.86,64700,0,0
2018-11-01,28.9,29.95,28.9,29.6,48900,0,0
2018-11-02,29.67,29.89,29.14,29.54,40200,0,0
2018-11-05,29.49,29.68,28.85,28.97,60600,0,0
2018-11-06,29.0,29.34,28.7,29.21,32800,0,0
2018-11-07,29.33,29.36,28.8,29.36,20600,0,0
2018-11-08,29.3,29.4,28.75,29.1,16900,0,0
2018-11-09,30.13,30.13,27.71,28.08,78300,0,0
2018-11-12,27.98,28.7,26.94,28.12,84200,0,0
2018-11-13,28.04,28.36,27.65,28.16,61400,0,0
2018-11-14,28.34,28.49,27.56,28.2,51700,0,0
2018-11-15,28.06,28.46,27.88,28.22,33900,0,0
2018-11-16,28.03,28.26,28.0,28.08,27400,0,0
2018-11-19,28.05,28.31,27.3,27.71,44500,0,0
2018-11-20,27.45,27.81,26.84,27.0,53200,0,0
2018-11-21,27.03,27.71,27.03,27.44,16900,0,0
2018-11-23,27.23,27.63,26.91,27.32,2900,0,0
2018-11-26,27.54,27.58,26.93,27.36,38200,0,0
2018-11-27,27.28,27.8,26.79,27.04,44500,0,0
2018-11-28,27.05,27.56,26.32,27.05,69400,0,0
2018-11-29,26.95,27.39,26.86,27.09,37200,0,0
2018-11-30,27.03,27.43,26.64,27.16,27200,0,0
2018-12-03,27.46,27.67,27.09,27.36,52100,0,0
2018-12-04,27.3,27.39,26.29,26.36,75000,0,0
2018-12-06,26.04,26.67,25.51,26.49,96600,0,0
2018-12-07,26.51,26.64,25.22,25.7,110500,0,0
2018-12-10,25.8,25.9,24.99,25.86,65000,0,0
2018-12-11,26.11,26.11,24.85,25.25,98600,0,0
2018-12-12,25.53,26.15,24.83,25.3,136800,0,0
2018-12-13,25.27,25.34,24.3,24.82,129700,0,0
2018-12-14,24.79,25.0,24.5,24.6,60600,0,0
2018-12-17,24.39,24.64,23.3,23.57,126100,0,0
2018-12-18,23.75,24.41,23.56,23.98,126800,0,0
2018-12-19,23.48,24.39,23.46,23.9,111800,0,0
2018-12-20,23.84,23.95,23.47,23.58,53500,0,0
2018-12-21,23.56,24.0,23.27,23.47,96100,0,0
2018-12-24,23.32,23.34,22.9,22.9,20800,0,0
2018-12-26,23.07,24.02,22.92,23.97,34700,0,0
2018-12-27,23.62,23.9,22.95,23.78,35800,0,0
2018-12-28,23.81,24.37,23.61,23.7,55600,0,0
2018-12-31,23.9,24.05,23.54,24.05,45500,0,0
2019-01-02,23.72,24.34,23.69,24.11,77100,0,0
2019-01-03,23.99,24.61,23.7,24.09,46600,0,0
2019-01-04,24.41,25.63,24.28,25.55,48900,0,0
2019-01-07,25.36,25.68,24.75,25.27,83500,0,0
2019-01-08,25.46,25.75,24.77,25.14,40500,0,0
2019-01-09,25.19,25.46,24.96,25.35,20300,0,0
2019-01-10,25.27,25.57,25.02,25.51,67300,0,0
2019-01-11,25.36,26.38,25.36,26.21,40200,0,0
2019-01-14,26.06,26.32,25.58,25.63,42200,0,0
2019-01-15,25.65,26.03,25.63,25.84,27600,0,0
2019-01-16,25.86,26.24,25.75,25.89,30100,0,0
2019-01-17,25.84,26.38,25.84,26.11,22900,0,0
2019-01-18,26.23,27.01,26.09,26.79,56100,0,0
2019-01-22,26.71,26.71,26.35,26.64,34400,0,0
2019-01-23,26.78,27.32,26.55,26.91,41500,0,0
2019-01-24,26.83,27.15,26.7,27.12,29700,0,0
2019-01-25,27.21,27.58,26.71,26.9,33400,0,0
2019-01-28,26.75,27.13,26.58,26.95,15700,0,0
2019-01-29,26.94,27.09,26.7,26.99,16600,0,0
2019-01-30,27.11,27.56,26.87,27.33,31100,0,0
2019-01-31,27.28,27.58,27.28,27.48,23900,0,0
2019-02-01,27.47,27.9,27.39,27.57,15400,0,0
2019-02-04,27.63,28.12,27.63,28.04,16600,0,0
2019-02-05,27.99,28.13,27.76,27.92,11700,0,0
2019-02-06,27.91,28.03,27.62,27.89,25000,0,0
2019-02-07,27.77,27.94,27.58,27.82,11400,0,0
2019-02-08,27.67,28.37,27.67,28.36,29900,0,0
2019-02-11,28.4,28.49,27.76,27.9,23400,0,0
2019-02-12,28.05,28.69,28.05,28.57,23500,0,0
2019-02-13,30.01,30.45,28.98,29.23,43000,0,0
2019-02-14,29.2,29.2,27.27,27.47,77400,0,0
2019-02-15,27.75,28.69,27.5,28.31,46500,0,0
2019-02-19,28.08,28.38,27.61,27.86,35400,0,0
2019-02-20,27.8,28.02,27.65,27.67,22400,0,0
2019-02-21,27.63,27.79,27.11,27.33,29300,0,0
2019-02-22,27.75,27.81,27.42,27.75,36700,0,0
2019-02-25,27.98,28.01,27.19,27.21,21700,0,0
2019-02-26,27.25,27.4,27.07,27.17,18100,0,0
2019-02-27,27.05,27.31,26.8,27.27,18600,0,0
2019-02-28,27.27,27.47,27.14,27.19,26200,0,0
2019-03-01,27.4,27.79,27.35,27.49,18800,0,0
2019-03-04,27.5,27.63,26.9,27.09,20500,0,0
2019-03-05,27.15,27.3,26.73,27.09,14600,0,0
2019-03-06,27.1,27.36,26.67,26.72,32500,0,0
2019-03-07,26.72,26.87,25.91,25.96,40200,0,0
2019-03-08,25.83,26.8,25.83,26.65,20000,0,0
2019-03-11,26.77,27.3,26.77,27.29,23600,0,0
2019-03-12,27.32,27.86,27.13,27.23,30600,0,0
2019-03-13,27.49,27.64,27.42,27.52,16700,0,0
2019-03-14,27.56,27.72,27.11,27.3,12300,0,0
2019-03-15,27.36,27.5,26.69,26.73,52200,0,0
2019-03-18,26.79,27.07,26.19,26.34,25000,0,0
2019-03-19,26.5,26.5,26.2,26.2,12800,0,0
2019-03-20,26.22,26.22,25.48,25.93,13700,0,0
2019-03-21,25.82,26.22,25.78,25.86,22300,0,0
2019-03-22,25.69,26.09,24.46,24.64,17000,0,0
2019-03-25,24.4,24.8,23.36,24.64,36100,0,0
2019-03-26,24.83,24.94,24.51,24.6,12400,0,0
2019-03-27,24.45,24.71,24.36,24.38,12800,0,0
2019-03-28,24.45,24.95,24.06,24.19,14900,0,0
2019-03-29,24.35,24.62,23.6,24.42,80100,0,0
2019-04-01,24.56,24.8,24.35,24.39,37200,0,0
2019-04-02,24.5,24.58,23.92,24.45,86200,0,0
2019-04-03,24.61,25.05,24.57,24.71,90700,0,0
2019-04-04,24.7,24.76,24.32,24.6,41400,0,0
2019-04-05,24.73,25.31,24.54,24.78,46700,0,0
2019-04-08,24.72,24.93,24.25,24.68,76100,0,0
2019-04-09,24.52,25.08,24.5,24.73,43900,0,0
2019-04-10,24.85,25.48,24.73,25.28,114700,0,0
2019-04-11,25.39,25.73,25.13,25.26,58500,0,0
2019-04-12,25.46,25.76,25.22,25.3,75600,0,0
2019-04-15,25.31,25.78,25.25,25.52,37500,0,0
2019-04-16,25.64,26.11,25.53,25.82,34300,0,0
2019-04-17,25.99,26.36,25.74,25.9,28600,0,0
2019-04-18,25.83,25.97,25.36,25.54,17200,0,0
2019-04-22,25.66,25.78,24.68,24.96,23500,0,0
2019-04-23,25.15,26.0,25.0,25.77,35000,0,0
2019-04-24,25.85,26.07,25.43,25.58,48500,0,0
2019-04-25,25.39,25.39,24.91,25.02,18100,0,0
2019-04-26,25.02,25.47,24.69,25.3,20400,0,0
2019-04-29,25.12,25.8,25.12,25.38,21400,0,0
2019-04-30,25.33,25.33,24.62,24.77,41100,0,0
2019-05-01,24.87,24.87,24.24,24.38,47900,0,0
2019-05-02,24.33,24.71,23.91,24.66,38600,0,0
2019-05-03,24.82,25.23,24.63,25.0,23700,0,0
2019-05-06,24.62,25.33,24.62,25.25,46400,0,0
2019-05-07,25.07,25.39,24.65,25.07,51200,0,0
2019-05-08,25.12,25.77,24.8,25.54,56800,0,0
2019-05-09,25.63,25.99,22.98,23.8,138500,0,0
2019-05-10,23.67,24.59,23.67,24.37,72900,0,0
2019-05-13,23.96,24.52,23.62,24.32,49900,0,0
2019-05-14,24.3,24.42,23.3,23.96,108900,0,0
2019-05-15,23.72,24.31,23.72,24.09,25600,0,0
2019-05-16,24.01,24.27,23.41,23.58,28700,0,0
2019-05-17,23.32,24.4,23.32,24.34,56400,0,0
2019-05-20,24.14,24.54,23.95,24.07,10100,0,0
2019-05-21,24.17,24.53,23.59,24.5,33700,0,0
2019-05-22,24.38,24.52,23.71,23.9,22900,0,0
2019-05-23,23.66,23.95,23.43,23.72,40000,0,0
2019-05-24,23.84,24.26,23.74,24.11,18800,0,0
2019-05-28,24.09,24.22,23.68,24.06,185400,0,0
2019-05-29,24.0,25.6,24.0,25.49,65000,0,0
2019-05-30,25.24,25.88,25.24,25.76,60800,0,0
2019-05-31,25.46,25.72,24.65,24.67,43600,0,0
2019-06-03,24.7,24.89,24.26,24.67,47300,0,0
2019-06-04,24.9,25.17,24.55,24.85,76000,0,0
2019-06-05,24.95,25.07,24.75,24.83,35100,0,0
2019-06-06,24.81,25.08,24.18,24.59,45600,0,0
2019-06-07,24.76,25.15,24.57,24.95,41600,0,0
2019-06-10,25.03,25.39,24.78,25.12,52900,0,0
2019-06-11,25.28,25.28,24.89,25.14,25600,0,0
2019-06-12,25.01,25.23,25.01,25.12,35000,0,0
2019-06-13,25.22,25.92,25.18,25.72,40200,0,0
2019-06-14,25.61,25.75,25.45,25.59,52200,0,0
2019-06-17,25.29,25.66,25.29,25.55,35200,0,0
2019-06-18,25.68,25.77,25.47,25.57,47100,0,0
2019-06-19,25.55,25.72,25.39,25.4,29300,0,0
2019-06-20,25.63,25.71,25.2,25.35,41500,0,0
2019-06-21,25.24,25.24,24.88,24.97,40500,0,0
2019-06-24,24.96,25.06,24.42,24.45,58100,0,0
2019-06-25,24.56,24.77,24.22,24.45,62100,0,0
2019-06-26,24.55,25.03,24.31,24.56,55900,0,0
2019-06-27,24.67,25.37,24.47,25.37,128800,0,0
2019-06-28,25.39,26.42,25.39,26.37,95700,0,0
2019-07-01,26.66,26.8,25.77,26.04,58500,0,0
2019-07-02,26.07,26.18,25.94,26.1,45600,0,0
2019-07-03,25.99,26.32,25.7,25.89,33700,0,0
2019-07-05,25.82,26.13,25.82,25.96,40100,0,0
2019-07-08,25.82,26.26,25.66,25.91,41300,0,0
2019-07-09,25.85,26.25,25.8,26.19,42000,0,0
2019-07-10,26.31,26.75,26.2,26.45,45400,0,0
2019-07-11,26.43,26.78,26.42,26.57,34900,0,0
2019-07-12,26.52,27.04,26.52,26.92,48000,0,0
2019-07-15,26.89,27.1,26.68,26.83,45400,0,0
2019-07-16,26.82,27.03,26.46,26.62,48200,0,0
2019-07-17,26.7,26.76,26.26,26.34,45400,0,0
2019-07-18,26.25,26.53,26.25,26.38,26800,0,0
2019-07-19,26.37,26.51,26.1,26.14,34800,0,0
2019-07-22,26.21,26.39,25.35,25.35,104200,0,0
2019-07-23,25.49,25.71,24.52,24.89,60500,0,0
2019-07-24,24.86,25.97,24.86,25.85,75600,0,0
2019-07-25,25.82,26.04,24.39,24.52,58800,0,0
2019-07-26,24.57,24.81,24.3,24.59,40100,0,0
2019-07-29,24.47,24.47,24.05,24.33,35300,0,0
2019-07-30,24.13,25.34,24.13,25.06,63200,0,0
2019-07-31,25.11,25.11,23.6,24.13,133300,0,0
2019-08-01,24.38,26.84,24.38,26.33,70900,0,0
2019-08-02,26.24,26.85,25.46,26.6,45200,0,0
2019-08-05,26.19,26.3,25.14,26.18,62300,0,0
2019-08-06,26.14,26.59,25.98,26.42,57300,0,0
2019-08-07,26.2,26.94,26.2,26.68,30000,0,0
2019-08-08,27.05,27.65,27.02,27.37,82500,0,0
2019-08-09,27.29,27.82,27.27,27.44,24700,0,0
2019-08-12,27.36,27.93,27.16,27.44,25500,0,0
2019-08-13,27.55,28.08,26.79,27.1,81900,0,0
2019-08-14,26.74,26.74,26.14,26.52,36400,0,0
2019-08-15,26.73,27.14,26.65,26.96,67300,0,0
2019-08-16,26.99,27.53,26.91,27.08,56700,0,0
2019-08-19,27.43,27.74,27.09,27.29,46500,0,0
2019-08-20,27.27,27.45,26.7,26.77,27700,0,0
2019-08-21,27.04,27.16,26.61,27.08,42300,0,0
2019-08-22,27.19,27.19,26.56,26.85,37400,0,0
2019-08-23,26.73,26.84,25.94,26.02,48800,0,0
2019-08-26,26.21,26.21,25.78,26.04,64800,0,0
2019-08-27,26.07,26.09,25.39,25.55,39900,0,0
2019-08-28,25.55,25.8,25.52,25.62,39300,0,0
2019-08-29,25.82,25.91,25.46,25.59,34000,0,0
2019-08-30,25.75,26.05,25.46,25.75,182700,0,0
2019-09-03,25.62,27.4,25.48,27.26,137400,0,0
2019-09-04,27.48,27.74,26.8,26.93,99500,0,0
2019-09-05,27.26,29.0,27.26,28.22,131800,0,0
2019-09-06,28.24,29.07,28.14,28.8,79900,0,0
2019-09-09,28.88,29.13,27.87,28.25,62000,0,0
2019-09-10,28.2,28.29,27.5,27.71,29600,0,0
2019-09-11,27.87,28.15,27.77,27.99,63300,0,0
2019-09-12,27.99,28.54,27.67,28.34,52700,0,0
2019-09-13,28.51,28.68,28.3,28.35,35600,0,0
2019-09-16,28.18,28.55,27.94,28.21,22500,0,0
2019-09-17,28.05,28.16,27.26,28.03,41800,0,0
2019-09-18,27.98,28.03,27.71,27.86,62100,0,0
2019-09-19,27.86,28.31,27.35,27.42,34600,0,0
2019-09-20,27.46,27.85,27.33,27.72,98300,0,0
2019-09-23,27.39,28.22,27.39,27.69,76300,0,0
2019-09-24,27.73,28.32,27.73,27.92,96700,0,0
2019-09-25,27.89,28.48,27.89,28.25,85500,0,0
2019-09-26,28.36,28.56,28.13,28.22,75900,0,0
2019-09-27,28.27,28.68,28.12,28.16,58000,0,0
2019-09-30,28.21,28.58,28.1,28.16,125700,0,0
2019-10-01,28.28,28.58,27.29,27.45,70500,0,0
2019-10-02,27.21,27.34,26.75,27.14,88000,0,0
2019-10-03,26.94,27.06,25.52,26.49,87100,0,0
2019-10-04,26.47,26.68,26.19,26.64,63100,0,0
2019-10-07,26.47,26.83,26.14,26.25,71900,0,0
2019-10-08,26.04,26.72,25.92,26.36,59700,0,0
2019-10-09,26.42,26.76,26.33,26.5,51900,0,0
2019-10-10,26.51,27.1,26.51,26.94,58200,0,0
2019-10-11,27.28,27.91,27.0,27.05,84400,0,0
2019-10-14,26.87,27.17,26.87,26.95,58500,0,0
2019-10-15,26.96,27.55,26.96,27.5,87100,0,0
2019-10-16,27.51,28.28,27.51,28.01,61600,0,0
2019-10-17,28.09,29.1,28.09,28.82,75700,0,0
2019-10-18,28.67,29.11,28.51,29.0,66700,0,0
2019-10-21,29.15,29.92,29.15,29.5,57800,0,0
2019-10-22,29.52,29.95,29.51,29.74,46500,0,0
2019-10-23,29.85,30.25,29.74,29.83,68100,0,0
2019-10-24,29.95,30.0,29.25,29.4,86700,0,0
2019-10-25,29.32,29.65,29.01,29.37,51800,0,0
2019-10-28,29.54,29.79,29.32,29.61,28400,0,0
2019-10-29,29.48,30.26,29.48,29.98,34900,0,0
2019-10-30,29.87,29.88,29.36,29.47,54700,0,0
2019-10-31,29.36,29.36,28.71,28.93,22800,0,0
2019-11-01,29.03,29.5,29.03,29.26,52400,0,0
2019-11-04,29.47,29.57,28.82,29.01,43100,0,0
2019-11-05,29.13,29.7,29.13,29.53,32300,0,0
2019-11-06,29.42,29.52,29.07,29.2,26800,0,0
2019-11-07,32.2,34.83,32.02,34.02,130400,0,0
2019-11-08,34.25,34.93,33.61,34.0,105800,0,0
2019-11-11,33.95,33.95,33.01,33.53,64300,0,0
2019-11-12,33.05,33.7,32.79,33.11,58800,0,0
2019-11-13,33.06,33.47,32.69,32.77,48200,0,0
2019-11-14,32.74,33.17,32.43,32.97,42000,0,0
2019-11-15,33.19,33.19,32.45,32.59,38700,0,0
2019-11-18,32.52,32.63,31.74,32.37,53300,0,0
2019-11-19,32.53,33.32,32.53,33.05,34400,0,0
2019-11-20,32.86,33.32,32.86,33.03,40800,0,0
2019-11-21,33.13,33.23,32.42,33.05,42000,0,0
2019-11-22,33.12,33.2,32.53,32.79,29000,0,0
2019-11-25,32.72,33.73,32.7,33.2,32700,0,0
2019-11-26,33.19,33.41,32.52,32.71,33200,0,0
2019-11-27,32.84,32.84,32.22,32.58,29100,0,0
2019-11-29,32.47,32.75,32.27,32.5,17500,0,0
2019-12-02,32.51,32.59,32.12,32.36,25700,0,0
2019-12-03,32.07,32.07,31.51,32.04,26300,0,0
2019-12-04,32.21,32.3,31.44,31.49,49900,0,0
2019-12-05,31.65,31.75,30.94,31.1,49200,0,0
2019-12-06,31.44,31.54,31.12,31.36,36800,0,0
2019-12-09,31.29,31.51,31.07,31.19,26300,0,0
2019-12-10,31.22,31.63,30.59,30.98,185900,0,0
2019-12-11,31.05,31.21,30.45,30.7,37600,0,0
2019-12-12,30.63,31.17,30.43,31.05,51900,0,0
2019-12-13,31.31,31.73,30.94,31.41,44100,0,0
2019-12-16,31.53,31.86,31.25,31.25,36200,0,0
2019-12-17,31.27,31.46,30.91,31.04,37800,0,0
2019-12-18,31.03,31.11,30.76,30.76,39000,0,0
2019-12-19,30.77,31.37,30.75,30.96,48400,0,0
2019-12-20,31.07,31.14,30.44,30.65,134500,0,0
2019-12-23,30.69,30.98,30.15,30.36,43600,0,0
2019-12-24,30.41,30.56,30.15,30.56,19200,0,0
2019-12-26,30.44,30.74,29.62,29.71,33400,0,0
2019-12-27,29.71,29.71,29.09,29.61,56100,0,0
2019-12-30,29.49,29.91,29.33,29.71,64600,0,0
2019-12-31,29.7,30.39,29.48,30.03,121600,0,0
