Date,Open,High,Low,Close,Volume,Dividends,Stock Splits
2010-01-04,9.82,10.34,9.77,10.33,142900,0.0,0
2010-01-05,10.47,10.83,10.31,10.51,232000,0.0,0
2010-01-06,10.52,10.62,10.22,10.35,84800,0.0,0
2010-01-07,10.3,10.42,10.09,10.41,147900,0.0,0
2010-01-08,10.33,10.47,10.17,10.41,100300,0.0,0
2010-01-11,10.38,10.45,10.31,10.39,118900,0.0,0
2010-01-12,10.29,10.39,10.05,10.22,94200,0.0,0
2010-01-13,10.27,10.41,10.18,10.4,154000,0.0,0
2010-01-14,10.34,10.41,10.21,10.28,70300,0.0,0
2010-01-15,10.25,10.41,10.18,10.27,70800,0.0,0
2010-01-19,9.94,10.28,9.7,10.28,232900,0.0,0
2010-01-20,10.35,10.35,9.87,9.94,100500,0.0,0
2010-01-21,10.01,10.09,9.56,9.74,59900,0.0,0
2010-01-22,9.87,9.87,9.49,9.6,69600,0.0,0
2010-01-25,9.74,9.74,9.58,9.68,89000,0.0,0
2010-01-26,9.58,9.66,9.45,9.57,49200,0.0,0
2010-01-27,9.52,9.52,9.21,9.3,76300,0.0,0
2010-01-28,9.37,9.38,9.26,9.34,72600,0.0,0
2010-01-29,9.34,9.77,9.3,9.61,267200,0.0,0
2010-02-01,9.7,9.81,9.6,9.7,100800,0.0,0
2010-02-02,9.78,9.98,9.68,9.9,71800,0.0,0
2010-02-03,9.9,9.9,9.55,9.61,83300,0.0,0
2010-02-04,9.58,9.62,9.37,9.4,146900,0.0,0
2010-02-05,9.35,9.35,9.14,9.34,151300,0.0,0
2010-02-08,9.26,9.86,9.23,9.53,97000,0.0,0
2010-02-09,9.58,9.73,9.35,9.58,129200,0.0,0
2010-02-10,9.62,9.65,9.51,9.57,72100,0.0,0
2010-02-11,9.61,9.65,9.38,9.6,52100,0.0,0
2010-02-12,9.4,9.65,9.31,9.61,140100,0.0,0
2010-02-16,9.72,10.31,9.58,10.29,401900,0.0,0
2010-02-17,10.3,10.36,10.14,10.15,426400,0.0,0
2010-02-18,10.19,10.19,9.97,10.07,18900,0.0,0
2010-02-19,10.13,10.13,9.89,10.0,47100,0.0,0
2010-02-22,10.07,10.07,9.81,9.87,68500,0.0,0
2010-02-23,9.8,9.8,9.17,9.22,211100,0.0,0
2010-02-24,9.22,9.3,9.01,9.12,198400,0.0,0
2010-02-25,8.97,9.09,8.74,9.05,153200,0.0,0
2010-02-26,9.03,9.2,9.02,9.18,151500,0.0,0
2010-03-01,9.16,9.38,9.16,9.26,119900,0.0,0
2010-03-02,9.0,9.45,8.97,9.19,144900,0.0,0
2010-03-03,9.16,9.51,9.16,9.43,81800,0.0,0
2010-03-04,9.41,9.57,9.41,9.52,67500,0.0,0
2010-03-05,9.57,9.8,9.57,9.76,382300,0.0,0
2010-03-08,9.75,10.17,9.75,10.16,583200,0.0,0
2010-03-09,10.28,10.42,10.02,10.22,333900,0.0,0
2010-03-10,10.22,10.27,9.99,10.15,93000,0.0,0
2010-03-11,10.17,10.23,10.09,10.13,77000,0.0,0
2010-03-12,10.15,10.31,10.04,10.15,72600,0.0,0
2010-03-15,10.07,10.21,9.98,10.05,33900,0.0,0
2010-03-16,10.04,10.15,10.02,10.08,68800,0.0,0
2010-03-17,10.09,10.17,9.98,10.05,46800,0.0,0
2010-03-18,10.05,10.06,9.87,9.93,74000,0.0,0
2010-03-19,9.87,10.02,9.79,9.87,98200,0.0,0
2010-03-22,9.77,10.02,9.77,10.02,115300,0.0,0
2010-03-23,10.05,10.49,10.04,10.49,175700,0.0,0
2010-03-24,10.34,10.55,10.33,10.51,104900,0.0,0
2010-03-25,10.51,10.75,10.51,10.55,123700,0.0,0
2010-03-26,10.62,10.67,10.41,10.45,110500,0.0,0
2010-03-29,10.55,10.78,10.55,10.69,185100,0.0,0
2010-03-30,10.65,10.79,10.59,10.72,73000,0.0,0
2010-03-31,10.69,10.84,10.63,10.69,66800,0.0,0
2010-04-01,10.7,10.91,10.69,10.75,145200,0.0,0
2010-04-05,10.85,10.85,10.73,10.76,79000,0.0,0
2010-04-06,10.78,11.07,10.76,11.06,209300,0.0,0
2010-04-07,11.11,11.38,11.07,11.15,198100,0.0,0
2010-04-08,11.08,11.23,10.84,11.1,116900,0.0,0
2010-04-09,11.17,11.46,11.07,11.43,137400,0.0,0
2010-04-12,11.52,11.7,11.43,11.69,114100,0.0,0
2010-04-13,11.76,11.97,11.71,11.84,180900,0.0,0
2010-04-14,11.85,11.97,11.85,11.96,96900,0.0,0
2010-04-15,12.03,12.53,12.03,12.11,341600,0.0,0
2010-04-16,12.16,12.27,11.93,11.96,164700,0.0,0
2010-04-19,11.99,12.04,11.73,11.88,102000,0.0,0
2010-04-20,12.06,12.08,11.95,12.0,116700,0.0,0
2010-04-21,12.02,12.04,11.62,11.68,83100,0.0,0
2010-04-22,11.53,11.57,11.29,11.56,194500,0.0,0
2010-04-23,11.61,11.61,11.36,11.39,127800,0.0,0
2010-04-26,11.46,11.51,11.24,11.29,76000,0.0,0
2010-04-27,11.3,11.4,11.02,11.1,167900,0.0,0
2010-04-28,11.1,11.3,11.03,11.23,106500,0.0,0
2010-04-29,11.31,11.65,11.3,11.64,156900,0.0,0
2010-04-30,11.81,11.82,11.5,11.65,115400,0.864094,0
2010-05-03,11.58,12.13,11.58,12.02,109200,0.0,0
2010-05-04,11.91,11.92,11.56,11.59,127400,0.0,0
2010-05-05,11.34,11.68,11.33,11.33,155300,0.0,0
2010-05-06,11.32,11.32,10.28,10.63,235300,0.0,0
2010-05-07,10.48,11.13,10.19,10.38,173000,0.0,0
2010-05-10,10.82,11.4,10.78,11.15,204800,0.0,0
2010-05-11,11.14,11.23,10.92,10.98,145600,0.0,0
2010-05-12,10.98,11.06,10.9,10.99,116600,0.0,0
2010-05-13,10.94,10.96,10.72,10.8,151500,0.0,0
2010-05-14,10.72,10.72,10.3,10.49,102000,0.0,0
2010-05-17,10.45,10.49,9.92,10.1,394300,0.0,0
2010-05-18,10.15,10.34,10.07,10.12,415900,0.0,0
2010-05-19,9.97,10.13,9.85,10.01,245400,0.0,0
2010-05-20,9.86,9.89,9.66,9.69,251200,0.0,0
2010-05-21,9.66,9.82,9.34,9.67,173300,0.0,0
2010-05-24,9.58,9.73,9.54,9.56,185200,0.0,0
2010-05-25,9.53,9.53,9.14,9.24,263300,0.0,0
2010-05-26,9.27,9.36,8.81,8.95,1225500,0.0,0
2010-05-27,9.03,9.88,8.91,9.86,536700,0.0,0
2010-05-28,9.82,9.95,9.64,9.71,186700,0.0,0
2010-06-01,9.71,10.0,9.67,9.78,138700,0.0,0
2010-06-02,9.84,10.14,9.73,10.07,94200,0.0,0
2010-06-03,9.98,10.26,9.98,10.22,130000,0.0,0
2010-06-04,9.97,10.16,9.89,9.96,166300,0.0,0
2010-06-07,9.91,10.07,9.71,9.78,130200,0.0,0
2010-06-08,9.7,9.83,9.59,9.81,127000,0.0,0
2010-06-09,9.79,10.4,9.75,10.11,142000,0.0,0
2010-06-10,10.18,10.41,10.17,10.33,101200,0.0,0
2010-06-11,10.16,10.52,10.13,10.47,145200,0.0,0
2010-06-14,10.69,10.81,10.57,10.59,181900,0.0,0
2010-06-15,10.59,10.91,10.53,10.9,310900,0.0,0
2010-06-16,10.75,10.95,10.72,10.85,153700,0.0,0
2010-06-17,10.87,10.93,10.74,10.82,107100,0.0,0
2010-06-18,10.76,10.94,10.68,10.88,110800,0.0,0
2010-06-21,11.05,11.1,10.62,10.66,94400,0.0,0
2010-06-22,10.77,10.9,10.7,10.73,46600,0.0,0
2010-06-23,10.68,10.8,10.53,10.6,218300,0.0,0
2010-06-24,10.49,10.57,10.38,10.45,82600,0.0,0
2010-06-25,10.4,10.62,10.28,10.46,84100,0.0,0
2010-06-28,10.52,10.52,10.4,10.41,40600,0.0,0
2010-06-29,10.31,10.35,9.77,9.84,122100,0.0,0
2010-06-30,9.64,10.03,9.64,9.79,127100,0.0,0
2010-07-01,9.76,9.82,9.39,9.73,154200,0.0,0
2010-07-02,9.79,9.82,9.64,9.72,103200,0.0,0
2010-07-06,9.77,10.04,9.69,9.8,153700,0.0,0
2010-07-07,9.85,10.16,9.85,10.1,113100,0.0,0
2010-07-08,10.23,10.25,10.02,10.23,90500,0.0,0
2010-07-09,10.26,10.31,10.19,10.24,104400,0.0,0
2010-07-12,10.33,10.33,10.06,10.13,152200,0.0,0
2010-07-13,10.31,10.44,10.13,10.42,204900,0.0,0
2010-07-14,10.4,10.52,10.25,10.49,65200,0.0,0
2010-07-15,10.53,10.53,10.25,10.38,94200,0.0,0
2010-07-16,10.36,10.36,9.99,10.01,126300,0.0,0
2010-07-19,10.13,10.14,9.95,10.07,66500,0.0,0
2010-07-20,9.97,10.32,9.96,10.32,137300,0.0,0
2010-07-21,10.42,10.64,10.4,10.6,91500,0.0,0
2010-07-22,10.78,11.06,10.73,10.76,138700,0.0,0
2010-07-23,10.68,11.06,10.55,11.03,83700,0.0,0
2010-07-26,11.03,11.2,10.78,11.19,92800,0.0,0
2010-07-27,11.29,11.37,11.1,11.18,50900,0.0,0
2010-07-28,11.14,11.17,10.85,10.95,63700,0.0,0
2010-07-29,11.07,11.08,10.86,10.94,116800,0.0,0
2010-07-30,10.79,10.97,10.77,10.87,161100,0.0,0
2010-08-02,10.95,11.08,10.95,11.03,162900,0.0,0
2010-08-03,10.95,11.16,10.9,10.99,231200,0.0,0
2010-08-04,10.96,11.07,10.87,11.04,157400,0.0,0
2010-08-05,11.03,11.7,11.0,11.65,286300,0.0,0
2010-08-06,11.66,12.06,11.62,11.88,608500,0.0,0
2010-08-09,12.02,12.12,11.89,11.99,696000,0.0,0
2010-08-10,12.03,12.03,11.74,11.88,141400,0.0,0
2010-08-11,11.39,11.74,11.2,11.69,162600,0.0,0
2010-08-12,11.57,11.78,11.57,11.69,300700,0.0,0
2010-08-13,11.69,11.95,11.63,11.84,106700,0.0,0
2010-08-16,11.9,11.93,11.73,11.84,149000,0.0,0
2010-08-17,11.99,12.04,11.85,11.99,211300,0.0,0
2010-08-18,12.0,12.38,11.93,12.3,192100,0.0,0
2010-08-19,12.15,12.53,12.07,12.37,140500,0.0,0
2010-08-20,12.36,12.51,12.26,12.46,185000,0.0,0
2010-08-23,12.44,12.51,12.02,12.02,120800,0.0,0
2010-08-24,11.85,11.96,11.33,11.33,439100,0.0,0
2010-08-25,11.29,11.62,11.23,11.6,215300,0.0,0
2010-08-26,11.71,11.85,11.37,11.41,171900,0.0,0
2010-08-27,11.52,11.53,11.13,11.24,253000,0.0,0
2010-08-30,11.22,11.33,11.19,11.24,147700,0.0,0
2010-08-31,11.17,11.32,11.12,11.21,131300,0.0,0
2010-09-01,11.32,11.62,11.26,11.48,139700,0.0,0
2010-09-02,11.5,11.59,11.41,11.47,131800,0.0,0
2010-09-03,11.62,11.63,11.48,11.61,104900,0.0,0
2010-09-07,11.53,11.64,11.35,11.37,81700,0.0,0
2010-09-08,11.47,11.62,11.32,11.34,94500,0.0,0
2010-09-09,11.39,11.62,11.39,11.53,124600,0.0,0
2010-09-10,11.6,11.6,11.47,11.54,32800,0.0,0
2010-09-13,11.64,11.65,11.45,11.56,121100,0.0,0
2010-09-14,11.56,11.68,11.46,11.52,73600,0.0,0
2010-09-15,11.44,11.5,11.23,11.38,106400,0.0,0
2010-09-16,11.33,11.39,11.2,11.35,110300,0.0,0
2010-09-17,11.38,11.65,11.38,11.62,157000,0.0,0
2010-09-20,11.68,11.97,11.59,11.93,211400,0.0,0
2010-09-21,12.09,12.25,11.8,11.99,118200,0.0,0
2010-09-22,11.98,12.02,11.76,11.9,93800,0.0,0
2010-09-23,11.72,12.18,11.72,12.03,165100,0.0,0
2010-09-24,12.15,12.31,12.07,12.23,86000,0.0,0
2010-09-27,12.21,12.39,12.15,12.31,75600,0.0,0
2010-09-28,12.4,13.2,12.31,13.16,474400,0.0,0
2010-09-29,13.25,13.47,12.93,13.11,278700,0.0,0
2010-09-30,13.11,13.37,12.61,12.62,194900,0.0,0
2010-10-01,12.77,12.86,12.61,12.86,169300,0.0,0
2010-10-04,12.93,13.17,12.84,12.94,173900,0.0,0
2010-10-05,13.13,13.26,13.07,13.16,131600,0.0,0
2010-10-06,13.2,13.27,12.93,13.0,78400,0.0,0
2010-10-07,13.06,13.1,12.83,12.87,80900,0.0,0
2010-10-08,12.95,13.08,12.72,13.0,117100,0.0,0
2010-10-11,12.96,13.09,12.94,13.02,50000,0.0,0
2010-10-12,13.02,13.05,12.78,12.96,66900,0.0,0
2010-10-13,13.12,13.31,12.82,13.19,222000,0.0,0
2010-10-14,13.27,13.8,13.27,13.41,457600,0.0,0
2010-10-15,13.65,13.65,13.34,13.53,298800,0.0,0
2010-10-18,13.64,13.67,13.39,13.44,82900,0.0,0
2010-10-19,13.27,13.39,13.0,13.12,108200,0.0,0
2010-10-20,13.25,13.4,13.23,13.37,109500,0.0,0
2010-10-21,13.48,13.61,13.34,13.45,159800,0.0,0
2010-10-22,13.55,13.72,13.49,13.67,62300,0.0,0
2010-10-25,13.91,13.96,13.68,13.74,135100,0.0,0
2010-10-26,13.59,13.73,13.45,13.57,105500,0.0,0
2010-10-27,13.45,16.17,13.45,14.57,3480600,0.0,0
2010-10-28,14.8,15.15,13.9,13.99,608700,0.0,0
2010-10-29,13.94,14.29,13.78,14.2,206000,0.0,0
2010-11-01,14.27,14.49,14.1,14.15,239300,0.0,0
2010-11-02,14.14,14.65,14.14,14.49,190400,0.0,0
2010-11-03,14.46,15.1,14.4,14.93,177000,0.0,0
2010-11-04,15.05,15.49,15.01,15.25,408000,0.0,0
2010-11-05,15.22,15.35,15.0,15.15,194000,0.0,0
2010-11-08,15.25,15.25,14.59,14.59,312600,0.0,0
2010-11-09,14.75,14.78,14.23,14.34,408400,0.0,0
2010-11-10,14.33,15.02,14.3,15.01,216800,0.0,0
2010-11-11,15.03,15.17,14.73,14.85,137900,0.0,0
2010-11-12,14.86,14.96,14.4,14.46,110600,0.0,0
2010-11-15,14.62,14.62,14.31,14.35,127600,0.0,0
2010-11-16,14.39,14.56,13.86,14.15,196500,0.0,0
2010-11-17,14.22,14.33,14.12,14.14,89700,0.0,0
2010-11-18,14.4,14.68,14.21,14.52,133000,0.0,0
2010-11-19,14.6,14.73,14.4,14.62,76100,0.0,0
2010-11-22,14.67,15.01,14.65,14.92,678600,0.0,0
2010-11-23,14.71,14.84,14.15,14.33,226700,0.0,0
2010-11-24,14.37,14.68,14.33,14.61,202500,0.0,0
2010-11-26,14.62,14.77,14.5,14.71,76000,0.0,0
2010-11-29,14.61,14.61,14.31,14.49,180700,0.0,0
2010-11-30,14.48,14.56,14.3,14.44,159800,0.0,0
2010-12-01,14.53,14.77,14.45,14.77,357100,0.0,0
2010-12-02,14.76,14.98,14.68,14.74,378300,0.0,0
2010-12-03,14.86,14.92,14.54,14.67,105600,0.0,0
2010-12-06,14.81,15.24,14.81,15.08,326800,0.0,0
2010-12-07,15.33,15.42,14.71,14.79,215400,0.0,0
2010-12-08,14.8,14.97,14.78,14.88,109300,0.0,0
2010-12-09,15.02,15.08,14.8,14.89,247200,0.0,0
2010-12-10,15.17,15.49,15.11,15.19,206500,0.0,0
2010-12-13,15.4,15.59,15.34,15.36,169000,0.0,0
2010-12-14,15.44,15.51,15.05,15.08,96100,0.0,0
2010-12-15,15.05,15.21,14.93,15.01,250100,0.46558,0
2010-12-16,15.03,15.14,14.81,14.94,183600,0.0,0
2010-12-17,14.92,14.99,14.69,14.9,158500,0.0,0
2010-12-20,15.0,15.21,14.91,15.07,174500,0.0,0
2010-12-21,15.23,15.25,14.96,15.0,223900,0.0,0
2010-12-22,14.92,15.18,14.87,15.09,155700,0.0,0
2010-12-23,15.12,15.19,15.06,15.14,127600,0.0,0
2010-12-27,15.2,15.26,15.09,15.12,94100,0.0,0
2010-12-28,15.17,15.17,14.97,15.01,61400,0.0,0
2010-12-29,15.17,15.34,15.06,15.08,93700,0.0,0
2010-12-30,15.12,15.14,15.0,15.06,94900,0.0,0
2010-12-31,15.03,15.15,15.01,15.11,57400,0.0,0
2011-01-03,15.24,15.47,15.23,15.31,314500,0.0,0
2011-01-04,15.6,15.69,15.35,15.49,403400,0.0,0
2011-01-05,15.39,15.52,15.32,15.4,287400,0.0,0
2011-01-06,15.34,16.02,15.34,15.63,622500,0.0,0
2011-01-07,15.95,16.3,15.46,15.57,698100,0.0,0
2011-01-10,15.59,15.72,15.48,15.69,306100,0.0,0
2011-01-11,15.72,15.93,15.69,15.74,200400,0.0,0
2011-01-12,15.91,15.96,15.88,15.94,222200,0.0,0
2011-01-13,15.9,16.04,15.73,15.87,263500,0.0,0
2011-01-14,15.93,16.05,15.81,16.01,146500,0.0,0
2011-01-18,16.16,16.36,16.08,16.34,268400,0.0,0
2011-01-19,16.37,16.53,16.2,16.26,218500,0.0,0
2011-01-20,16.23,16.31,16.08,16.15,184500,0.0,0
2011-01-21,16.33,16.33,16.12,16.2,217500,0.0,0
2011-01-24,16.32,16.32,16.06,16.13,141900,0.0,0
2011-01-25,16.1,16.13,15.82,15.91,135000,0.0,0
2011-01-26,15.94,16.15,15.79,15.94,154700,0.0,0
2011-01-27,16.02,16.09,15.75,15.94,173900,0.0,0
2011-01-28,15.91,16.02,15.35,15.4,156000,0.0,0
2011-01-31,15.37,15.93,15.37,15.67,230000,0.0,0
2011-02-01,15.85,16.2,15.85,15.98,156200,0.0,0
2011-02-02,16.0,16.04,15.76,15.88,53700,0.0,0
2011-02-03,15.97,16.15,15.85,16.04,96500,0.0,0
2011-02-04,16.12,16.32,15.82,15.87,118600,0.0,0
2011-02-07,15.88,16.06,15.84,15.98,107100,0.0,0
2011-02-08,16.02,16.02,15.78,15.95,37300,0.0,0
2011-02-09,15.91,16.12,15.74,15.78,92100,0.0,0
2011-02-10,15.74,15.74,15.27,15.37,147700,0.0,0
2011-02-11,15.25,15.5,15.21,15.43,75100,0.0,0
2011-02-14,15.54,15.56,15.38,15.52,64900,0.0,0
2011-02-15,15.57,15.72,15.48,15.52,50600,0.0,0
2011-02-16,15.54,15.72,15.49,15.64,163500,0.0,0
2011-02-17,15.57,15.66,15.24,15.39,176500,0.0,0
2011-02-18,15.37,15.48,15.18,15.35,112500,0.0,0
2011-02-22,15.19,15.29,14.72,15.12,449500,0.0,0
2011-02-23,15.24,15.36,14.16,14.36,397500,0.0,0
2011-02-24,14.26,14.46,13.92,14.03,309500,0.0,0
2011-02-25,14.26,14.39,14.06,14.25,449100,0.0,0
2011-02-28,14.43,14.5,14.22,14.32,232800,0.0,0
2011-03-01,14.43,14.48,14.11,14.18,140100,0.0,0
2011-03-02,14.15,14.21,13.97,14.14,236400,0.0,0
2011-03-03,14.33,14.56,14.16,14.55,155200,0.0,0
2011-03-04,14.55,14.93,14.49,14.91,240100,0.0,0
2011-03-07,15.01,15.02,14.53,14.56,145400,0.0,0
2011-03-08,14.67,14.83,14.51,14.69,53000,0.0,0
2011-03-09,14.61,14.92,14.58,14.69,110700,0.0,0
2011-03-10,14.57,14.6,14.2,14.24,130400,0.0,0
2011-03-11,14.13,14.31,14.02,14.23,106000,0.0,0
2011-03-14,14.16,14.22,13.97,14.18,110200,0.0,0
2011-03-15,13.95,14.48,13.38,14.35,347800,0.0,0
2011-03-16,14.31,14.43,13.76,13.93,422300,0.0,0
2011-03-17,14.15,14.22,13.93,14.09,106100,0.0,0
2011-03-18,14.36,14.49,14.23,14.39,239500,0.0,0
2011-03-21,14.61,14.79,14.61,14.67,94600,0.0,0
2011-03-22,14.7,14.77,14.53,14.58,102700,0.0,0
2011-03-23,14.58,14.58,14.43,14.57,98700,0.0,0
2011-03-24,14.69,14.86,14.6,14.84,52300,0.0,0
2011-03-25,14.84,14.88,14.6,14.66,76400,0.0,0
2011-03-28,14.75,14.91,14.68,14.83,97400,0.0,0
2011-03-29,14.83,14.87,14.63,14.86,116300,0.0,0
2011-03-30,14.87,15.13,14.8,15.11,85500,0.0,0
2011-03-31,15.12,15.41,15.01,15.05,232300,0.0,0
2011-04-01,15.21,15.48,15.14,15.42,112200,0.0,0
2011-04-04,15.49,15.63,15.4,15.6,116600,0.0,0
2011-04-05,15.65,15.74,15.5,15.54,78300,0.0,0
2011-04-06,15.69,15.72,15.46,15.56,81300,0.0,0
2011-04-07,15.58,15.72,15.32,15.4,113000,0.0,0
2011-04-08,15.54,15.63,15.31,15.45,68900,0.0,0
2011-04-11,15.52,15.52,15.26,15.31,55700,0.0,0
2011-04-12,15.35,15.36,15.13,15.27,127600,0.0,0
2011-04-13,15.38,15.38,14.89,14.98,303100,0.0,0
2011-04-14,14.92,15.21,14.79,14.82,291200,1.14758,0
2011-04-15,14.88,14.93,14.58,14.7,220200,0.0,0
2011-04-18,14.63,14.65,14.22,14.22,270700,0.0,0
2011-04-19,14.24,14.65,13.66,14.12,326200,0.0,0
2011-04-20,14.26,14.36,14.07,14.21,191100,0.0,0
2011-04-21,14.36,14.53,14.26,14.4,115000,0.0,0
2011-04-25,14.48,14.61,14.32,14.45,116100,0.0,0
2011-04-26,14.54,14.54,14.35,14.42,151600,0.0,0
2011-04-27,14.46,14.52,14.23,14.42,133000,0.0,0
2011-04-28,14.42,14.54,14.21,14.47,87100,0.0,0
2011-04-29,14.52,14.56,14.3,14.52,95000,0.0,0
2011-05-02,14.49,14.57,14.03,14.22,284000,0.0,0
2011-05-03,14.21,14.65,14.07,14.65,141000,0.0,0
2011-05-04,14.64,14.97,14.52,14.88,193000,0.0,0
2011-05-05,14.84,15.02,14.8,14.96,211700,0.0,0
2011-05-06,15.14,15.24,14.93,15.02,159400,0.0,0
2011-05-09,14.97,15.15,14.91,15.12,203000,0.0,0
2011-05-10,15.23,15.55,15.1,15.52,226500,0.0,0
2011-05-11,15.56,15.59,15.21,15.39,169100,0.0,0
2011-05-12,15.37,15.64,15.22,15.53,183000,0.0,0
2011-05-13,15.66,15.66,15.24,15.39,121400,0.0,0
2011-05-16,15.43,15.53,15.28,15.31,116700,0.0,0
2011-05-17,15.31,15.57,15.29,15.57,127600,0.0,0
2011-05-18,15.63,15.87,15.59,15.8,149500,0.0,0
2011-05-19,15.87,15.96,15.64,15.71,174800,0.0,0
2011-05-20,15.76,15.8,15.52,15.76,83200,0.0,0
2011-05-23,15.68,15.72,15.54,15.65,114600,0.0,0
2011-05-24,15.97,15.97,15.51,15.66,111600,0.0,0
2011-05-25,15.71,15.81,15.56,15.73,77400,0.0,0
2011-05-26,15.68,15.71,15.47,15.62,128300,0.0,0
2011-05-27,15.71,15.75,15.57,15.71,126800,0.0,0
2011-05-31,15.59,15.63,15.21,15.34,214100,0.0,0
2011-06-01,15.34,15.34,14.92,14.94,155800,0.0,0
2011-06-02,14.94,14.96,14.73,14.79,204400,0.0,0
2011-06-03,14.68,14.74,14.52,14.54,172500,0.0,0
2011-06-06,14.57,14.7,14.37,14.63,141400,0.0,0
2011-06-07,14.78,15.0,14.65,14.9,145900,0.0,0
2011-06-08,14.94,14.99,14.73,14.79,155300,0.0,0
2011-06-09,14.86,15.09,14.8,15.05,103100,0.0,0
2011-06-10,15.07,15.24,14.84,15.08,185700,0.0,0
2011-06-13,15.22,15.3,15.1,15.22,141800,0.0,0
2011-06-14,15.39,15.72,15.39,15.69,200300,0.0,0
2011-06-15,15.64,15.82,15.47,15.57,155300,0.0,0
2011-06-16,15.61,15.67,15.18,15.31,171200,0.0,0
2011-06-17,15.58,15.89,15.5,15.85,728200,0.0,0
2011-06-20,15.78,16.42,15.71,16.4,378800,0.0,0
2011-06-21,16.55,16.68,16.36,16.41,187400,0.0,0
2011-06-22,16.36,16.5,16.15,16.19,159200,0.0,0
2011-06-23,16.08,16.29,15.86,16.27,136100,0.0,0
2011-06-24,16.38,16.38,16.01,16.1,91600,0.0,0
2011-06-27,16.17,16.47,16.04,16.42,129600,0.0,0
2011-06-28,16.41,16.67,16.41,16.52,133300,0.0,0
2011-06-29,16.61,16.69,16.46,16.57,138600,0.0,0
2011-06-30,16.68,16.75,16.45,16.59,219600,0.0,0
2011-07-01,16.71,17.0,16.64,16.98,186500,0.0,0
2011-07-05,17.12,17.12,16.81,16.92,192200,0.0,0
2011-07-06,16.9,17.01,16.82,16.92,174900,0.0,0
2011-07-07,17.06,17.06,16.63,16.7,181900,0.0,0
2011-07-08,16.61,16.82,16.46,16.64,131900,0.0,0
2011-07-11,16.23,16.5,16.13,16.22,104300,0.0,0
2011-07-12,16.24,16.43,15.96,16.16,136600,0.0,0
2011-07-13,16.27,16.43,15.91,16.15,229100,0.0,0
2011-07-14,16.22,16.35,16.03,16.17,308800,0.0,0
2011-07-15,16.26,16.38,16.06,16.33,206900,0.0,0
2011-07-18,16.33,16.36,15.85,15.9,138500,0.0,0
2011-07-19,15.97,16.06,15.68,15.77,227200,0.0,0
2011-07-20,16.05,16.13,15.82,15.96,144100,0.0,0
2011-07-21,16.11,16.75,16.03,16.6,393600,0.0,0
2011-07-22,16.64,16.64,16.31,16.57,176000,0.0,0
2011-07-25,16.55,16.62,16.32,16.36,126400,0.0,0
2011-07-26,16.43,16.51,16.32,16.5,166600,0.0,0
2011-07-27,16.48,16.49,15.98,16.09,181400,0.0,0
2011-07-28,16.08,16.39,16.01,16.03,185500,0.0,0
2011-07-29,15.98,16.23,15.87,16.1,171200,0.0,0
2011-08-01,16.41,16.47,16.05,16.27,195300,0.0,0
2011-08-02,16.23,16.54,16.23,16.38,301000,0.0,0
2011-08-03,16.48,16.48,16.04,16.19,197900,0.0,0
2011-08-04,16.05,16.1,15.2,15.31,378900,0.0,0
2011-08-05,15.31,15.54,14.83,15.4,322600,0.0,0
2011-08-08,15.1,15.12,14.01,14.03,352400,0.0,0
2011-08-09,14.17,14.84,14.03,14.84,479500,0.0,0
2011-08-10,14.75,14.76,14.28,14.35,232400,0.0,0
2011-08-11,14.43,14.93,14.31,14.86,149400,0.0,0
2011-08-12,14.95,15.26,14.56,14.66,199500,0.0,0
2011-08-15,14.86,15.28,14.57,15.22,460300,0.0,0
2011-08-16,15.2,15.34,14.82,15.14,282200,0.0,0
2011-08-17,15.29,15.43,15.01,15.1,186100,0.0,0
2011-08-18,14.89,14.89,14.42,14.77,233100,0.0,0
2011-08-19,14.62,14.82,14.33,14.37,156900,0.0,0
2011-08-22,14.68,14.79,14.52,14.55,101200,0.0,0
2011-08-23,14.64,15.01,14.64,14.83,252600,0.0,0
2011-08-24,14.94,15.32,14.85,15.04,201300,0.0,0
2011-08-25,15.14,15.2,14.61,14.66,196600,0.0,0
2011-08-26,14.69,14.75,14.33,14.69,134700,0.0,0
2011-08-29,14.96,15.04,14.82,14.89,117000,0.0,0
2011-08-30,14.86,14.88,14.72,14.77,170200,0.0,0
2011-08-31,14.93,14.93,14.52,14.72,255500,0.0,0
2011-09-01,14.84,14.85,14.64,14.68,140800,0.0,0
2011-09-02,14.43,14.64,14.43,14.51,194300,0.0,0
2011-09-06,14.33,14.33,13.94,13.99,262400,0.0,0
2011-09-07,14.23,14.3,13.91,14.0,188100,0.0,0
2011-09-08,13.94,13.97,13.58,13.63,201400,0.0,0
2011-09-09,13.52,13.6,12.82,12.96,361500,0.0,0
2011-09-12,12.82,12.89,12.41,12.78,323700,0.0,0
2011-09-13,12.79,12.93,12.74,12.82,241700,0.0,0
2011-09-14,12.77,13.1,12.64,13.05,170300,0.0,0
2011-09-15,13.2,13.28,12.89,12.99,221300,0.0,0
2011-09-16,13.1,13.26,12.84,13.0,252000,0.0,0
2011-09-19,12.74,12.93,12.61,12.71,266200,0.0,0
2011-09-20,12.75,13.16,12.64,12.94,277600,0.0,0
2011-09-21,13.0,13.06,12.53,12.56,201700,0.0,0
2011-09-22,12.25,12.26,11.54,11.79,568400,0.0,0
2011-09-23,11.76,12.09,11.66,11.95,273500,0.0,0
2011-09-26,11.94,12.03,11.56,11.77,193200,0.0,0
2011-09-27,12.07,12.39,12.07,12.25,291800,0.0,0
2011-09-28,12.25,12.39,11.9,11.93,142600,0.0,0
2011-09-29,12.18,12.25,12.0,12.05,208800,0.0,0
2011-09-30,11.93,12.15,11.71,11.86,313000,0.0,0
2011-10-03,11.8,11.82,11.04,11.16,459100,0.0,0
2011-10-04,11.01,11.06,10.76,11.06,469600,0.0,0
2011-10-05,11.07,11.16,10.89,11.13,294000,0.0,0
2011-10-06,11.07,11.37,11.07,11.32,280000,0.0,0
2011-10-07,11.36,12.71,11.31,11.38,294500,0.0,0
2011-10-10,11.65,12.25,11.65,12.09,328900,0.0,0
2011-10-11,11.95,12.09,11.86,11.9,259800,0.0,0
2011-10-12,11.97,12.33,11.97,12.25,425900,0.0,0
2011-10-13,12.14,12.47,12.04,12.42,182900,0.0,0
2011-10-14,12.59,12.8,12.5,12.75,184200,0.0,0
2011-10-17,12.77,12.98,12.63,12.88,302600,0.0,0
2011-10-18,12.88,12.91,12.63,12.79,207700,0.0,0
2011-10-19,12.77,12.82,12.54,12.58,151200,0.0,0
2011-10-20,12.57,12.61,12.22,12.26,134100,0.0,0
2011-10-21,12.46,12.95,12.46,12.81,323200,0.0,0
2011-10-24,12.82,13.23,12.73,13.05,251700,0.0,0
2011-10-25,13.08,13.11,12.78,12.87,236600,0.0,0
2011-10-26,13.58,14.03,13.0,13.23,330000,0.0,0
2011-10-27,14.07,14.11,13.42,13.51,411700,0.0,0
2011-10-28,13.73,13.73,13.3,13.47,247800,0.0,0
2011-10-31,13.44,13.53,12.71,12.78,422300,0.0,0
2011-11-01,12.66,12.66,12.19,12.49,526300,0.0,0
2011-11-02,12.76,12.97,12.57,12.82,176600,0.0,0
2011-11-03,12.89,13.09,12.7,12.79,281400,0.0,0
2011-11-04,12.73,12.97,12.72,12.94,184200,0.0,0
2011-11-07,12.88,13.09,12.72,12.91,205500,0.0,0
2011-11-08,12.93,12.93,12.59,12.77,259400,0.0,0
2011-11-09,12.48,12.49,12.25,12.28,376100,0.0,0
2011-11-10,12.44,12.46,12.13,12.25,400200,0.0,0
2011-11-11,12.37,12.7,12.29,12.32,436100,0.0,0
2011-11-14,12.34,12.4,12.19,12.25,252500,0.0,0
2011-11-15,12.15,12.32,12.09,12.12,231200,0.0,0
2011-11-16,12.04,12.07,11.84,11.9,198200,0.0,0
2011-11-17,11.91,11.96,11.53,11.6,186700,0.0,0
2011-11-18,11.62,11.73,11.51,11.62,151000,0.0,0
2011-11-21,11.32,11.51,11.14,11.27,221100,0.0,0
2011-11-22,11.1,11.5,11.1,11.47,206200,0.0,0
2011-11-23,11.34,11.34,11.14,11.15,157500,0.0,0
2011-11-25,11.14,11.25,10.98,11.0,103000,0.0,0
2011-11-28,11.17,11.44,11.09,11.21,154700,0.0,0
2011-11-29,11.24,11.56,11.24,11.53,219200,0.0,0
2011-11-30,11.93,12.14,11.79,12.02,273200,0.0,0
2011-12-01,11.98,12.13,11.86,12.04,198400,0.0,0
2011-12-02,12.09,12.25,11.88,11.94,122300,0.0,0
2011-12-05,12.11,12.41,12.04,12.28,292700,0.0,0
2011-12-06,12.33,12.39,12.09,12.22,212100,0.0,0
2011-12-07,12.21,12.25,12.02,12.1,157700,0.0,0
2011-12-08,12.05,12.06,11.76,11.82,199600,0.0,0
2011-12-09,11.91,12.33,11.91,12.25,199900,0.0,0
2011-12-12,12.61,12.61,11.97,12.44,285500,0.0,0
2011-12-13,12.42,12.44,11.7,11.79,258800,0.0,0
2011-12-14,11.73,11.77,11.56,11.65,217700,0.0,0
2011-12-15,11.77,11.77,11.54,11.68,154100,0.0,0
2011-12-16,11.76,11.77,11.65,11.69,125500,0.0,0
2011-12-19,11.69,11.76,11.27,11.29,166200,0.0,0
2011-12-20,11.46,11.74,10.9,11.2,736800,0.0,0
2011-12-21,11.22,11.52,11.22,11.49,336800,0.0,0
2011-12-22,11.58,11.84,11.46,11.62,292300,0.0,0
2011-12-23,11.7,11.72,11.49,11.54,113700,0.0,0
2011-12-27,11.54,11.63,11.41,11.51,203200,0.0,0
2011-12-28,11.52,11.56,11.22,11.33,221600,0.0,0
2011-12-29,11.37,11.48,11.26,11.41,160100,0.0,0
2011-12-30,11.3,11.55,11.3,11.38,211000,0.0,0
2012-01-03,11.63,11.91,11.63,11.84,213800,0.0,0
2012-01-04,11.84,12.49,11.83,12.47,418700,0.0,0
2012-01-05,12.47,12.47,12.22,12.35,282000,0.0,0
2012-01-06,12.37,12.4,12.17,12.18,188300,0.0,0
2012-01-09,12.21,12.32,12.05,12.15,250600,0.0,0
2012-01-10,12.21,12.99,12.15,12.9,483600,0.0,0
2012-01-11,12.79,12.92,12.61,12.81,276000,0.0,0
2012-01-12,12.85,13.45,12.85,13.28,414200,0.0,0
2012-01-13,13.28,13.28,12.73,12.91,180300,0.0,0
2012-01-17,13.05,13.19,12.9,13.07,198400,0.0,0
2012-01-18,13.07,13.44,12.95,13.44,303100,0.0,0
2012-01-19,13.49,13.61,13.24,13.6,300300,0.0,0
2012-01-20,13.57,13.74,13.56,13.73,264600,0.0,0
2012-01-23,13.87,13.87,13.56,13.76,204600,0.0,0
2012-01-24,13.75,13.85,13.56,13.84,239500,0.0,0
2012-01-25,13.85,13.97,13.7,13.96,183000,0.0,0
2012-01-26,13.98,14.21,13.89,13.94,216300,0.0,0
2012-01-27,13.95,13.96,13.67,13.74,171400,0.0,0
2012-01-30,13.68,13.7,13.3,13.41,255900,0.0,0
2012-01-31,13.61,13.8,13.23,13.33,147800,0.0,0
2012-02-01,13.46,14.0,13.46,13.96,396400,0.0,0
2012-02-02,14.17,14.17,13.86,13.94,341500,0.0,0
2012-02-03,14.0,14.09,13.66,13.68,304900,0.0,0
2012-02-06,13.67,13.68,13.46,13.57,221800,0.0,0
2012-02-07,13.59,13.61,13.04,13.07,377600,0.0,0
2012-02-08,13.13,13.16,12.79,12.9,314100,0.0,0
2012-02-09,12.95,13.02,12.65,12.77,372300,0.0,0
2012-02-10,12.67,12.73,12.51,12.69,199200,0.0,0
2012-02-13,12.86,12.88,12.57,12.6,221800,0.0,0
2012-02-14,12.54,12.56,12.12,12.18,378900,0.0,0
2012-02-15,12.25,12.3,11.97,12.19,831800,0.0,0
2012-02-16,12.2,12.49,12.01,12.47,473300,0.0,0
2012-02-17,12.49,12.78,12.47,12.73,424400,0.0,0
2012-02-21,12.88,13.11,12.62,12.73,210800,0.0,0
2012-02-22,12.7,12.74,12.51,12.66,236900,0.0,0
2012-02-23,12.72,12.77,12.52,12.58,194500,0.0,0
2012-02-24,12.69,12.69,12.09,12.13,246200,0.0,0
2012-02-27,12.09,12.1,11.77,11.84,352900,0.0,0
2012-02-28,11.78,11.86,11.47,11.65,492300,0.0,0
2012-02-29,11.79,11.85,11.52,11.75,371500,0.0,0
2012-03-01,11.79,11.94,11.7,11.89,341200,0.0,0
2012-03-02,11.86,11.98,11.8,11.9,139900,0.0,0
2012-03-05,11.9,11.9,11.57,11.79,160000,0.0,0
2012-03-06,11.77,11.9,11.46,11.49,330600,0.0,0
2012-03-07,11.49,11.74,11.46,11.7,136900,0.0,0
2012-03-08,11.85,11.85,11.66,11.71,136300,0.0,0
2012-03-09,11.76,11.79,11.53,11.62,165300,0.0,0
2012-03-12,11.62,11.62,11.48,11.53,216600,0.0,0
2012-03-13,11.62,11.65,11.48,11.62,134400,0.0,0
2012-03-14,11.62,11.92,11.61,11.78,316300,0.0,0
2012-03-15,11.84,12.07,11.75,12.05,270700,0.0,0
2012-03-16,12.09,12.26,11.9,11.98,181700,0.0,0
2012-03-19,11.97,12.21,11.93,12.05,223300,0.0,0
2012-03-20,12.01,12.01,11.72,11.77,174200,0.0,0
2012-03-21,11.79,12.0,11.7,12.0,283600,0.0,0
2012-03-22,11.98,12.12,11.86,12.11,271500,0.0,0
2012-03-23,12.11,12.12,11.74,11.86,247200,0.0,0
2012-03-26,11.76,12.0,11.11,11.34,788500,0.0,0
2012-03-27,11.35,11.39,11.11,11.21,357300,0.0,0
2012-03-28,11.28,11.33,11.01,11.14,431600,0.0,0
2012-03-29,11.14,11.25,10.96,11.2,481500,0.0,0
2012-03-30,11.2,11.44,11.2,11.28,254800,0.0,0
2012-04-02,11.28,11.41,11.04,11.06,422600,0.0,0
2012-04-03,11.09,11.25,10.95,11.17,315800,0.0,0
2012-04-04,11.15,11.17,11.0,11.01,623700,0.0,0
2012-04-05,10.98,11.04,10.86,10.92,217600,0.0,0
2012-04-09,10.85,10.9,10.82,10.88,183100,0.0,0
2012-04-10,10.88,10.94,10.79,10.94,501800,0.0,0
2012-04-11,11.0,11.06,10.95,11.04,293600,0.0,0
2012-04-12,11.0,11.13,10.94,10.99,265500,0.0,0
2012-04-13,10.93,10.99,10.62,10.71,445600,0.0,0
2012-04-16,10.71,10.71,10.3,10.36,535900,0.0,0
2012-04-17,10.12,10.15,9.21,9.29,1849100,0.0,0
2012-04-18,9.51,9.52,8.84,9.41,1496000,0.0,0
2012-04-19,9.34,9.46,9.02,9.35,870900,0.0,0
2012-04-20,9.36,9.5,9.23,9.39,504600,0.0,0
2012-04-23,9.25,9.46,9.11,9.34,436500,0.0,0
2012-04-24,9.38,9.52,9.36,9.42,430500,0.0,0
2012-04-25,9.44,9.48,9.21,9.41,360500,0.0,0
2012-04-26,9.36,9.39,9.2,9.34,243300,0.0,0
2012-04-27,9.41,9.62,9.23,9.6,509200,0.0,0
2012-04-30,9.55,9.59,9.29,9.31,304600,0.0,0
2012-05-01,9.31,9.31,8.97,9.13,444200,0.0,0
2012-05-02,9.14,9.22,8.9,8.97,457500,0.0,0
2012-05-03,8.95,8.95,8.78,8.91,514700,0.0,0
2012-05-04,8.96,9.09,8.75,9.09,436700,0.0,0
2012-05-07,9.09,9.2,8.96,9.15,414100,0.0,0
2012-05-08,9.02,9.27,8.9,9.25,637600,0.923423,0
2012-05-09,9.19,9.77,9.09,9.58,625900,0.0,0
2012-05-10,9.64,9.64,9.26,9.4,360300,0.0,0
2012-05-11,9.38,9.43,9.16,9.18,389200,0.0,0
2012-05-14,9.1,9.1,8.69,8.74,296000,0.0,0
2012-05-15,8.72,8.84,8.54,8.64,609400,0.0,0
2012-05-16,8.67,8.99,8.35,8.38,528200,0.0,0
2012-05-17,8.41,8.52,8.26,8.36,559500,0.0,0
2012-05-18,8.37,8.49,8.31,8.37,249900,0.0,0
2012-05-21,8.37,8.5,8.37,8.46,127800,0.0,0
2012-05-22,8.44,8.52,8.32,8.49,262000,0.0,0
2012-05-23,8.5,8.56,8.23,8.41,348000,0.0,0
2012-05-24,8.42,8.55,8.26,8.52,239800,0.0,0
2012-05-25,8.48,8.54,8.26,8.28,118400,0.0,0
2012-05-29,8.3,8.52,8.3,8.45,211900,0.0,0
2012-05-30,8.43,8.43,8.19,8.22,136400,0.0,0
2012-05-31,8.24,8.28,8.1,8.24,133000,0.0,0
2012-06-01,8.15,8.27,7.96,8.03,379000,0.0,0
2012-06-04,8.03,8.15,8.03,8.13,329800,0.0,0
2012-06-05,8.07,8.32,8.04,8.29,196500,0.0,0
2012-06-06,8.3,8.46,8.17,8.25,201800,0.0,0
2012-06-07,8.3,8.39,8.01,8.06,213900,0.0,0
2012-06-08,8.07,8.18,8.02,8.06,215900,0.0,0
2012-06-11,8.06,8.09,7.82,7.82,158700,0.0,0
2012-06-12,7.75,7.86,7.45,7.51,284700,0.0,0
2012-06-13,7.55,7.62,7.5,7.56,187100,0.0,0
2012-06-14,7.4,7.53,7.24,7.4,371100,0.0,0
2012-06-15,7.39,7.57,6.8,6.8,838200,0.0,0
2012-06-18,7.02,7.55,6.88,7.5,367000,0.0,0
2012-06-19,7.5,7.71,7.46,7.65,279200,0.0,0
2012-06-20,7.65,7.96,7.55,7.9,169800,0.0,0
2012-06-21,7.88,7.98,7.58,7.63,171600,0.0,0
2012-06-22,7.68,8.1,7.68,8.08,259100,0.0,0
2012-06-25,7.99,7.99,7.45,7.52,300600,0.0,0
2012-06-26,7.5,7.74,7.43,7.68,284900,0.0,0
2012-06-27,7.7,7.92,7.63,7.72,140900,0.0,0
2012-06-28,7.69,7.87,7.69,7.85,190800,0.0,0
2012-06-29,7.96,8.11,7.95,8.03,185800,0.0,0
2012-07-02,8.07,8.12,8.04,8.12,122100,0.0,0
2012-07-03,8.13,8.41,8.13,8.37,108900,0.0,0
2012-07-05,8.37,8.39,7.97,8.24,365400,0.0,0
2012-07-06,8.24,8.26,7.95,7.99,207400,0.0,0
2012-07-09,7.94,8.0,7.75,7.86,245100,0.0,0
2012-07-10,7.88,7.92,7.59,7.65,447600,0.0,0
2012-07-11,7.76,8.09,7.74,8.09,277100,0.0,0
2012-07-12,8.03,8.03,7.85,7.94,108300,0.0,0
2012-07-13,7.95,8.1,7.92,7.99,88100,0.0,0
2012-07-16,7.97,8.04,7.69,7.72,120000,0.0,0
2012-07-17,7.65,7.76,7.54,7.73,109900,0.0,0
2012-07-18,7.73,7.94,7.67,7.93,139600,0.0,0
2012-07-19,7.91,8.03,7.85,8.03,131900,0.0,0
2012-07-20,7.99,8.08,7.73,7.83,159300,0.0,0
2012-07-23,7.72,7.89,7.59,7.6,173200,0.0,0
2012-07-24,7.65,7.7,7.54,7.65,172900,0.0,0
2012-07-25,7.74,7.79,7.57,7.6,85900,0.0,0
2012-07-26,7.71,7.79,7.62,7.67,94700,0.0,0
2012-07-27,7.72,7.86,7.65,7.81,75700,0.0,0
2012-07-30,7.89,8.09,7.86,7.92,114200,0.0,0
2012-07-31,7.94,8.28,7.94,8.26,291900,0.0,0
2012-08-01,8.26,8.34,7.84,7.88,118000,0.0,0
2012-08-02,7.86,8.18,7.76,7.85,169500,0.0,0
2012-08-03,7.88,7.94,7.68,7.73,172500,0.0,0
2012-08-06,7.75,7.96,7.75,7.9,87400,0.0,0
2012-08-07,7.91,8.1,7.9,8.03,141800,0.0,0
2012-08-08,7.99,8.16,7.79,8.13,132800,0.0,0
2012-08-09,8.14,8.22,8.09,8.22,140300,0.0,0
2012-08-10,8.23,8.42,8.2,8.37,162500,0.0,0
2012-08-13,8.38,8.38,7.93,7.95,228000,0.0,0
2012-08-14,8.06,8.15,7.96,8.11,169800,0.0,0
2012-08-15,8.02,8.16,8.02,8.11,220900,0.0,0
2012-08-16,8.16,8.22,8.11,8.2,161500,0.0,0
2012-08-17,8.17,8.25,8.16,8.24,85000,0.0,0
2012-08-20,8.29,8.37,8.13,8.33,151600,0.0,0
2012-08-21,8.35,8.44,8.18,8.25,180900,0.0,0
2012-08-22,8.26,8.39,8.15,8.21,102400,0.0,0
2012-08-23,8.21,8.22,7.98,8.01,199900,0.0,0
2012-08-24,8.07,8.16,7.96,7.99,181000,0.0,0
2012-08-27,8.0,8.02,7.82,7.86,139900,0.0,0
2012-08-28,7.86,7.92,7.83,7.85,110300,0.0,0
2012-08-29,7.9,7.9,7.82,7.82,77400,0.0,0
2012-08-30,7.82,7.82,7.52,7.65,264800,0.0,0
2012-08-31,7.69,7.75,7.57,7.59,116700,0.0,0
2012-09-04,7.67,7.73,7.35,7.45,221900,0.0,0
2012-09-05,7.43,7.44,7.25,7.34,233900,0.0,0
2012-09-06,7.3,7.33,6.86,6.93,740000,0.0,0
2012-09-07,6.89,7.05,6.43,6.7,519300,0.0,0
2012-09-10,6.45,6.65,6.27,6.39,616000,0.0,0
2012-09-11,6.31,6.71,6.25,6.69,486700,0.0,0
2012-09-12,6.69,6.86,6.66,6.8,290600,0.0,0
2012-09-13,6.8,7.05,6.72,6.99,294500,0.0,0
2012-09-14,7.0,7.41,6.97,7.35,298200,0.0,0
2012-09-17,7.37,7.37,7.01,7.06,180800,0.0,0
2012-09-18,7.06,7.13,7.01,7.04,108300,0.0,0
2012-09-19,7.12,7.17,7.01,7.11,107500,0.0,0
2012-09-20,7.15,7.21,7.04,7.11,131600,0.0,0
2012-09-21,7.09,7.21,7.08,7.17,170500,0.0,0
2012-09-24,7.3,7.4,7.17,7.39,197400,0.0,0
2012-09-25,7.48,7.5,6.99,7.01,178300,0.0,0
2012-09-26,6.97,7.07,6.85,6.97,137300,0.0,0
2012-09-27,6.99,7.04,6.86,6.95,114400,0.0,0
2012-09-28,6.91,7.01,6.78,6.81,435700,0.0,0
2012-10-01,6.87,7.05,6.87,7.05,117600,0.0,0
2012-10-02,7.07,7.12,6.95,7.08,111400,0.0,0
2012-10-03,7.11,7.2,6.98,7.18,125500,0.0,0
2012-10-04,7.18,7.22,7.0,7.16,130000,0.0,0
2012-10-05,7.22,7.35,7.15,7.27,96700,0.0,0
2012-10-08,7.23,7.28,7.07,7.09,88200,0.0,0
2012-10-09,7.09,7.27,6.82,7.03,253800,0.0,0
2012-10-10,7.0,7.11,6.93,6.99,168100,0.0,0
2012-10-11,7.01,7.07,6.93,6.98,131000,0.0,0
2012-10-12,6.96,7.0,6.87,6.94,87700,0.0,0
2012-10-15,6.84,6.98,6.8,6.92,135800,0.0,0
2012-10-16,6.94,7.07,6.94,7.05,192500,0.0,0
2012-10-17,7.01,7.13,7.01,7.1,70100,0.0,0
2012-10-18,7.07,7.16,7.04,7.11,82300,0.0,0
2012-10-19,7.07,7.07,6.94,6.95,81300,0.0,0
2012-10-22,6.99,7.05,6.94,7.05,95100,0.0,0
2012-10-23,6.97,7.09,6.87,6.95,168100,0.0,0
2012-10-24,6.96,7.03,6.95,7.02,99300,0.0,0
2012-10-25,7.06,7.14,6.98,7.05,124200,0.0,0
2012-10-26,7.07,7.07,6.84,6.87,99700,0.0,0
2012-10-31,6.94,7.01,6.65,6.69,301600,0.0,0
2012-11-01,6.69,7.12,6.69,6.94,172800,0.0,0
2012-11-02,6.94,6.95,6.8,6.89,115200,0.0,0
2012-11-05,6.84,6.9,6.75,6.82,84000,0.0,0
2012-11-06,6.88,6.88,6.8,6.86,91100,0.0,0
2012-11-07,6.86,6.87,6.66,6.72,196100,0.0,0
2012-11-08,6.74,6.78,6.59,6.63,244700,0.0,0
2012-11-09,6.59,6.73,6.57,6.67,77600,0.0,0
2012-11-12,6.75,6.82,6.67,6.68,127400,0.0,0
2012-11-13,6.71,6.71,6.44,6.5,291200,0.0,0
2012-11-14,6.52,6.6,6.42,6.45,151500,0.0,0
2012-11-15,6.45,6.56,6.39,6.56,131900,0.0,0
2012-11-16,6.54,6.6,6.39,6.55,181200,0.0,0
2012-11-19,6.6,6.66,6.51,6.56,112500,0.0,0
2012-11-20,6.5,6.57,6.43,6.46,83000,0.0,0
2012-11-21,6.52,6.54,6.34,6.37,213100,0.0,0
2012-11-23,6.24,6.45,6.2,6.4,128100,0.0,0
2012-11-26,6.53,6.88,6.49,6.73,479800,0.0,0
2012-11-27,6.73,6.75,6.55,6.67,135600,0.0,0
2012-11-28,6.67,6.71,6.54,6.69,90700,0.0,0
2012-11-29,6.68,7.07,6.47,7.06,229800,0.0,0
2012-11-30,7.04,7.04,6.82,6.88,114400,0.0,0
2012-12-03,6.83,6.89,6.76,6.89,80700,0.0,0
2012-12-04,6.86,7.01,6.82,6.9,95900,0.0,0
2012-12-05,6.92,6.99,6.86,6.94,114100,0.0,0
2012-12-06,6.86,6.91,6.77,6.82,68400,0.0,0
2012-12-07,6.84,6.86,6.78,6.82,50400,0.0,0
2012-12-10,6.79,7.13,6.75,7.11,106800,0.0,0
2012-12-11,7.11,7.5,7.05,7.48,348400,0.0,0
2012-12-12,7.5,7.58,7.46,7.5,134100,0.0,0
2012-12-13,7.45,7.64,7.42,7.51,208200,0.0,0
2012-12-14,7.42,7.81,7.42,7.76,197500,0.0,0
2012-12-17,7.66,7.92,7.66,7.74,228900,0.0,0
2012-12-18,7.75,8.32,7.59,8.28,400700,0.0,0
2012-12-19,8.22,8.3,8.14,8.19,277000,0.0,0
2012-12-20,8.13,8.25,8.0,8.05,400900,0.0,0
2012-12-21,7.96,8.1,7.65,7.65,315700,0.0,0
2012-12-24,7.65,7.69,7.51,7.63,101200,0.0,0
2012-12-26,7.62,7.69,7.59,7.59,110200,0.0,0
2012-12-27,7.55,7.93,7.55,7.88,204400,0.0,0
2012-12-28,7.75,7.83,7.6,7.68,201000,0.0,0
2012-12-31,7.61,7.86,7.61,7.74,142800,0.0,0
2013-01-02,7.99,8.28,7.97,8.25,247000,0.0,0
2013-01-03,8.28,8.54,8.25,8.41,333500,0.0,0
2013-01-04,8.43,8.46,8.34,8.43,253800,0.0,0
2013-01-07,8.45,8.54,8.33,8.54,200600,0.0,0
2013-01-08,8.51,8.53,8.34,8.4,147800,0.0,0
2013-01-09,8.41,8.66,8.4,8.47,183100,0.0,0
2013-01-10,8.57,8.68,8.43,8.49,199800,0.0,0
2013-01-11,8.6,8.66,8.5,8.6,191000,0.0,0
2013-01-14,8.67,8.84,8.65,8.84,265300,0.0,0
2013-01-15,8.83,8.96,8.75,8.96,367000,0.0,0
2013-01-16,8.91,9.11,8.86,9.11,425100,0.0,0
2013-01-17,9.18,9.46,9.14,9.45,468500,0.0,0
2013-01-18,9.52,9.84,9.45,9.77,793300,0.0,0
2013-01-22,9.77,9.96,9.53,9.87,729700,0.0,0
2013-01-23,9.84,10.11,9.69,10.03,843200,0.0,0
2013-01-24,10.0,10.0,9.81,9.96,694400,0.0,0
2013-01-25,10.01,10.26,9.96,10.26,767900,0.0,0
2013-01-28,10.28,10.43,10.2,10.43,703600,0.0,0
2013-01-29,10.39,10.53,10.22,10.52,986500,0.0,0
2013-01-30,10.51,10.51,10.2,10.27,1051300,0.0,0
2013-01-31,10.26,10.79,10.24,10.79,794600,0.0,0
2013-02-01,10.88,10.89,10.66,10.83,441300,0.0,0
2013-02-04,10.75,10.81,10.53,10.71,649800,0.0,0
2013-02-05,10.65,10.84,10.58,10.83,636000,0.0,0
2013-02-06,10.66,10.87,10.4,10.62,699900,0.0,0
2013-02-07,10.58,10.81,10.48,10.78,564000,0.0,0
2013-02-08,10.79,10.79,10.24,10.3,414800,0.0,0
2013-02-11,10.28,10.38,10.18,10.32,310200,0.0,0
2013-02-12,10.37,10.37,10.09,10.23,287400,0.0,0
2013-02-13,10.2,10.33,10.13,10.24,209900,0.0,0
2013-02-14,10.16,10.2,9.91,10.04,300800,0.0,0
2013-02-15,10.01,10.12,9.92,10.08,256100,0.0,0
2013-02-19,10.13,10.19,9.93,10.14,314700,0.0,0
2013-02-20,10.07,10.22,9.84,9.88,353100,0.0,0
2013-02-21,9.85,9.93,9.58,9.79,368600,0.0,0
2013-02-22,9.86,9.95,9.62,9.74,215400,0.0,0
2013-02-25,9.83,9.84,9.5,9.53,278300,0.0,0
2013-02-26,9.62,9.74,9.54,9.7,193800,0.0,0
2013-02-27,9.74,9.9,9.62,9.86,312100,0.0,0
2013-02-28,9.77,9.77,8.28,8.36,988500,0.0,0
2013-03-01,8.24,8.74,8.09,8.72,651900,0.0,0
2013-03-04,8.75,9.64,8.75,9.62,1060500,0.0,0
2013-03-05,9.62,9.86,9.52,9.73,673400,0.0,0
2013-03-06,9.81,9.81,9.28,9.45,750100,0.0,0
2013-03-07,9.73,9.9,9.54,9.87,486600,0.0,0
2013-03-08,9.96,10.18,9.94,10.17,507900,0.0,0
2013-03-11,10.19,10.2,10.05,10.13,517000,0.0,0
2013-03-12,10.2,10.8,10.2,10.69,1154700,0.0,0
2013-03-13,10.56,10.61,10.37,10.47,449100,0.0,0
2013-03-14,10.59,10.77,10.41,10.47,223000,0.0,0
2013-03-15,10.49,10.49,10.27,10.33,207700,0.0,0
2013-03-18,10.64,10.64,10.2,10.27,268000,0.0,0
2013-03-19,10.36,10.39,10.22,10.34,185700,0.0,0
2013-03-20,10.34,10.42,10.09,10.24,234800,0.0,0
2013-03-21,10.22,10.32,10.11,10.22,143800,0.0,0
2013-03-22,10.2,10.27,10.08,10.13,96900,0.0,0
2013-03-25,10.18,10.18,9.88,10.03,187800,0.0,0
2013-03-26,10.07,10.1,9.88,9.97,192100,0.0,0
2013-03-27,9.93,10.08,9.8,9.97,305200,0.0,0
2013-03-28,9.96,10.04,9.76,9.87,202000,0.0,0
2013-04-01,9.9,9.98,9.77,9.89,134100,0.0,0
2013-04-02,9.94,10.01,9.86,9.96,246700,0.0,0
2013-04-03,9.92,9.98,9.6,9.81,207800,0.0,0
2013-04-04,9.8,10.03,9.8,9.93,151300,0.0,0
2013-04-05,9.84,9.97,9.69,9.91,155800,0.0,0
2013-04-08,9.92,10.31,9.92,10.3,267500,0.0,0
2013-04-09,10.35,10.88,10.34,10.68,338400,0.0,0
2013-04-10,10.68,10.75,10.54,10.64,157900,0.0,0
2013-04-11,10.65,10.88,10.62,10.84,200200,0.0,0
2013-04-12,10.79,10.88,10.63,10.78,82200,0.0,0
2013-04-15,11.46,11.46,10.41,10.46,118500,0.0,0
2013-04-16,10.52,10.58,10.37,10.47,111300,0.0,0
2013-04-17,10.37,10.5,10.2,10.28,120400,0.0,0
2013-04-18,10.28,10.34,10.09,10.22,126800,0.0,0
2013-04-19,10.22,10.54,10.2,10.53,118400,0.0,0
2013-04-22,10.52,11.03,10.5,11.01,226100,0.0,0
2013-04-23,11.01,11.43,10.89,11.08,211900,0.0,0
2013-04-24,11.1,11.1,10.88,10.99,154500,0.0,0
2013-04-25,11.07,11.41,11.04,11.17,156800,0.0,0
2013-04-26,11.16,11.21,10.88,10.94,180200,0.0,0
2013-04-29,10.94,11.37,10.88,11.22,219700,0.0,0
2013-04-30,11.24,11.35,11.05,11.22,153300,0.0,0
2013-05-01,11.19,11.39,11.15,11.38,162200,0.0,0
2013-05-02,11.38,11.53,11.07,11.28,359900,0.0,0
2013-05-03,11.24,11.37,10.89,10.99,121900,0.0,0
2013-05-06,10.99,11.35,10.99,11.19,198700,0.0,0
2013-05-07,11.23,11.43,11.06,11.13,120500,0.0,0
2013-05-08,11.18,11.28,10.96,11.11,130100,0.0,0
2013-05-09,11.1,11.18,10.98,11.05,153200,0.0,0
2013-05-10,11.01,11.07,10.51,10.84,287800,0.0,0
2013-05-13,10.74,10.88,10.69,10.81,152000,0.0,0
2013-05-14,10.83,10.98,10.69,10.73,329300,0.0,0
2013-05-15,10.68,10.88,10.62,10.88,313400,0.0,0
2013-05-16,10.86,10.99,10.8,10.85,139500,0.0,0
2013-05-17,10.88,10.88,10.76,10.86,149200,0.0,0
2013-05-20,10.69,11.02,10.69,10.96,154800,0.0,0
2013-05-21,10.99,11.05,10.85,10.94,132000,0.0,0
2013-05-22,10.91,11.05,10.71,10.83,226300,0.0,0
2013-05-23,10.77,10.82,10.64,10.75,124100,0.0,0
2013-05-24,10.77,10.8,10.52,10.67,71100,0.0,0
2013-05-28,10.68,10.82,10.56,10.57,130000,0.0,0
2013-05-29,10.44,10.88,10.44,10.65,100500,0.0,0
2013-05-30,10.68,10.79,10.54,10.54,129700,0.0,0
2013-05-31,10.24,10.45,10.08,10.31,313200,0.0,0
2013-06-03,10.33,10.56,10.22,10.5,86400,0.0,0
2013-06-04,10.47,10.74,10.35,10.71,222300,0.0,0
2013-06-05,10.75,10.75,10.5,10.66,151900,0.0,0
2013-06-06,10.62,10.62,10.29,10.46,114300,0.0,0
2013-06-07,10.43,10.86,10.33,10.81,121700,0.0,0
2013-06-10,10.85,10.94,10.58,10.94,125000,0.0,0
2013-06-11,10.78,10.87,10.62,10.7,117400,0.0,0
2013-06-12,10.75,10.79,10.41,10.49,106500,0.0,0
2013-06-13,10.48,10.74,10.28,10.49,287800,0.0,0
2013-06-14,10.43,10.54,10.0,10.07,254300,0.0,0
2013-06-17,10.07,10.18,9.9,9.94,218100,0.0,0
2013-06-18,9.91,10.01,9.74,9.83,230600,0.0,0
2013-06-19,9.83,9.91,9.63,9.7,284300,0.0,0
2013-06-20,10.64,10.71,9.03,9.11,372500,0.0,0
2013-06-21,9.19,9.91,8.96,9.26,1566500,0.0,0
2013-06-24,9.08,9.58,8.92,9.39,669800,0.0,0
2013-06-25,9.41,9.79,9.24,9.77,266200,0.0,0
2013-06-26,9.81,10.01,9.68,9.97,181000,0.0,0
2013-06-27,10.01,10.45,9.95,10.41,203900,0.0,0
2013-06-28,10.32,10.33,10.09,10.12,207500,0.0,0
2013-07-01,10.12,10.43,9.96,10.39,244500,0.0,0
2013-07-02,10.39,10.43,10.09,10.13,242900,0.0,0
2013-07-03,10.08,10.08,9.9,9.91,66500,0.0,0
2013-07-05,9.92,9.92,9.59,9.69,157600,0.0,0
2013-07-08,9.69,9.88,9.62,9.71,155000,0.0,0
2013-07-09,9.73,9.73,9.47,9.47,174200,0.0,0
2013-07-10,9.44,9.64,9.34,9.63,198100,0.0,0
2013-07-11,9.73,9.92,9.71,9.9,82300,0.0,0
2013-07-12,9.82,10.01,9.82,9.94,124700,0.0,0
2013-07-15,10.01,10.37,9.96,10.31,134900,0.0,0
2013-07-16,10.16,10.56,10.0,10.36,234100,0.0,0
2013-07-17,10.35,10.74,10.3,10.74,262100,0.0,0
2013-07-18,10.74,11.05,10.65,10.92,503400,0.0,0
2013-07-19,10.84,10.98,10.79,10.87,111000,0.0,0
2013-07-22,10.88,11.05,10.87,10.97,208100,0.0,0
2013-07-23,11.08,11.09,10.89,11.03,165900,0.0,0
2013-07-24,11.07,11.08,10.88,10.92,149800,0.0,0
2013-07-25,10.91,11.04,10.8,10.96,56300,0.0,0
2013-07-26,10.89,10.98,10.86,10.96,82500,0.0,0
2013-07-29,10.9,10.94,10.79,10.91,71600,0.0,0
2013-07-30,10.92,10.95,10.69,10.93,146800,0.0,0
2013-07-31,10.95,11.07,10.81,11.02,177100,0.0,0
2013-08-01,10.95,11.14,10.78,11.12,277800,0.0,0
2013-08-02,11.1,11.43,11.05,11.34,83600,0.0,0
2013-08-05,11.35,11.4,11.22,11.31,131900,0.0,0
2013-08-06,11.31,11.52,11.15,11.48,502400,0.0,0
2013-08-07,11.38,12.07,11.38,11.88,360800,0.0,0
2013-08-08,11.96,12.09,11.77,12.09,384800,0.0,0
2013-08-09,12.03,12.09,11.8,11.86,122300,0.0,0
2013-08-12,11.83,12.39,11.49,12.35,221200,0.0,0
2013-08-13,12.38,13.88,12.38,13.22,698200,0.0,0
2013-08-14,13.2,13.71,13.11,13.68,342800,0.0,0
2013-08-15,13.54,13.66,13.13,13.56,268900,0.0,0
2013-08-16,13.54,13.81,13.44,13.6,352200,0.0,0
2013-08-19,13.53,13.62,13.43,13.54,221300,0.0,0
2013-08-20,13.47,13.65,13.39,13.41,195200,0.0,0
2013-08-21,13.36,13.57,13.11,13.25,361400,0.0,0
2013-08-22,13.3,13.6,13.3,13.52,414900,0.0,0
2013-08-23,13.5,13.5,13.2,13.21,220500,0.0,0
2013-08-26,13.12,13.2,12.73,12.94,305100,0.0,0
2013-08-27,12.79,12.93,12.73,12.75,111300,0.0,0
2013-08-28,12.71,13.04,12.65,12.8,160800,0.0,0
2013-08-29,12.79,13.17,12.75,13.0,106500,0.0,0
2013-08-30,12.99,12.99,12.74,12.81,72800,0.0,0
2013-09-03,12.93,13.11,12.73,12.95,110600,0.0,0
2013-09-04,12.88,13.17,12.86,13.03,243800,0.0,0
2013-09-05,12.99,13.39,12.99,13.28,194600,0.0,0
2013-09-06,13.3,13.34,12.93,12.98,287100,0.0,0
2013-09-09,12.98,13.41,12.98,13.29,242700,0.0,0
2013-09-10,13.2,13.58,12.83,13.52,352500,0.0,0
2013-09-11,13.41,13.79,13.09,13.6,411000,0.0,0
2013-09-12,13.6,13.74,12.37,12.49,688100,0.0,0
2013-09-13,12.49,13.3,12.49,13.17,366400,0.0,0
2013-09-16,13.14,13.28,13.01,13.22,274900,0.0,0
2013-09-17,13.09,13.41,13.09,13.33,305100,0.0,0
2013-09-18,13.36,13.43,13.03,13.37,234400,0.0,0
2013-09-19,13.36,13.42,12.9,12.94,272800,0.0,0
2013-09-20,12.91,13.22,12.73,13.06,158400,0.0,0
2013-09-23,13.0,13.04,12.72,12.81,255400,0.0,0
2013-09-24,12.74,12.98,12.64,12.92,143500,0.0,0
2013-09-25,12.9,13.12,12.77,12.79,115900,0.0,0
2013-09-26,12.9,12.97,11.73,12.25,425400,0.0,0
2013-09-27,12.23,12.54,12.07,12.33,150100,0.0,0
2013-09-30,12.25,12.33,11.98,12.21,180600,0.0,0
2013-10-01,12.2,12.41,12.03,12.41,136700,0.0,0
2013-10-02,12.34,12.43,12.18,12.26,127400,0.0,0
2013-10-03,12.28,12.39,11.94,11.98,125800,0.0,0
2013-10-04,11.91,11.99,11.66,11.73,133000,0.0,0
2013-10-07,11.69,12.1,11.45,11.97,230000,0.0,0
2013-10-08,11.93,12.14,11.82,12.05,188700,0.0,0
2013-10-09,12.02,12.11,11.66,11.89,190100,0.0,0
2013-10-10,12.05,13.04,12.05,12.77,265300,0.0,0
2013-10-11,12.66,12.88,12.47,12.69,169000,0.0,0
2013-10-14,12.56,13.26,12.51,13.16,154800,0.0,0
2013-10-15,13.19,13.3,12.99,13.07,98800,0.0,0
2013-10-16,13.07,13.21,12.81,13.0,123700,0.0,0
2013-10-17,12.96,13.17,12.83,13.11,93400,0.0,0
2013-10-18,13.13,13.45,12.94,13.42,154200,0.0,0
2013-10-21,13.42,13.85,13.38,13.74,227400,0.0,0
2013-10-22,13.74,13.81,13.2,13.28,267500,0.0,0
2013-10-23,13.2,13.3,12.62,12.7,233000,0.0,0
2013-10-24,12.64,13.11,12.6,13.03,102100,0.0,0
2013-10-25,13.09,13.17,12.35,12.49,233000,0.0,0
2013-10-28,12.45,13.06,12.45,12.54,255100,0.0,0
2013-10-29,12.54,12.83,12.3,12.68,204400,0.0,0
2013-10-30,12.59,12.94,12.45,12.75,154600,0.0,0
2013-10-31,12.67,13.45,12.54,13.31,223400,0.0,0
2013-11-01,13.26,13.86,13.26,13.7,294700,0.0,0
2013-11-04,13.7,14.1,13.7,13.77,270800,0.0,0
2013-11-05,14.08,14.49,13.8,14.26,255100,0.0,0
2013-11-06,14.31,14.66,13.48,13.49,217700,0.0,0
2013-11-07,13.43,14.02,13.37,13.56,240000,0.0,0
2013-11-08,13.69,13.69,13.44,13.63,143800,0.0,0
2013-11-11,13.73,13.88,13.48,13.5,175600,0.0,0
2013-11-12,13.45,13.62,13.13,13.16,147100,0.0,0
2013-11-13,13.02,13.25,12.94,13.0,194200,0.0,0
2013-11-14,13.01,13.51,12.75,13.43,227600,0.0,0
2013-11-15,13.35,13.67,13.3,13.63,145900,0.0,0
2013-11-18,13.74,14.11,13.56,13.88,188600,0.0,0
2013-11-19,13.81,13.81,13.46,13.65,139700,0.0,0
2013-11-20,13.6,14.05,13.47,13.89,156200,0.0,0
2013-11-21,14.0,14.2,13.67,13.77,163100,0.0,0
2013-11-22,13.73,14.48,13.6,14.41,318100,0.0,0
2013-11-25,14.55,14.55,14.0,14.11,114400,0.0,0
2013-11-26,14.15,14.23,13.12,13.12,404900,0.0,0
2013-11-27,13.18,13.69,13.18,13.55,186000,0.0,0
2013-11-29,13.65,13.78,13.48,13.6,106600,0.0,0
2013-12-02,13.5,13.73,13.0,13.17,237000,0.0,0
2013-12-03,13.16,13.24,12.43,12.58,349500,0.0,0
2013-12-04,12.49,12.89,12.47,12.79,174600,0.0,0
2013-12-05,12.78,12.96,12.47,12.5,113300,0.0,0
2013-12-06,12.65,12.74,12.47,12.47,157500,0.0,0
2013-12-09,12.47,12.87,12.07,12.79,381800,0.0,0
2013-12-10,12.77,12.79,12.47,12.66,124500,0.0,0
2013-12-11,12.57,12.57,12.08,12.26,168000,0.0,0
2013-12-12,12.17,12.35,12.06,12.35,175800,0.0,0
2013-12-13,12.35,12.6,12.12,12.49,231900,0.0,0
2013-12-16,12.42,12.7,12.16,12.31,180000,0.0,0
2013-12-17,12.28,12.73,12.25,12.64,184500,0.0,0
2013-12-18,12.64,12.77,12.34,12.64,143600,0.0,0
2013-12-19,12.49,12.7,12.45,12.54,145200,0.0,0
2013-12-20,12.52,12.54,12.05,12.18,226800,0.0,0
2013-12-23,12.49,12.91,12.42,12.78,184100,0.797019,0
2013-12-24,12.73,12.82,12.39,12.46,59900,0.0,0
2013-12-26,12.46,12.58,12.2,12.44,107300,0.0,0
2013-12-27,12.43,12.71,12.29,12.68,134600,0.0,0
2013-12-30,12.61,12.77,12.1,12.17,196900,0.0,0
2013-12-31,12.22,12.47,12.21,12.27,84600,0.0,0
2014-01-02,12.18,12.19,11.28,11.55,627100,0.0,0
2014-01-03,11.6,11.85,11.39,11.54,170700,0.0,0
2014-01-06,11.58,11.65,11.08,11.33,540800,0.0,0
2014-01-07,11.41,11.82,11.41,11.79,252900,0.0,0
2014-01-08,11.77,11.97,11.7,11.74,148000,0.0,0
2014-01-09,11.67,11.73,11.34,11.73,205800,0.0,0
2014-01-10,11.8,11.86,11.62,11.73,114900,0.0,0
2014-01-13,11.66,12.75,11.64,12.24,358100,0.0,0
2014-01-14,12.29,12.49,12.29,12.42,228500,0.0,0
2014-01-15,12.51,12.63,12.35,12.59,170300,0.0,0
2014-01-16,12.6,12.76,12.56,12.71,135900,0.0,0
2014-01-17,12.75,12.78,12.44,12.55,262900,0.0,0
2014-01-21,12.44,12.72,12.38,12.66,136100,0.0,0
2014-01-22,12.66,12.71,12.31,12.62,129300,0.0,0
2014-01-23,12.52,12.56,11.53,11.6,450500,0.0,0
2014-01-24,11.48,11.99,10.7,10.74,464200,0.0,0
2014-01-27,10.78,10.93,9.92,10.52,521700,0.0,0
2014-01-28,10.51,10.91,10.38,10.89,274500,0.0,0
2014-01-29,10.74,10.78,10.45,10.6,143600,0.0,0
2014-01-30,10.58,10.91,10.56,10.88,147900,0.0,0
2014-01-31,10.64,10.91,10.58,10.85,153900,0.0,0
2014-02-03,10.89,10.95,10.39,10.7,232700,0.0,0
2014-02-04,10.74,10.99,10.66,10.94,162800,0.0,0
2014-02-05,11.03,11.03,10.6,10.85,133900,0.0,0
2014-02-06,10.94,11.15,10.88,11.02,116800,0.0,0
2014-02-07,11.03,11.14,10.94,11.13,95600,0.0,0
2014-02-10,11.16,11.16,10.74,10.81,100000,0.0,0
2014-02-11,10.79,10.96,10.64,10.82,188900,0.0,0
2014-02-12,10.89,11.72,10.89,11.37,282500,0.0,0
2014-02-13,11.2,11.53,11.14,11.5,146700,0.0,0
2014-02-14,11.53,12.39,11.53,12.37,310100,0.0,0
2014-02-18,12.27,12.35,11.96,12.22,203800,0.0,0
2014-02-19,12.14,12.21,11.91,11.91,246500,0.0,0
2014-02-20,11.87,12.16,11.8,12.13,98300,0.0,0
2014-02-21,12.2,12.28,11.87,11.98,127600,0.0,0
2014-02-24,12.03,12.11,11.89,12.09,94900,0.0,0
2014-02-25,12.1,12.1,11.6,11.78,141200,0.0,0
2014-02-26,11.75,11.95,11.6,11.73,141600,0.0,0
2014-02-27,11.8,12.21,11.69,12.07,236700,0.0,0
2014-02-28,12.01,12.23,11.65,12.05,176900,0.0,0
2014-03-03,11.85,11.95,11.62,11.68,101800,0.0,0
2014-03-04,11.87,11.87,11.47,11.5,164200,0.0,0
2014-03-05,11.5,11.88,11.45,11.88,94500,0.0,0
2014-03-06,11.97,12.21,11.85,12.08,136300,0.0,0
2014-03-07,12.05,12.13,11.85,12.07,169200,0.0,0
2014-03-10,11.95,12.06,11.78,11.86,125900,0.0,0
2014-03-11,11.94,11.94,11.6,11.77,163600,0.0,0
2014-03-12,11.68,11.75,11.5,11.62,79100,0.0,0
2014-03-13,11.62,11.86,11.3,11.48,128400,0.0,0
2014-03-14,11.44,11.66,11.14,11.27,120400,0.0,0
2014-03-17,11.4,11.78,11.4,11.62,120600,0.0,0
2014-03-18,11.63,12.1,11.48,11.98,142200,0.0,0
2014-03-19,11.98,12.55,11.94,12.14,249200,0.0,0
2014-03-20,12.1,12.39,12.04,12.37,169900,0.0,0
2014-03-21,12.53,12.56,12.18,12.41,182100,0.0,0
2014-03-24,12.46,12.46,12.12,12.19,108500,0.0,0
2014-03-25,12.28,12.56,12.13,12.5,110900,0.0,0
2014-03-26,12.56,12.56,12.22,12.32,118000,0.0,0
2014-03-27,12.33,12.65,12.24,12.59,281000,0.0,0
2014-03-28,12.68,13.04,12.68,12.76,217100,0.0,0
2014-03-31,12.97,13.59,12.94,13.58,389700,0.0,0
2014-04-01,13.53,13.65,12.9,13.11,303700,0.0,0
2014-04-02,12.99,13.1,12.69,13.09,213000,0.0,0
2014-04-03,13.0,13.0,12.67,12.8,216300,0.0,0
2014-04-04,12.98,12.98,12.71,12.89,229400,0.0,0
2014-04-07,12.94,12.94,12.43,12.65,202700,0.0,0
2014-04-08,12.54,12.75,12.29,12.7,186000,0.0,0
2014-04-09,12.74,13.06,12.64,13.06,213000,0.0,0
2014-04-10,13.08,13.58,13.06,13.52,384500,0.0,0
2014-04-11,13.38,13.52,13.23,13.45,232100,0.0,0
2014-04-14,13.53,13.85,13.35,13.73,183900,0.0,0
2014-04-15,13.75,13.75,13.35,13.5,240500,0.0,0
2014-04-16,13.58,13.76,13.53,13.76,94500,0.0,0
2014-04-17,13.82,13.94,13.6,13.86,101900,0.0,0
2014-04-21,13.9,13.97,13.66,13.83,176500,0.0,0
2014-04-22,13.97,14.1,13.92,14.06,216600,0.0,0
2014-04-23,14.01,14.52,13.84,14.15,192400,0.0,0
2014-04-24,14.22,14.44,13.89,13.95,194600,0.0,0
2014-04-25,13.92,13.92,13.55,13.81,136000,0.0,0
2014-04-28,13.81,14.62,13.81,14.59,244100,0.0,0
2014-04-29,14.62,14.94,14.22,14.3,198900,0.0,0
2014-04-30,14.34,14.54,14.06,14.5,102600,0.0,0
2014-05-01,14.54,14.84,14.37,14.66,81500,0.0,0
2014-05-02,14.72,14.93,14.62,14.82,87200,0.0,0
2014-05-05,15.06,15.41,14.98,15.31,160100,0.387,0
2014-05-06,15.32,15.36,15.07,15.27,65100,0.0,0
2014-05-07,15.36,15.81,15.3,15.81,149000,0.0,0
2014-05-08,15.81,15.81,14.72,14.94,199000,0.0,0
2014-05-09,15.03,15.31,14.86,14.98,121100,0.0,0
2014-05-12,15.01,15.23,14.86,14.91,193100,0.0,0
2014-05-13,14.9,15.09,14.36,14.49,245900,0.0,0
2014-05-14,14.51,14.67,14.08,14.22,168700,0.0,0
2014-05-15,14.23,14.27,13.85,13.91,125100,0.0,0
2014-05-16,14.01,14.01,13.67,14.01,149500,0.0,0
2014-05-19,13.94,14.27,13.64,14.23,110200,0.0,0
2014-05-20,14.18,14.32,13.83,14.23,146000,0.0,0
2014-05-21,14.41,14.71,14.19,14.71,218900,0.0,0
2014-05-22,14.71,14.91,14.5,14.83,229000,0.0,0
2014-05-23,14.8,15.23,14.8,15.23,273100,0.0,0
2014-05-27,15.23,15.23,14.87,14.95,111100,0.0,0
2014-05-28,15.08,15.09,14.8,14.91,121700,0.0,0
2014-05-29,15.01,15.68,14.8,15.68,286600,0.0,0
2014-05-30,15.56,15.8,15.38,15.69,235700,0.0,0
2014-06-02,15.54,15.81,15.44,15.81,153400,0.0,0
2014-06-03,15.81,15.97,15.73,15.94,191600,0.0,0
2014-06-04,15.97,16.14,15.67,16.09,149700,0.0,0
2014-06-05,16.36,16.58,16.17,16.55,208700,0.384615,0
2014-06-06,16.62,17.13,16.59,16.81,242400,0.0,0
2014-06-09,16.83,16.93,16.63,16.78,167500,0.0,0
2014-06-10,16.78,16.81,16.54,16.59,145400,0.0,0
2014-06-11,16.48,16.56,15.99,16.11,156100,0.0,0
2014-06-12,16.1,16.11,15.81,16.11,63800,0.0,0
2014-06-13,16.17,16.2,15.91,15.96,65100,0.0,0
2014-06-16,15.96,15.96,14.73,14.93,427200,0.0,0
2014-06-17,14.88,15.07,14.29,15.04,219900,0.0,0
2014-06-18,15.04,15.6,14.53,15.45,347900,0.0,0
2014-06-19,15.31,15.31,15.02,15.21,197800,0.0,0
2014-06-20,15.19,16.48,14.94,16.25,262800,0.0,0
2014-06-23,16.22,17.38,16.14,17.09,322400,0.0,0
2014-06-24,17.04,17.63,16.7,17.35,334200,0.0,0
2014-06-25,17.35,17.63,17.18,17.61,224400,0.0,0
2014-06-26,17.55,17.83,17.25,17.52,237000,0.0,0
2014-06-27,17.24,17.46,16.74,17.0,201300,0.0,0
2014-06-30,17.06,17.48,16.7,17.38,297200,0.0,0
2014-07-01,17.55,17.75,17.38,17.49,179300,0.0,0
2014-07-02,17.56,17.86,17.32,17.65,220100,0.0,0
2014-07-03,17.63,17.86,17.44,17.6,90200,0.0,0
2014-07-07,17.58,17.75,17.15,17.49,234400,0.0,0
2014-07-08,17.38,17.58,17.15,17.38,221400,0.0,0
2014-07-09,17.29,18.39,17.23,18.14,333500,0.0,0
2014-07-10,18.03,18.35,17.94,18.35,179000,0.0,0
2014-07-11,18.44,18.67,18.28,18.51,185000,0.0,0
2014-07-14,18.43,18.87,18.2,18.52,229500,0.0,0
2014-07-15,18.45,18.51,18.17,18.34,120200,0.0,0
2014-07-16,18.44,18.53,17.96,18.13,157500,0.0,0
2014-07-17,17.9,18.07,17.58,17.73,107800,0.0,0
2014-07-18,17.72,18.56,17.44,18.45,142400,0.0,0
2014-07-21,18.31,18.51,17.44,17.72,326700,0.0,0
2014-07-22,17.75,17.76,16.85,16.98,298200,0.0,0
2014-07-23,17.01,17.01,16.22,16.43,237400,0.0,0
2014-07-24,16.53,17.18,16.47,16.57,198500,0.0,0
2014-07-25,16.6,16.6,15.95,16.14,256100,0.0,0
2014-07-28,15.99,16.25,15.97,16.03,126200,0.0,0
2014-07-29,15.86,16.28,15.42,16.11,453800,0.0,0
2014-07-30,16.96,17.78,16.67,17.62,397600,0.0,0
2014-07-31,16.81,16.87,15.91,16.16,502000,0.0,0
2014-08-01,15.98,16.26,15.55,16.16,256300,0.0,0
2014-08-04,16.13,16.43,15.8,16.27,206100,0.0,0
2014-08-05,16.12,16.12,15.28,15.41,312200,0.0,0
2014-08-06,15.29,15.34,15.02,15.16,263300,0.0,0
2014-08-07,15.16,15.43,14.93,15.21,139000,0.0,0
2014-08-08,15.18,15.36,14.67,14.89,206900,0.0,0
2014-08-11,14.96,15.11,14.81,14.85,90700,0.0,0
2014-08-12,14.85,15.27,14.76,14.79,203000,0.0,0
2014-08-13,14.85,14.85,14.22,14.63,271700,0.0,0
2014-08-14,14.69,14.73,14.39,14.44,77100,0.0,0
2014-08-15,14.53,14.56,13.88,14.45,164600,0.0,0
2014-08-18,14.47,14.48,14.02,14.19,127400,0.0,0
2014-08-19,14.27,14.39,13.84,13.93,146000,0.0,0
2014-08-20,13.86,13.9,13.54,13.77,225900,0.0,0
2014-08-21,13.75,14.13,13.75,13.98,106200,0.0,0
2014-08-22,13.92,14.1,13.73,13.98,81800,0.0,0
2014-08-25,14.02,14.28,13.95,13.95,123500,0.0,0
2014-08-26,14.06,14.06,13.77,13.8,82200,0.0,0
2014-08-27,13.87,13.91,13.77,13.81,74600,0.0,0
2014-08-28,13.73,13.86,13.73,13.78,71900,0.0,0
2014-08-29,13.84,13.99,13.78,13.9,186600,0.0,0
2014-09-02,13.89,14.31,13.88,14.19,115200,0.0,0
2014-09-03,14.21,14.73,14.08,14.7,176300,0.0,0
2014-09-04,14.76,14.76,14.31,14.36,101600,0.0,0
2014-09-05,14.33,14.53,14.11,14.39,55400,0.0,0
2014-09-08,14.33,14.62,14.33,14.6,67600,0.0,0
2014-09-09,14.47,14.64,14.38,14.6,58600,0.0,0
2014-09-10,14.59,14.83,14.56,14.81,55500,0.0,0
2014-09-11,14.8,15.46,14.76,15.44,122000,0.0,0
2014-09-12,15.32,15.57,15.28,15.52,99200,0.0,0
2014-09-15,15.51,15.51,14.98,15.1,66100,0.0,0
2014-09-16,15.1,15.52,14.95,15.42,170700,0.0,0
2014-09-17,15.5,15.58,15.2,15.35,98400,0.369,0
2014-09-18,15.34,15.55,15.16,15.43,77800,0.0,0
2014-09-19,15.41,15.76,15.15,15.69,345100,0.0,0
2014-09-22,15.52,15.78,15.02,15.74,266400,0.0,0
2014-09-23,15.74,15.95,15.19,15.36,422000,0.0,0
2014-09-24,15.48,15.54,15.08,15.22,165400,0.0,0
2014-09-25,15.08,15.28,14.89,15.15,84400,0.0,0
2014-09-26,15.24,15.88,15.07,15.7,135700,0.0,0
2014-09-29,15.43,15.45,15.07,15.22,90300,0.0,0
2014-09-30,15.18,15.31,14.63,15.25,179200,0.0,0
2014-10-01,15.12,15.57,15.07,15.19,244400,0.0,0
2014-10-02,15.13,15.13,14.23,14.77,163700,0.0,0
2014-10-03,14.8,15.02,14.65,14.85,73500,0.0,0
2014-10-06,15.02,15.28,14.74,15.03,109100,0.0,0
2014-10-07,15.04,15.2,14.8,14.8,69800,0.0,0
2014-10-08,14.87,14.92,14.65,14.75,147300,0.0,0
2014-10-09,14.68,14.86,14.68,14.73,61100,0.0,0
2014-10-10,14.67,14.69,14.21,14.47,99100,0.0,0
2014-10-13,14.33,14.62,14.25,14.37,46900,0.0,0
2014-10-14,14.48,15.17,14.4,14.94,71800,0.0,0
2014-10-15,14.63,15.01,14.35,14.93,92600,0.0,0
2014-10-16,14.53,14.92,14.34,14.78,75800,0.0,0
2014-10-17,14.98,15.55,14.71,15.25,179000,0.0,0
2014-10-20,15.07,15.86,14.86,15.53,80400,0.0,0
2014-10-21,15.44,15.89,15.32,15.73,80100,0.0,0
2014-10-22,15.84,16.1,15.52,15.7,71600,0.0,0
2014-10-23,15.7,16.13,15.64,16.01,43100,0.0,0
2014-10-24,16.13,16.48,15.98,16.39,72300,0.0,0
2014-10-27,16.1,16.61,15.73,16.58,87400,0.0,0
2014-10-28,16.88,16.88,16.31,16.59,107900,0.0,0
2014-10-29,16.77,16.87,16.04,16.09,139100,0.0,0
2014-10-30,16.16,17.38,16.09,17.38,130200,0.0,0
2014-10-31,17.41,17.61,16.8,17.34,144100,0.0,0
2014-11-03,17.61,17.96,17.33,17.42,252900,0.0,0
2014-11-04,17.42,17.7,16.4,16.51,276100,0.0,0
2014-11-05,16.47,16.56,15.92,16.03,209500,0.0,0
2014-11-06,16.06,16.37,15.27,16.37,82400,0.0,0
2014-11-07,16.28,16.55,15.81,15.92,59100,0.0,0
2014-11-10,16.02,16.13,15.63,15.9,36700,0.0,0
2014-11-11,15.85,15.89,15.54,15.88,53000,0.0,0
2014-11-12,15.94,16.09,15.64,15.89,52400,0.0,0
2014-11-13,16.02,16.58,15.67,16.37,99300,0.0,0
2014-11-14,16.34,16.8,16.34,16.64,109200,0.0,0
2014-11-17,16.75,16.75,16.37,16.64,51000,0.0,0
2014-11-18,16.56,17.09,16.46,16.75,84600,0.0,0
2014-11-19,16.84,17.07,16.54,16.94,45500,0.0,0
2014-11-20,16.79,16.79,16.28,16.34,130400,0.0,0
2014-11-21,16.56,16.88,16.44,16.79,93100,0.0,0
2014-11-24,16.8,16.8,16.35,16.37,99500,0.0,0
2014-11-25,16.52,16.66,16.04,16.49,231700,0.0,0
2014-11-26,16.48,17.01,16.24,16.82,155600,0.0,0
2014-11-28,16.67,16.85,16.11,16.48,108300,0.0,0
2014-12-01,16.31,16.55,15.99,16.34,89200,0.0,0
2014-12-02,16.34,16.68,15.89,16.58,106400,0.0,0
2014-12-03,16.61,16.61,16.31,16.46,115600,0.0,0
2014-12-04,16.49,16.64,16.22,16.57,82100,0.0,0
2014-12-05,16.49,16.69,16.26,16.45,68200,0.0,0
2014-12-08,16.51,16.51,16.07,16.31,165400,0.0,0
2014-12-09,16.15,16.19,15.76,16.09,89700,0.0,0
2014-12-10,16.08,16.48,14.78,15.43,204600,0.0,0
2014-12-11,15.3,15.52,15.13,15.4,244700,0.0,0
2014-12-12,15.23,15.41,14.73,14.77,233000,0.0,0
2014-12-15,14.87,14.87,14.4,14.54,206500,0.0,0
2014-12-16,14.28,14.92,14.22,14.83,103900,0.0,0
2014-12-17,14.8,15.24,14.8,15.12,291000,0.0,0
2014-12-18,15.22,15.31,14.85,15.04,222000,0.0,0
2014-12-19,15.1,15.23,14.92,15.13,126000,0.0,0
2014-12-22,15.1,15.17,14.84,15.13,265800,0.0,0
2014-12-23,15.17,15.26,14.93,15.25,216100,0.0,0
2014-12-24,15.31,15.31,15.07,15.23,47400,0.0,0
2014-12-26,15.23,15.25,15.04,15.23,43000,0.0,0
2014-12-29,15.17,15.23,14.92,15.16,181400,0.0,0
2014-12-30,15.15,15.15,14.46,14.63,93100,0.0,0
2014-12-31,14.57,14.68,14.13,14.54,106000,0.0,0
2015-01-02,14.55,14.55,14.24,14.27,51200,0.0,0
2015-01-05,14.19,14.32,13.93,14.16,38000,0.0,0
2015-01-06,14.24,14.35,14.04,14.2,49500,0.0,0
2015-01-07,14.37,14.49,14.09,14.43,79800,0.0,0
2015-01-08,14.53,14.79,14.37,14.54,64400,0.0,0
2015-01-09,14.49,14.56,14.24,14.37,74400,0.0,0
2015-01-12,14.28,14.35,13.91,14.28,116500,0.0,0
2015-01-13,14.43,14.8,14.04,14.73,136500,0.0,0
2015-01-14,14.56,14.81,14.44,14.75,76200,0.0,0
2015-01-15,14.84,14.89,14.43,14.76,48800,0.0,0
2015-01-16,14.87,14.97,14.47,14.71,44000,0.0,0
2015-01-20,14.65,14.8,14.34,14.79,96000,0.0,0
2015-01-21,14.8,15.56,14.71,15.43,309000,0.0,0
2015-01-22,15.52,15.62,15.41,15.46,118000,0.0,0
2015-01-23,15.51,15.78,15.21,15.6,93200,0.0,0
2015-01-26,15.57,15.59,15.37,15.41,69500,0.0,0
2015-01-27,15.23,15.45,15.04,15.38,29800,0.0,0
2015-01-28,15.37,15.77,14.65,14.68,71800,0.0,0
2015-01-29,14.66,14.74,14.51,14.62,81500,0.0,0
2015-01-30,14.43,14.5,14.14,14.32,86800,0.0,0
2015-02-02,14.41,14.41,14.05,14.23,104500,0.0,0
2015-02-03,14.34,14.74,14.34,14.68,151000,0.0,0
2015-02-04,14.51,14.86,14.44,14.76,59400,0.0,0
2015-02-05,14.75,15.19,14.54,15.07,226800,0.0,0
2015-02-06,14.95,15.16,14.81,15.03,79200,0.0,0
2015-02-09,15.02,15.13,14.9,15.03,48800,0.0,0
2015-02-10,15.03,15.28,14.96,15.26,476400,0.0,0
2015-02-11,15.27,15.69,15.24,15.38,132200,0.0,0
2015-02-12,15.6,15.63,15.15,15.37,79400,0.0,0
2015-02-13,15.41,16.02,15.41,15.83,488400,0.0,0
2015-02-17,15.8,16.27,15.69,16.22,255500,0.0,0
2015-02-18,16.13,16.53,16.1,16.53,209400,0.0,0
2015-02-19,16.45,16.91,16.28,16.89,136600,0.0,0
2015-02-20,16.77,16.94,16.55,16.91,82600,0.0,0
2015-02-23,16.97,17.65,16.85,17.53,203900,0.0,0
2015-02-24,17.52,17.69,17.13,17.61,215500,0.0,0
2015-02-25,17.67,18.01,17.47,17.48,75300,0.0,0
2015-02-26,17.55,17.63,17.01,17.55,111700,0.0,0
2015-02-27,17.55,17.55,16.76,16.87,105600,0.0,0
2015-03-02,17.13,17.13,16.57,16.71,95400,0.0,0
2015-03-03,16.58,17.25,16.57,17.16,306900,0.0,0
2015-03-04,16.96,17.14,16.64,16.93,59900,0.0,0
2015-03-05,16.86,17.63,16.71,17.42,116100,0.0,0
2015-03-06,17.28,17.7,17.1,17.35,119800,0.0,0
2015-03-09,17.25,17.45,16.92,17.27,61000,0.0,0
2015-03-10,17.22,17.22,16.76,16.94,109500,0.0,0
2015-03-11,16.85,17.43,16.8,17.34,81700,0.0,0
2015-03-12,17.49,18.03,17.21,17.39,186600,0.0,0
2015-03-13,17.25,17.59,16.98,17.34,88800,0.0,0
2015-03-16,17.54,18.56,16.97,18.53,214200,0.0,0
2015-03-17,18.52,19.54,18.36,19.34,325400,0.0,0
2015-03-18,19.4,19.83,18.4,19.57,383100,0.0,0
2015-03-19,19.54,19.57,18.89,19.21,238300,0.0,0
2015-03-20,19.24,19.39,19.02,19.05,359300,0.0,0
2015-03-23,18.85,19.06,17.94,18.03,165000,0.0,0
2015-03-24,18.06,18.23,17.44,17.84,86800,0.0,0
2015-03-25,17.88,17.91,17.44,17.8,104900,0.0,0
2015-03-26,17.65,17.78,16.57,16.69,202400,0.0,0
2015-03-27,16.71,17.37,16.71,17.11,221000,0.0,0
2015-03-30,17.27,17.58,17.03,17.3,143700,0.0,0
2015-03-31,17.25,17.53,16.95,17.06,140000,0.0,0
2015-04-01,17.08,17.34,16.58,16.89,193900,0.0,0
2015-04-02,16.85,17.13,16.57,16.86,205700,0.0,0
2015-04-06,16.71,17.25,16.71,16.92,114900,0.0,0
2015-04-07,16.86,17.06,16.7,17.04,218200,0.0,0
2015-04-08,17.0,17.29,16.75,17.19,276400,0.0,0
2015-04-09,17.07,17.3,16.61,16.99,262900,0.0,0
2015-04-10,17.16,17.2,16.76,17.16,114800,0.0,0
2015-04-13,17.03,17.06,16.82,16.97,148600,0.0,0
2015-04-14,16.93,17.12,16.76,16.88,104200,0.0,0
2015-04-15,16.85,16.85,15.95,16.12,255700,0.0,0
2015-04-16,16.12,16.38,15.73,16.04,176900,0.0,0
2015-04-17,15.86,16.36,15.86,16.01,81700,0.0,0
2015-04-20,16.04,16.34,16.0,16.29,72100,0.0,0
2015-04-21,16.31,16.51,16.16,16.49,127200,0.0,0
2015-04-22,16.48,16.7,16.39,16.53,160000,0.0,0
2015-04-23,16.59,16.64,16.31,16.34,137200,0.0,0
2015-04-24,16.34,16.34,16.06,16.13,144700,0.0,0
2015-04-27,16.07,16.39,15.83,16.29,144900,0.0,0
2015-04-28,16.31,16.45,16.1,16.22,108500,0.0,0
2015-04-29,16.07,16.08,15.89,15.92,103100,0.0,0
2015-04-30,15.9,15.93,15.65,15.67,171900,0.0,0
2015-05-01,15.76,15.83,15.59,15.79,109800,0.0,0
2015-05-04,15.86,15.86,15.55,15.77,121400,0.0,0
2015-05-05,15.73,15.85,15.46,15.67,147200,0.0,0
2015-05-06,15.82,16.22,15.52,16.06,173100,0.46483,0
2015-05-07,15.92,16.17,15.66,16.13,322500,0.0,0
2015-05-08,16.17,16.2,15.74,15.83,113900,0.0,0
2015-05-11,15.95,16.22,15.79,16.19,160400,0.0,0
2015-05-12,16.09,16.09,15.78,15.79,75400,0.0,0
2015-05-13,15.95,15.99,15.65,15.89,60900,0.0,0
2015-05-14,15.93,16.06,15.71,15.95,35000,0.0,0
2015-05-15,15.99,16.1,15.76,16.03,178200,0.0,0
2015-05-18,15.99,16.22,15.87,16.22,207700,0.0,0
2015-05-19,16.19,16.19,15.99,16.15,54100,0.0,0
2015-05-20,16.15,16.15,15.84,16.02,51700,0.0,0
2015-05-21,16.02,16.02,15.68,15.88,122300,0.0,0
2015-05-22,15.88,16.02,15.76,15.96,82500,0.0,0
2015-05-26,15.92,16.04,15.56,15.65,101000,0.0,0
2015-05-27,15.6,15.61,15.2,15.39,125900,0.0,0
2015-05-28,15.23,15.36,15.12,15.2,151600,0.0,0
2015-05-29,15.16,15.32,14.89,15.09,195000,0.0,0
2015-06-01,15.15,15.15,14.83,14.93,82300,0.0,0
2015-06-02,14.86,15.61,14.86,15.56,231800,0.0,0
2015-06-03,15.57,15.62,15.42,15.52,56900,0.0,0
2015-06-04,15.54,15.93,15.54,15.66,229900,0.0,0
2015-06-05,15.72,15.72,15.15,15.32,55700,0.0,0
2015-06-08,15.26,15.35,15.06,15.13,35400,0.0,0
2015-06-09,15.08,15.37,14.91,15.18,89400,0.0,0
2015-06-10,15.32,15.62,15.06,15.12,450000,0.0,0
2015-06-11,15.13,15.36,14.97,15.06,60000,0.0,0
2015-06-12,15.0,15.02,14.79,14.89,31500,0.0,0
2015-06-15,14.76,14.76,14.62,14.66,46600,0.0,0
2015-06-16,14.71,14.76,14.42,14.43,35300,0.0,0
2015-06-17,14.5,14.56,13.76,14.02,269900,0.0,0
2015-06-18,13.99,14.12,13.83,13.9,231800,0.0,0
2015-06-19,13.83,13.93,13.76,13.86,144700,0.0,0
2015-06-22,13.96,14.49,13.96,14.39,138200,0.0,0
2015-06-23,14.39,14.68,14.39,14.58,184300,0.0,0
2015-06-24,14.59,14.74,14.41,14.49,74900,0.0,0
2015-06-25,14.53,14.61,13.87,14.16,219900,0.0,0
2015-06-26,14.2,14.36,14.01,14.2,209500,0.0,0
2015-06-29,14.0,14.19,13.71,13.8,186000,0.0,0
2015-06-30,13.87,14.36,13.76,13.83,181600,0.0,0
2015-07-01,13.96,14.22,13.71,13.94,231600,0.0,0
2015-07-02,13.97,14.11,13.63,13.67,208000,0.0,0
2015-07-06,13.63,13.86,13.45,13.56,143900,0.0,0
2015-07-07,13.5,13.86,13.33,13.75,193200,0.0,0
2015-07-08,13.59,13.77,12.96,13.13,259000,0.0,0
2015-07-09,13.27,13.41,12.95,12.98,213800,0.0,0
2015-07-10,13.17,14.17,13.11,14.04,226100,0.0,0
2015-07-13,14.11,14.26,13.93,14.02,168500,0.0,0
2015-07-14,14.0,14.39,13.94,14.36,219700,0.0,0
2015-07-15,14.3,14.44,14.17,14.36,140100,0.0,0
2015-07-16,14.44,14.84,14.22,14.35,128400,0.0,0
2015-07-17,14.3,14.5,13.78,14.01,131000,0.0,0
2015-07-20,13.89,14.02,13.37,13.45,84500,0.0,0
2015-07-21,13.43,13.51,12.82,13.03,161300,0.0,0
2015-07-22,12.88,13.38,12.88,13.07,175100,0.0,0
2015-07-23,12.93,13.19,12.87,13.07,69600,0.0,0
2015-07-24,12.93,13.05,12.52,12.61,129300,0.0,0
2015-07-27,12.4,12.6,12.24,12.44,157400,0.0,0
2015-07-28,12.7,12.78,12.31,12.45,162900,0.0,0
2015-07-29,12.45,12.63,12.36,12.39,77200,0.0,0
2015-07-30,12.42,12.46,12.17,12.33,77800,0.0,0
2015-07-31,12.4,12.43,12.22,12.3,98900,0.0,0
2015-08-03,12.3,12.6,12.22,12.48,60500,0.0,0
2015-08-04,12.44,12.57,12.28,12.52,167000,0.0,0
2015-08-05,12.66,13.0,12.16,12.83,125600,0.0,0
2015-08-06,12.77,13.66,12.73,13.42,132700,0.0,0
2015-08-07,13.34,13.34,12.99,13.18,75800,0.0,0
2015-08-10,13.17,13.96,13.16,13.88,137500,0.0,0
2015-08-11,13.85,13.85,13.1,13.23,124000,0.0,0
2015-08-12,13.18,13.18,12.68,12.8,103800,0.0,0
2015-08-13,12.8,13.13,12.55,12.95,105300,0.0,0
2015-08-14,13.07,13.1,12.67,12.75,37600,0.0,0
2015-08-17,12.72,12.9,12.44,12.66,86100,0.0,0
2015-08-18,12.6,12.91,12.45,12.48,387900,0.0,0
2015-08-19,12.41,12.52,12.3,12.42,85300,0.0,0
2015-08-20,12.3,12.52,12.2,12.27,83100,0.0,0
2015-08-21,12.25,12.37,11.57,12.15,247500,0.0,0
2015-08-24,11.48,11.52,10.97,11.52,148000,0.0,0
2015-08-25,11.83,11.97,11.02,11.02,116300,0.0,0
2015-08-26,11.27,12.42,11.27,12.0,105700,0.0,0
2015-08-27,12.23,12.53,11.99,12.27,110000,0.0,0
2015-08-28,12.34,12.38,12.05,12.18,77900,0.0,0
2015-08-31,12.06,12.34,11.62,12.34,155400,0.0,0
2015-09-01,12.15,12.26,11.87,12.03,120300,0.0,0
2015-09-02,12.18,12.18,11.84,12.13,59200,0.0,0
2015-09-03,12.18,12.77,12.06,12.34,67700,0.0,0
2015-09-04,12.24,12.44,12.14,12.23,78200,0.0,0
2015-09-08,12.48,12.54,12.23,12.25,99700,0.0,0
2015-09-09,12.4,12.58,12.19,12.21,151200,0.0,0
2015-09-10,12.1,12.44,12.07,12.34,168600,0.0,0
2015-09-11,12.34,12.9,12.3,12.68,159300,0.0,0
2015-09-14,12.7,12.7,12.34,12.37,44700,0.0,0
2015-09-15,12.34,12.44,12.14,12.16,79800,0.0,0
2015-09-16,12.1,12.36,12.02,12.23,159800,0.0,0
2015-09-17,12.11,12.4,12.09,12.29,245200,0.0,0
2015-09-18,12.13,12.3,11.9,11.94,245300,0.0,0
2015-09-21,12.22,12.4,11.55,11.77,158400,0.0,0
2015-09-22,11.62,11.8,11.26,11.51,88800,0.0,0
2015-09-23,11.5,11.74,11.38,11.58,85000,0.0,0
2015-09-24,11.39,11.57,11.27,11.47,77500,0.0,0
2015-09-25,11.61,11.75,11.27,11.47,133400,0.0,0
2015-09-28,11.18,11.2,10.27,10.64,239400,0.0,0
2015-09-29,10.72,11.45,10.65,11.16,106800,0.0,0
2015-09-30,11.34,11.52,11.07,11.19,116900,0.0,0
2015-10-01,11.16,11.26,10.81,11.01,90000,0.0,0
2015-10-02,10.78,10.91,10.41,10.68,244500,0.0,0
2015-10-05,10.79,11.21,10.79,11.21,86800,0.0,0
2015-10-06,11.23,11.26,11.03,11.13,157100,0.0,0
2015-10-07,11.27,11.34,10.81,11.07,348000,0.0,0
2015-10-08,11.24,11.39,10.89,11.19,186400,0.0,0
2015-10-09,11.22,11.61,11.22,11.38,139000,0.0,0
2015-10-12,11.41,11.65,11.35,11.51,154600,0.0,0
2015-10-13,11.44,11.61,11.17,11.27,80700,0.0,0
2015-10-14,11.22,11.7,11.13,11.43,140400,0.0,0
2015-10-15,11.44,11.65,11.28,11.41,103900,0.0,0
2015-10-16,11.41,11.65,11.22,11.36,156000,0.0,0
2015-10-19,11.29,11.46,11.04,11.14,141500,0.0,0
2015-10-20,11.11,11.27,10.98,11.18,80800,0.0,0
2015-10-21,11.17,11.23,10.88,10.94,71000,0.0,0
2015-10-22,11.08,11.3,10.89,11.23,124200,0.0,0
2015-10-23,11.32,11.7,11.07,11.44,158100,0.0,0
2015-10-26,12.72,13.43,12.51,12.73,560700,0.0,0
2015-10-27,12.72,13.43,12.34,13.18,250100,0.0,0
2015-10-28,13.22,14.9,13.07,14.47,413500,0.0,0
2015-10-29,14.59,15.59,14.53,14.76,471200,0.0,0
2015-10-30,14.73,15.27,14.67,14.99,284000,0.0,0
2015-11-02,14.91,15.37,14.86,15.29,182900,0.0,0
2015-11-03,15.22,15.44,14.31,15.36,342600,0.0,0
2015-11-04,15.38,15.38,14.11,14.53,313700,0.0,0
2015-11-05,14.52,14.74,14.2,14.4,102400,0.0,0
2015-11-06,14.23,14.49,14.01,14.27,53700,0.0,0
2015-11-09,14.22,14.38,14.01,14.1,109000,0.0,0
2015-11-10,14.0,14.21,13.68,14.12,166500,0.0,0
2015-11-11,14.28,14.28,13.76,14.14,239800,0.0,0
2015-11-12,13.89,14.39,13.78,14.13,218900,0.0,0
2015-11-13,14.02,14.27,13.77,13.82,155300,0.0,0
2015-11-16,13.77,14.33,13.56,14.22,201500,0.0,0
2015-11-17,14.22,14.49,13.87,13.99,278500,0.0,0
2015-11-18,14.06,14.41,13.99,14.26,241900,0.0,0
2015-11-19,14.23,14.34,14.03,14.23,203100,0.0,0
2015-11-20,14.34,15.09,14.13,14.55,469600,0.0,0
2015-11-23,15.23,15.37,13.83,13.98,294400,0.0,0
2015-11-24,13.83,14.23,13.64,13.74,355100,0.0,0
2015-11-25,13.63,13.73,12.95,13.18,291100,0.0,0
2015-11-27,13.3,13.5,13.24,13.45,83100,0.0,0
2015-11-30,13.33,13.41,13.13,13.24,197100,0.0,0
2015-12-01,13.32,13.45,13.17,13.2,215200,0.0,0
2015-12-02,13.3,13.45,13.03,13.04,239200,0.0,0
2015-12-03,13.08,13.22,12.75,12.95,189700,0.0,0
2015-12-04,12.86,13.03,12.48,12.78,128900,0.0,0
2015-12-07,12.84,13.03,12.33,12.44,156900,0.0,0
2015-12-08,12.28,12.56,12.22,12.42,128500,0.0,0
2015-12-09,12.4,12.73,12.18,12.55,167300,0.0,0
2015-12-10,12.45,12.64,12.13,12.34,270400,0.0,0
2015-12-11,12.1,12.15,11.64,12.03,237000,0.0,0
2015-12-14,11.97,12.24,11.97,12.1,158900,0.0,0
2015-12-15,12.17,12.39,12.1,12.15,383600,0.0,0
2015-12-16,12.12,12.21,11.94,12.14,144500,0.0,0
2015-12-17,12.22,13.03,12.17,12.64,137800,0.0,0
2015-12-18,12.57,12.8,12.47,12.54,265500,0.0,0
2015-12-21,12.53,13.07,12.41,12.92,188800,0.0,0
2015-12-22,12.87,12.94,12.51,12.63,94300,0.0,0
2015-12-23,12.78,13.03,12.7,12.77,58800,0.0,0
2015-12-24,12.73,13.07,12.64,12.94,51700,0.0,0
2015-12-28,12.86,12.93,12.46,12.72,80500,0.0,0
2015-12-29,12.75,12.78,12.46,12.7,94400,0.0,0
2015-12-30,12.6,12.77,12.4,12.77,103400,0.0,0
2015-12-31,12.57,12.67,12.24,12.35,152400,0.0,0
2016-01-04,12.14,12.41,11.94,12.05,100700,0.0,0
2016-01-05,12.1,12.63,12.1,12.54,237500,0.0,0
2016-01-06,12.38,12.57,12.3,12.53,113000,0.0,0
2016-01-07,12.33,12.49,12.04,12.21,137500,0.0,0
2016-01-08,12.3,12.34,11.93,12.11,128700,0.0,0
2016-01-11,12.25,12.27,11.88,11.99,83600,0.0,0
2016-01-12,12.07,12.25,11.83,12.07,83400,0.0,0
2016-01-13,12.1,12.19,11.97,12.0,169700,0.0,0
2016-01-14,12.0,12.07,11.61,11.85,92300,0.0,0
2016-01-15,11.48,11.9,11.2,11.84,147200,0.0,0
2016-01-19,11.91,11.91,11.24,11.4,87100,0.0,0
2016-01-20,11.23,11.23,10.78,11.14,160700,0.0,0
2016-01-21,11.04,11.66,10.79,11.3,108400,0.0,0
2016-01-22,11.53,11.71,11.31,11.5,317800,0.0,0
2016-01-25,11.47,11.6,11.07,11.1,76900,0.0,0
2016-01-26,11.1,11.59,10.9,11.24,164000,0.0,0
2016-01-27,11.24,11.76,11.07,11.75,149800,0.0,0
2016-01-28,11.7,12.03,11.62,11.89,380400,0.0,0
2016-01-29,12.0,12.11,11.93,12.03,96000,0.0,0
2016-02-01,11.92,12.2,11.63,12.16,59800,0.0,0
2016-02-02,11.98,12.16,11.82,12.07,121600,0.0,0
2016-02-03,12.14,12.27,11.77,12.07,95600,0.0,0
2016-02-04,12.11,12.68,11.9,12.34,72900,0.0,0
2016-02-05,12.31,12.42,12.11,12.23,34000,0.0,0
2016-02-08,12.07,12.24,11.63,12.08,55800,0.0,0
2016-02-09,11.89,12.09,11.65,11.75,33100,0.0,0
2016-02-10,11.85,12.04,11.38,11.92,54000,0.0,0
2016-02-11,11.26,11.65,11.22,11.56,116200,0.0,0
2016-02-12,11.57,11.67,11.32,11.57,38200,0.0,0
2016-02-16,11.63,11.91,11.45,11.88,83400,0.0,0
2016-02-17,11.9,12.34,11.78,12.24,51500,0.0,0
2016-02-18,12.34,12.56,12.16,12.51,86000,0.0,0
2016-02-19,12.58,12.83,12.4,12.74,70700,0.0,0
2016-02-22,13.1,13.81,12.8,13.5,152600,0.0,0
2016-02-23,13.57,13.79,13.45,13.63,82900,0.0,0
2016-02-24,13.45,13.73,12.98,13.66,76600,0.0,0
2016-02-25,13.78,13.99,13.59,13.93,72600,0.0,0
2016-02-26,13.93,14.39,13.53,14.13,146700,0.0,0
2016-02-29,14.32,14.48,13.78,14.19,133900,0.0,0
2016-03-01,14.23,14.37,13.86,14.3,167500,0.0,0
2016-03-02,14.22,14.56,13.96,14.45,251000,0.0,0
2016-03-03,14.52,14.59,14.15,14.39,104100,0.0,0
2016-03-04,14.29,14.59,14.14,14.49,144100,0.0,0
2016-03-07,14.57,14.81,14.49,14.68,104700,0.0,0
2016-03-08,14.74,14.85,14.51,14.68,143900,0.0,0
2016-03-09,14.85,14.85,14.5,14.67,156100,0.0,0
2016-03-10,14.6,14.6,14.16,14.46,109900,0.0,0
2016-03-11,14.65,14.67,14.2,14.54,100800,0.0,0
2016-03-14,14.53,14.53,14.24,14.33,51500,0.0,0
2016-03-15,14.23,14.31,13.66,14.09,142800,0.0,0
2016-03-16,13.96,14.27,13.77,14.14,62300,0.0,0
2016-03-17,14.16,14.38,13.98,14.12,131200,0.0,0
2016-03-18,14.1,14.49,13.94,14.47,59300,0.0,0
2016-03-21,14.45,14.59,14.2,14.39,93200,0.0,0
2016-03-22,14.22,14.9,14.1,14.63,77700,0.0,0
2016-03-23,14.67,14.67,14.2,14.45,53500,0.0,0
2016-03-24,14.3,14.71,14.08,14.53,55400,0.0,0
2016-03-28,14.61,14.61,14.1,14.19,45800,0.0,0
2016-03-29,14.22,14.22,13.76,13.86,146100,0.0,0
2016-03-30,13.9,14.28,13.8,13.85,61800,0.0,0
2016-03-31,13.78,14.03,13.47,13.75,62500,0.0,0
2016-04-01,13.6,13.7,13.31,13.36,51600,0.0,0
2016-04-04,13.23,13.65,12.9,13.56,68100,0.0,0
2016-04-05,13.4,13.55,13.12,13.47,76300,0.0,0
2016-04-06,13.45,13.53,13.13,13.38,105400,0.0,0
2016-04-07,13.33,13.55,13.02,13.04,106100,0.0,0
2016-04-08,13.18,13.3,12.8,13.07,100100,0.0,0
2016-04-11,13.17,13.3,12.87,12.87,151800,0.0,0
2016-04-12,12.87,13.62,12.73,13.53,102700,0.0,0
2016-04-13,13.62,13.99,13.26,13.8,53400,0.0,0
2016-04-14,13.92,14.06,13.37,13.6,54100,0.0,0
2016-04-15,13.53,13.87,13.49,13.54,36300,0.0,0
2016-04-18,13.45,13.61,13.43,13.56,46100,0.0,0
2016-04-19,13.55,14.41,13.47,14.36,245000,0.0,0
2016-04-20,14.23,14.91,13.98,14.79,142300,0.0,0
2016-04-21,14.71,15.13,14.6,15.0,124700,0.0,0
2016-04-22,15.03,15.1,14.66,14.89,71200,0.0,0
2016-04-25,14.85,14.94,14.15,14.45,66100,0.0,0
2016-04-26,14.46,14.58,14.33,14.56,52100,0.0,0
2016-04-27,14.41,14.82,14.14,14.69,65200,0.0,0
2016-04-28,14.58,14.97,14.48,14.71,67300,0.0,0
2016-04-29,14.8,14.83,14.31,14.39,70500,0.0,0
2016-05-02,14.46,14.61,14.09,14.21,66900,0.0,0
2016-05-03,14.1,14.1,13.72,13.85,66700,0.0,0
2016-05-04,13.59,14.18,13.54,14.03,62600,0.0,0
2016-05-05,14.16,14.29,13.93,14.15,51000,0.0,0
2016-05-06,14.06,14.16,13.87,14.07,19100,0.0,0
2016-05-09,13.86,14.19,13.75,14.03,41300,0.0,0
2016-05-10,14.22,14.53,14.19,14.36,36100,0.25486,0
2016-05-11,14.36,14.75,14.21,14.68,148500,0.0,0
2016-05-12,15.35,15.35,14.89,14.89,126800,0.0,0
2016-05-13,14.95,14.95,14.36,14.52,45300,0.0,0
2016-05-16,14.57,15.04,14.36,14.51,96600,0.0,0
2016-05-17,14.58,14.83,14.35,14.44,74900,0.0,0
2016-05-18,14.45,14.54,14.28,14.47,56700,0.0,0
2016-05-19,14.29,14.29,13.64,13.95,119900,0.0,0
2016-05-20,13.97,14.11,13.87,13.88,44400,0.0,0
2016-05-23,13.8,14.01,13.58,13.78,42800,0.0,0
2016-05-24,13.81,14.08,13.71,13.85,62700,0.0,0
2016-05-25,13.85,14.27,13.78,13.95,38400,0.0,0
2016-05-26,13.87,14.26,13.87,14.04,84200,0.0,0
2016-05-27,14.07,14.3,14.07,14.18,77000,0.0,0
2016-05-31,14.15,14.29,13.69,13.69,112400,0.0,0
2016-06-01,13.73,14.26,13.73,14.17,127400,0.0,0
2016-06-02,14.12,14.38,14.11,14.13,101300,0.0,0
2016-06-03,14.19,14.26,14.12,14.17,65300,0.0,0
2016-06-06,14.19,14.61,14.19,14.5,104800,0.0,0
2016-06-07,14.54,15.03,14.54,14.93,138500,0.0,0
2016-06-08,15.03,15.06,14.86,14.94,49900,0.0,0
2016-06-09,14.87,15.14,14.64,15.14,99100,0.0,0
2016-06-10,14.96,15.03,14.49,14.51,77900,0.0,0
2016-06-13,14.44,14.63,14.06,14.61,97500,0.0,0
2016-06-14,14.54,14.79,14.15,14.73,97700,0.0,0
2016-06-15,14.73,15.02,14.72,14.86,45600,0.0,0
2016-06-16,14.73,14.92,14.54,14.74,88200,0.0,0
2016-06-17,14.59,15.0,14.47,14.76,89600,0.0,0
2016-06-20,14.89,15.31,14.63,15.04,60400,0.0,0
2016-06-21,15.04,15.35,15.0,15.06,93300,0.0,0
2016-06-22,15.18,15.35,14.75,14.82,101100,0.0,0
2016-06-23,15.0,15.11,14.76,14.93,75400,0.0,0
2016-06-24,14.54,14.58,14.01,14.07,130900,0.0,0
2016-06-27,13.73,13.94,13.63,13.93,93900,0.0,0
2016-06-28,14.08,14.55,13.87,14.42,87400,0.0,0
2016-06-29,14.47,14.81,14.29,14.56,64400,0.0,0
2016-06-30,14.61,14.8,14.26,14.29,88600,0.0,0
2016-07-01,14.4,14.73,14.12,14.58,102800,0.0,0
2016-07-05,14.4,14.67,14.07,14.25,77600,0.0,0
2016-07-06,14.15,14.36,13.93,14.27,44400,0.0,0
2016-07-07,14.4,14.55,14.21,14.35,68600,0.0,0
2016-07-08,14.5,14.81,14.42,14.58,77400,0.0,0
2016-07-11,14.68,15.07,14.54,14.77,119500,0.0,0
2016-07-12,14.82,15.09,14.59,14.82,86000,0.0,0
2016-07-13,14.75,15.17,14.73,14.93,62400,0.0,0
2016-07-14,15.07,15.35,15.07,15.2,115500,0.0,0
2016-07-15,15.2,15.58,14.92,15.17,201300,0.0,0
2016-07-18,15.04,15.12,14.8,15.0,66900,0.0,0
2016-07-19,14.84,15.11,14.84,14.98,97800,0.0,0
2016-07-20,14.89,15.04,14.73,14.74,106800,0.0,0
2016-07-21,14.67,15.11,14.54,14.93,100200,0.0,0
2016-07-22,14.82,15.08,14.69,14.79,60600,0.0,0
2016-07-25,14.91,15.2,14.61,14.69,75400,0.0,0
2016-07-26,14.51,14.91,14.51,14.7,55000,0.0,0
2016-07-27,14.7,15.16,14.46,15.13,126700,0.0,0
2016-07-28,15.05,15.05,14.55,14.64,62000,0.0,0
2016-07-29,14.67,14.82,14.47,14.74,36500,0.0,0
2016-08-01,14.75,14.77,14.45,14.5,40200,0.0,0
2016-08-02,14.54,14.71,14.19,14.19,53500,0.0,0
2016-08-03,14.26,14.7,14.13,14.36,92300,0.0,0
2016-08-04,14.4,14.52,14.11,14.31,52400,0.0,0
2016-08-05,14.47,14.47,14.08,14.2,55000,0.0,0
2016-08-08,14.17,14.43,14.15,14.29,53800,0.0,0
2016-08-09,14.41,14.64,14.15,14.15,63200,0.0,0
2016-08-10,14.15,14.5,14.15,14.34,27400,0.0,0
2016-08-11,14.26,14.42,14.15,14.26,70600,0.0,0
2016-08-12,14.19,14.29,14.15,14.16,86200,0.0,0
2016-08-15,14.23,14.24,14.15,14.15,52100,0.0,0
2016-08-16,14.15,14.22,14.15,14.16,61200,0.0,0
2016-08-17,14.15,14.16,13.91,14.15,97500,0.0,0
2016-08-18,14.13,14.19,14.03,14.04,50000,0.0,0
2016-08-19,14.04,14.06,13.64,14.03,48100,0.0,0
2016-08-22,14.15,14.36,13.95,14.22,94700,0.0,0
2016-08-23,14.38,14.67,14.35,14.45,99000,0.450426,0
2016-08-24,14.46,14.46,14.38,14.42,50700,0.0,0
2016-08-25,14.51,14.65,14.39,14.48,53900,0.0,0
2016-08-26,14.52,14.52,14.14,14.22,83300,0.0,0
2016-08-29,14.3,14.46,14.3,14.38,74900,0.0,0
2016-08-30,14.31,14.6,14.31,14.53,74800,0.0,0
2016-08-31,14.53,14.53,14.07,14.1,160400,0.0,0
2016-09-01,14.08,14.4,14.07,14.4,139300,0.0,0
2016-09-02,14.37,14.47,14.22,14.34,62300,0.0,0
2016-09-06,14.59,15.18,14.59,15.02,370500,0.0,0
2016-09-07,15.02,15.18,14.75,15.1,113900,0.0,0
2016-09-08,14.96,15.1,14.74,15.01,88000,0.0,0
2016-09-09,14.76,14.9,14.39,14.5,129600,0.0,0
2016-09-12,14.38,14.74,14.38,14.71,92500,0.0,0
2016-09-13,14.52,14.52,14.3,14.46,51800,0.0,0
2016-09-14,14.5,14.78,14.5,14.58,61200,0.0,0
2016-09-15,14.74,14.89,14.61,14.8,167300,0.0,0
2016-09-16,14.8,14.94,14.78,14.88,112400,0.0,0
2016-09-19,14.85,15.01,14.73,14.77,352700,0.0,0
2016-09-20,14.88,14.88,14.7,14.76,150400,0.0,0
2016-09-21,14.8,14.93,14.7,14.88,148300,0.0,0
2016-09-22,15.05,15.05,14.79,14.97,211600,0.0,0
2016-09-23,14.89,15.0,14.82,14.96,137000,0.0,0
2016-09-26,14.86,15.02,14.69,14.72,175800,0.0,0
2016-09-27,14.71,14.78,14.62,14.64,115700,0.0,0
2016-09-28,14.62,14.78,14.58,14.7,148700,0.0,0
2016-09-29,14.58,14.78,14.58,14.6,186000,0.0,0
2016-09-30,14.77,14.78,14.54,14.62,145400,0.0,0
2016-10-03,14.62,14.84,14.55,14.74,213600,0.0,0
2016-10-04,14.7,14.99,14.62,14.98,277200,0.0,0
2016-10-05,15.12,15.12,14.87,14.96,321300,0.0,0
2016-10-06,14.84,15.01,14.77,14.98,220700,0.0,0
2016-10-07,14.94,15.1,14.9,14.98,264900,0.0,0
2016-10-10,14.98,14.98,14.8,14.92,631900,0.0,0
2016-10-11,14.91,14.94,14.81,14.94,102800,0.0,0
2016-10-12,14.97,15.0,14.66,14.74,105300,0.0,0
2016-10-13,14.71,14.81,14.57,14.76,197900,0.0,0
2016-10-14,14.76,14.82,14.74,14.79,132400,0.0,0
2016-10-17,14.73,14.82,14.52,14.64,521800,0.0,0
2016-10-18,14.82,14.82,14.46,14.48,690800,0.0,0
2016-10-19,14.45,14.58,14.19,14.43,944600,0.0,0
2016-10-20,14.38,14.78,14.34,14.71,1001700,0.0,0
2016-10-21,14.73,15.04,14.46,14.96,397100,0.0,0
2016-10-24,15.07,15.12,14.77,14.95,62700,0.0,0
2016-10-25,14.86,14.98,14.8,14.86,51000,0.0,0
2016-10-26,14.88,14.97,14.68,14.89,104300,0.0,0
2016-10-27,14.93,14.93,14.79,14.9,39500,0.0,0
2016-10-28,14.9,15.06,14.89,14.92,53400,0.0,0
2016-10-31,14.9,15.04,14.87,15.04,76000,0.0,0
2016-11-01,14.96,15.17,14.94,14.95,137600,0.0,0
2016-11-02,15.02,15.02,14.72,14.72,199600,0.0,0
2016-11-03,14.89,14.96,14.53,14.73,98400,0.0,0
2016-11-04,14.74,14.74,14.54,14.54,161200,0.0,0
2016-11-07,14.72,14.91,14.6,14.75,82800,0.0,0
2016-11-08,14.65,14.9,14.65,14.82,73500,0.0,0
2016-11-09,14.19,14.88,14.19,14.69,90700,0.0,0
2016-11-10,14.74,14.83,14.39,14.46,61700,0.0,0
2016-11-11,14.34,14.43,13.86,14.28,157200,0.0,0
2016-11-14,14.26,14.37,13.83,13.91,291900,0.0,0
2016-11-15,14.03,14.29,13.91,14.18,55200,0.0,0
2016-11-16,14.15,14.2,14.03,14.2,35300,0.0,0
2016-11-17,14.25,14.5,14.15,14.4,53000,0.0,0
2016-11-18,14.4,14.58,14.34,14.35,151400,0.0,0
2016-11-21,14.48,14.75,14.38,14.75,76300,0.0,0
2016-11-22,14.78,15.0,14.54,14.66,113700,0.0,0
2016-11-23,14.62,14.9,14.17,14.34,62200,0.0,0
2016-11-25,14.34,14.5,14.22,14.5,44500,0.0,0
2016-11-28,14.5,14.94,14.49,14.75,74700,0.0,0
2016-11-29,14.74,14.95,14.56,14.74,144100,0.0,0
2016-11-30,14.74,14.98,14.25,14.38,268100,0.0,0
2016-12-01,14.33,14.94,14.33,14.78,238400,0.0,0
2016-12-02,14.54,15.14,14.28,14.82,303700,0.0,0
2016-12-05,14.9,15.0,14.66,14.82,207900,0.0,0
2016-12-06,14.89,14.89,14.59,14.59,45200,0.0,0
2016-12-07,14.71,14.75,14.39,14.68,48900,0.0,0
2016-12-08,14.66,14.77,14.5,14.58,90300,0.0,0
2016-12-09,14.5,14.54,14.13,14.47,58000,0.0,0
2016-12-12,14.53,14.73,14.26,14.38,45800,0.0,0
2016-12-13,14.49,14.58,14.13,14.54,125000,0.0,0
2016-12-14,14.6,14.71,14.22,14.5,155700,0.0,0
2016-12-15,14.55,14.55,13.69,14.29,113300,0.0,0
2016-12-16,14.38,14.38,14.03,14.31,44300,0.0,0
2016-12-19,14.3,14.3,13.83,14.03,116100,0.0,0
2016-12-20,13.94,14.15,13.62,13.99,104900,0.0,0
2016-12-21,14.07,14.44,13.8,14.38,88000,0.0,0
2016-12-22,14.46,14.46,14.12,14.29,38700,0.0,0
2016-12-23,14.39,14.78,14.09,14.46,60700,0.0,0
2016-12-27,14.51,14.67,14.33,14.43,69600,0.0,0
2016-12-28,14.46,14.7,14.26,14.58,44900,0.0,0
2016-12-29,14.52,14.7,14.42,14.58,55900,0.0,0
2016-12-30,14.52,14.58,14.38,14.52,20600,0.0,0
2017-01-03,14.52,14.83,14.25,14.38,191200,0.0,0
2017-01-04,14.43,14.71,14.3,14.42,43800,0.0,0
2017-01-05,14.52,14.62,14.33,14.38,81800,0.0,0
2017-01-06,14.49,14.87,14.48,14.86,90100,0.0,0
2017-01-09,14.98,15.15,14.86,15.12,72700,0.0,0
2017-01-10,15.17,15.49,15.03,15.34,209700,0.0,0
2017-01-11,15.5,15.9,15.34,15.66,288500,0.0,0
2017-01-12,15.66,15.66,15.34,15.54,175800,0.0,0
2017-01-13,15.5,15.54,15.28,15.42,153500,0.0,0
2017-01-17,15.53,15.74,15.35,15.66,165500,0.0,0
2017-01-18,15.52,15.74,15.36,15.54,181500,0.0,0
2017-01-19,15.66,15.66,15.27,15.42,38500,0.0,0
2017-01-20,15.51,15.86,15.43,15.65,76600,0.0,0
2017-01-23,15.65,15.77,15.29,15.53,66700,0.0,0
2017-01-24,15.62,15.66,15.32,15.59,97900,0.0,0
2017-01-25,15.58,15.74,15.33,15.45,89200,0.0,0
2017-01-26,15.34,15.58,15.1,15.21,97000,0.0,0
2017-01-27,15.09,15.4,15.09,15.26,70000,0.0,0
2017-01-30,15.34,15.54,14.95,15.29,82800,0.0,0
2017-01-31,15.33,15.53,15.18,15.42,59900,0.0,0
2017-02-01,15.62,16.44,15.37,16.24,131600,0.0,0
2017-02-02,16.33,17.13,15.87,16.66,203800,0.0,0
2017-02-03,16.82,18.14,16.78,18.14,458700,0.0,0
2017-02-06,18.05,18.15,17.23,17.77,146200,0.0,0
2017-02-07,17.89,17.89,17.29,17.66,97600,0.0,0
2017-02-08,17.58,17.74,17.18,17.66,235400,0.0,0
2017-02-09,17.58,18.63,17.38,18.31,127000,0.0,0
2017-02-10,18.46,18.46,17.85,18.08,71500,0.0,0
2017-02-13,18.19,18.28,17.93,18.2,53500,0.0,0
2017-02-14,18.37,18.37,17.89,18.28,41900,0.0,0
2017-02-15,18.43,19.16,18.28,19.16,72500,0.0,0
2017-02-16,18.95,19.17,18.68,18.76,86700,0.0,0
2017-02-17,18.64,19.02,18.11,18.89,90000,0.0,0
2017-02-21,18.7,19.02,18.3,18.36,87800,0.0,0
2017-02-22,18.47,18.56,18.12,18.38,102000,0.0,0
2017-02-23,18.54,18.57,18.09,18.22,58500,0.0,0
2017-02-24,18.0,18.04,17.34,17.77,77800,0.0,0
2017-02-27,17.61,17.64,16.39,17.57,95500,0.0,0
2017-02-28,17.7,17.7,16.81,16.91,151400,0.0,0
2017-03-01,17.14,17.77,16.81,17.41,85300,0.0,0
2017-03-02,17.22,17.41,16.96,17.14,155300,0.0,0
2017-03-03,17.05,17.38,17.02,17.3,44200,0.0,0
2017-03-06,17.26,17.87,17.26,17.78,108600,0.0,0
2017-03-07,17.93,17.97,17.24,17.37,113800,0.0,0
2017-03-08,17.49,17.73,17.22,17.34,41000,0.0,0
2017-03-09,17.38,17.66,17.19,17.5,73400,0.0,0
2017-03-10,17.68,17.93,17.48,17.9,56600,0.0,0
2017-03-13,17.97,18.42,17.95,18.38,48700,0.0,0
2017-03-14,18.42,18.42,17.78,17.95,94500,0.0,0
2017-03-15,17.85,18.55,17.85,18.5,93600,0.0,0
2017-03-16,18.36,18.78,18.31,18.62,200900,0.0,0
2017-03-17,18.74,18.74,18.12,18.32,161200,0.0,0
2017-03-20,18.46,18.58,17.81,18.04,232900,0.0,0
2017-03-21,18.04,18.12,17.73,17.98,81600,0.0,0
2017-03-22,17.75,18.05,17.29,17.79,175400,0.0,0
2017-03-23,17.97,17.97,16.94,17.52,251800,0.0,0
2017-03-24,17.11,17.94,16.94,17.75,101300,0.0,0
2017-03-27,17.77,18.0,17.45,17.79,139300,0.0,0
2017-03-28,17.71,17.98,17.54,17.72,120300,0.0,0
2017-03-29,17.85,18.01,17.66,18.01,115300,0.0,0
2017-03-30,18.12,18.51,17.89,18.18,107100,0.0,0
2017-03-31,18.06,18.06,17.31,17.73,115200,0.0,0
2017-04-03,17.82,18.18,17.42,18.15,119600,0.0,0
2017-04-04,17.85,18.28,17.84,18.07,56400,0.0,0
2017-04-05,18.22,18.78,17.99,18.38,96500,0.0,0
2017-04-06,18.6,18.6,18.11,18.26,95400,0.0,0
2017-04-07,18.24,18.6,18.1,18.22,82300,0.0,0
2017-04-10,18.32,18.48,17.99,18.01,115900,0.0,0
2017-04-11,17.96,18.15,17.52,17.9,157000,0.0,0
2017-04-12,17.92,18.02,17.68,17.78,186600,0.0,0
2017-04-13,17.67,18.16,17.67,17.84,79700,0.0,0
2017-04-17,17.82,18.01,17.73,17.88,42800,0.0,0
2017-04-18,17.88,18.78,17.81,17.85,98200,0.0,0
2017-04-19,18.08,18.27,17.92,17.93,210000,0.0,0
2017-04-20,18.19,18.35,17.96,18.3,78700,0.0,0
2017-04-21,18.3,18.5,18.19,18.33,81500,0.0,0
2017-04-24,18.68,18.68,18.29,18.3,84600,0.0,0
2017-04-25,18.5,18.62,18.29,18.4,90200,0.0,0
2017-04-26,18.44,18.6,18.25,18.44,75900,0.0,0
2017-04-27,18.44,18.62,18.26,18.51,99800,0.0,0
2017-04-28,18.58,18.58,17.85,18.11,171800,0.0,0
2017-05-01,18.15,18.46,18.08,18.18,43800,0.0,0
2017-05-02,18.21,19.05,18.14,18.91,129500,0.0,0
2017-05-03,18.98,19.36,18.72,19.26,273900,0.0,0
2017-05-04,19.34,19.51,18.9,19.09,106700,0.0,0
2017-05-05,19.17,19.26,18.92,19.1,92900,0.0,0
2017-05-08,19.23,19.53,18.96,19.09,50600,0.0,0
2017-05-09,19.16,19.27,18.92,18.98,56500,0.0,0
2017-05-10,18.93,19.17,18.88,18.98,136800,0.0,0
2017-05-11,18.88,19.53,18.88,19.47,142000,0.0,0
2017-05-12,19.45,19.81,19.35,19.64,109600,0.0,0
2017-05-15,19.94,20.75,19.94,19.97,480000,0.0,0
2017-05-16,20.28,20.54,19.72,19.93,184900,0.0,0
2017-05-17,19.66,19.91,19.42,19.45,192000,0.0,0
2017-05-18,19.16,19.2,18.62,18.94,147000,0.0,0
2017-05-19,18.94,19.66,18.94,19.45,214600,0.0,0
2017-05-22,19.36,19.74,19.31,19.4,90100,0.0,0
2017-05-23,19.41,19.57,19.16,19.17,111100,0.0,0
2017-05-24,19.32,19.39,18.84,19.39,74900,0.0,0
2017-05-25,19.48,19.87,19.48,19.57,33000,0.0,0
2017-05-26,19.68,20.37,19.44,20.03,221200,0.0,0
2017-05-30,20.26,20.46,20.21,20.27,287800,0.0,0
2017-05-31,20.31,20.73,20.31,20.59,152700,0.0,0
2017-06-01,20.62,20.82,20.39,20.65,105200,0.0,0
2017-06-02,20.57,20.77,20.35,20.57,145100,0.0,0
2017-06-05,20.62,20.71,20.27,20.3,52100,0.0,0
2017-06-06,20.22,20.55,20.2,20.47,86000,0.0,0
2017-06-07,20.55,20.62,20.11,20.42,317600,0.0,0
2017-06-08,20.4,20.4,19.99,20.03,143300,0.0,0
2017-06-09,20.16,20.56,20.0,20.31,171100,0.0,0
2017-06-12,20.46,20.73,19.92,20.67,283100,0.0,0
2017-06-13,20.82,20.91,20.45,20.58,166600,0.0,0
2017-06-14,20.6,20.89,20.3,20.44,294100,0.0,0
2017-06-15,20.12,20.58,19.67,19.78,190700,0.0,0
2017-06-16,19.85,20.21,19.79,19.92,142200,0.0,0
2017-06-19,19.88,21.02,19.85,20.51,183800,0.0,0
2017-06-20,20.51,20.75,20.15,20.29,78400,0.0,0
2017-06-21,18.67,19.6,17.9,19.28,920900,0.0,0
2017-06-22,19.31,20.19,18.5,19.99,313800,0.0,0
2017-06-23,20.12,20.19,19.28,19.48,213700,0.0,0
2017-06-26,19.54,19.91,19.33,19.42,165800,0.0,0
2017-06-27,19.48,19.68,18.94,19.32,128200,0.0,0
2017-06-28,19.28,19.76,19.21,19.47,192900,0.0,0
2017-06-29,19.65,20.1,19.45,19.56,184900,0.0,0
2017-06-30,19.73,20.83,19.21,20.25,434000,0.0,0
2017-07-03,21.29,23.89,20.98,23.54,1301000,0.0,0
2017-07-05,23.1,23.58,22.78,23.11,725800,0.0,0
2017-07-06,23.1,23.26,22.71,22.98,461600,0.0,0
2017-07-07,22.89,23.06,22.58,22.61,302000,0.0,0
2017-07-10,22.66,23.12,22.46,22.78,247400,0.0,0
2017-07-11,22.52,23.4,22.49,23.3,345100,0.0,0
2017-07-12,23.26,23.26,22.46,22.83,294900,0.0,0
2017-07-13,22.98,23.01,22.59,22.66,232300,0.0,0
2017-07-14,22.61,22.93,22.61,22.77,166200,0.0,0
2017-07-17,22.68,22.95,22.22,22.47,288100,0.0,0
2017-07-18,22.55,22.55,21.66,21.78,187600,0.0,0
2017-07-19,21.69,22.54,21.69,22.2,178800,0.0,0
2017-07-20,22.3,22.46,22.09,22.42,146300,0.0,0
2017-07-21,22.52,22.52,22.1,22.38,178100,0.0,0
2017-07-24,22.46,22.46,22.06,22.23,56500,0.0,0
2017-07-25,22.35,22.45,21.89,22.09,140500,0.0,0
2017-07-26,22.21,22.25,21.75,21.91,108200,0.0,0
2017-07-27,22.12,22.2,21.54,21.8,101700,0.0,0
2017-07-28,21.74,21.76,21.31,21.57,100400,0.0,0
2017-07-31,21.58,21.69,21.07,21.09,116700,0.0,0
2017-08-01,21.21,21.38,21.04,21.3,106600,0.0,0
2017-08-02,21.32,21.43,20.63,21.31,173800,0.0,0
2017-08-03,21.44,22.25,21.11,22.17,225000,0.0,0
2017-08-04,21.99,22.39,21.95,22.28,209300,0.0,0
2017-08-07,22.4,22.63,22.17,22.6,192200,0.0,0
2017-08-08,22.7,22.72,22.47,22.6,94100,0.0,0
2017-08-09,22.5,22.7,21.86,22.18,59000,0.0,0
2017-08-10,22.22,22.22,20.75,21.59,91600,0.0,0
2017-08-11,21.47,22.68,20.94,22.49,211400,0.0,0
2017-08-14,22.97,24.15,22.97,23.99,638400,0.0,0
2017-08-15,24.09,24.25,23.14,23.69,361900,0.0,0
2017-08-16,23.76,24.01,23.53,23.86,95200,0.0,0
2017-08-17,23.81,24.41,23.57,24.37,224600,0.0,0
2017-08-18,24.37,24.86,24.25,24.86,145800,0.0,0
2017-08-21,24.74,25.2,24.54,25.15,296700,0.0,0
2017-08-22,25.05,25.11,24.29,24.66,353200,0.0,0
2017-08-23,24.71,24.73,23.51,23.89,403000,0.0,0
2017-08-24,24.03,24.03,23.42,23.75,172400,0.0,0
2017-08-25,23.61,23.96,23.58,23.58,214200,0.0,0
2017-08-28,23.9,25.34,23.9,24.85,354900,0.0,0
2017-08-29,24.81,25.09,24.28,24.52,177800,0.0,0
2017-08-30,24.53,25.05,24.53,24.89,344700,0.0,0
2017-08-31,25.13,25.13,23.89,23.93,360300,0.0,0
2017-09-01,24.25,24.9,24.25,24.35,140500,0.0,0
2017-09-05,24.65,25.36,24.45,25.3,282900,0.0,0
2017-09-06,25.31,25.44,24.56,25.01,212200,0.0,0
2017-09-07,25.15,25.29,24.65,24.99,222800,0.0,0
2017-09-08,24.66,24.69,24.02,24.34,231800,0.0,0
2017-09-11,24.83,25.49,24.8,25.32,323600,0.0,0
2017-09-12,25.57,25.67,25.06,25.33,409400,0.0,0
2017-09-13,25.34,25.61,24.42,24.68,382800,0.0,0
2017-09-14,24.72,25.03,23.99,24.41,137400,0.0,0
2017-09-15,24.45,24.76,24.21,24.72,218100,0.0,0
2017-09-18,24.37,24.65,24.17,24.56,210700,0.0,0
2017-09-19,24.66,24.66,24.36,24.52,131400,0.0,0
2017-09-20,24.52,24.66,24.37,24.45,100100,0.0,0
2017-09-21,24.55,24.55,24.02,24.25,126500,0.0,0
2017-09-22,24.25,24.55,24.21,24.42,234700,0.0,0
2017-09-25,24.37,24.68,23.65,24.01,108400,0.0,0
2017-09-26,23.98,24.45,23.76,24.16,125200,0.0,0
2017-09-27,24.14,24.49,23.81,24.13,159800,0.0,0
2017-09-28,24.17,24.49,24.13,24.39,122500,0.0,0
2017-09-29,24.4,24.84,24.12,24.65,311900,0.0,0
2017-10-02,24.61,24.85,24.09,24.32,122600,0.0,0
2017-10-03,24.32,24.85,24.06,24.65,166900,0.0,0
2017-10-04,24.71,25.1,24.62,25.09,132100,0.0,0
2017-10-05,25.13,25.4,25.13,25.33,187200,0.0,0
2017-10-06,25.19,25.64,24.93,25.44,153000,0.0,0
2017-10-09,25.39,25.41,24.67,25.09,133900,0.0,0
2017-10-10,25.02,25.34,24.85,25.12,179500,0.0,0
2017-10-11,25.25,25.3,24.79,24.84,198100,0.0,0
2017-10-12,24.91,25.32,24.75,25.06,111200,0.0,0
2017-10-13,25.29,25.52,25.07,25.13,171000,0.0,0
2017-10-16,25.05,25.47,24.94,25.05,144000,0.0,0
2017-10-17,24.95,25.38,24.81,25.13,171100,0.0,0
2017-10-18,25.29,25.69,25.09,25.33,164900,0.0,0
2017-10-19,25.21,26.03,25.1,25.68,287300,0.0,0
2017-10-20,25.71,26.16,24.94,25.33,214900,0.0,0
2017-10-23,25.53,27.01,25.46,27.01,311700,0.0,0
2017-10-24,26.88,27.06,26.37,26.8,119900,0.0,0
2017-10-25,26.8,27.18,26.62,26.78,154600,0.0,0
2017-10-26,26.9,27.16,26.72,26.82,241300,0.0,0
2017-10-27,27.04,27.04,25.84,26.52,137900,0.0,0
2017-10-30,26.53,26.56,25.62,26.03,102300,0.0,0
2017-10-31,26.32,26.32,25.42,26.06,217900,0.0,0
2017-11-01,26.34,27.12,26.34,26.99,343500,0.0,0
2017-11-02,27.17,27.33,27.04,27.26,410600,0.0,0
2017-11-03,27.33,27.33,26.44,26.77,664100,0.0,0
2017-11-06,26.59,26.96,26.32,26.4,160900,0.0,0
2017-11-07,26.53,26.6,25.94,26.09,174600,0.0,0
2017-11-08,25.97,27.3,25.97,27.3,198800,0.0,0
2017-11-09,27.04,27.12,26.41,26.57,150100,0.0,0
2017-11-10,26.52,26.93,26.21,26.4,94600,0.0,0
2017-11-13,26.4,26.85,24.92,26.02,151800,0.0,0
2017-11-14,26.08,26.08,24.48,24.66,268400,0.0,0
2017-11-15,24.67,26.3,24.58,25.85,333500,0.0,0
2017-11-16,25.88,26.85,25.73,26.68,231600,0.0,0
2017-11-17,26.68,27.07,26.48,27.02,201200,0.0,0
2017-11-20,26.96,27.85,26.7,27.28,210200,0.0,0
2017-11-21,27.09,27.84,27.01,27.51,200200,0.0,0
2017-11-22,27.79,27.95,27.58,27.95,150900,0.0,0
2017-11-24,27.95,28.17,27.51,27.93,117800,0.0,0
2017-11-27,27.81,28.06,27.32,27.75,122100,0.0,0
2017-11-28,27.94,27.94,27.67,27.75,111700,0.0,0
2017-11-29,27.55,27.95,27.53,27.87,216800,0.0,0
2017-11-30,27.97,27.97,27.59,27.8,140900,0.0,0
2017-12-01,27.97,29.43,27.97,28.83,197100,0.0,0
2017-12-04,28.97,30.8,28.44,28.76,217800,0.0,0
2017-12-05,28.93,30.5,28.63,29.65,361200,0.0,0
2017-12-06,29.77,29.92,29.21,29.58,115600,0.0,0
2017-12-07,29.57,29.75,29.27,29.74,109700,0.0,0
2017-12-08,29.51,30.06,29.45,29.95,76800,0.0,0
2017-12-11,30.09,30.22,29.6,30.09,162600,0.0,0
2017-12-12,30.17,30.4,29.94,30.14,112800,0.0,0
2017-12-13,30.34,30.83,30.0,30.75,82700,0.0,0
2017-12-14,30.92,30.92,30.06,30.38,174000,0.0,0
2017-12-15,30.6,30.6,29.97,30.25,416300,0.0,0
2017-12-18,30.39,30.77,30.33,30.45,108900,0.0,0
2017-12-19,30.53,30.93,30.47,30.7,410600,0.0,0
2017-12-20,30.92,32.12,30.49,31.73,187300,0.0,0
2017-12-21,31.95,31.98,31.04,31.1,663400,0.0,0
2017-12-22,31.43,31.89,30.7,30.88,433400,0.0,0
2017-12-26,31.19,31.27,30.42,30.85,288200,0.0,0
2017-12-27,30.94,30.94,30.07,30.66,227300,1.13712,0
2017-12-28,30.8,30.83,29.89,30.17,245500,0.0,0
2017-12-29,30.48,30.57,29.91,30.16,127300,0.0,0
2018-01-02,30.27,30.95,30.06,30.68,166600,0.0,0
2018-01-03,30.8,31.04,30.58,30.91,355500,0.0,0
2018-01-04,31.06,31.42,30.81,31.12,240200,0.0,0
2018-01-05,31.2,31.56,30.82,31.31,101700,0.0,0
2018-01-08,31.64,32.27,31.34,32.2,239000,0.0,0
2018-01-09,32.25,32.48,31.84,32.14,250200,0.0,0
2018-01-10,32.25,32.31,31.85,32.2,220000,0.0,0
2018-01-11,32.31,32.31,32.04,32.24,240200,0.0,0
2018-01-12,32.29,32.35,31.86,31.92,312800,0.0,0
2018-01-16,32.07,32.09,31.58,31.68,162600,0.0,0
2018-01-17,31.96,32.06,31.48,31.78,113100,0.0,0
2018-01-18,31.66,32.57,31.61,32.47,168100,0.0,0
2018-01-19,32.43,32.85,31.66,31.72,281700,0.0,0
2018-01-22,31.86,32.52,31.57,32.52,119000,0.0,0
2018-01-23,32.47,32.55,32.06,32.34,103200,0.0,0
2018-01-24,32.45,32.74,32.34,32.57,157000,0.0,0
2018-01-25,32.78,32.87,31.46,31.7,248400,0.0,0
2018-01-26,31.73,32.0,31.39,31.54,151500,0.0,0
2018-01-29,31.6,31.6,30.34,30.51,243600,0.0,0
2018-01-30,30.51,30.51,29.66,30.25,304500,0.0,0
2018-01-31,30.51,31.12,30.22,30.76,113100,0.0,0
2018-02-01,30.75,31.85,30.75,31.35,161900,0.0,0
2018-02-02,30.92,31.31,29.69,30.33,170500,0.0,0
2018-02-05,30.14,30.14,28.57,28.81,211500,0.0,0
2018-02-06,28.38,30.08,27.86,29.82,81500,0.0,0
2018-02-07,29.81,30.29,28.76,28.76,104000,0.0,0
2018-02-08,28.98,29.24,27.58,27.58,131200,0.0,0
2018-02-09,27.67,28.1,26.62,27.34,270200,0.0,0
2018-02-12,27.54,29.3,27.54,28.48,221500,0.0,0
2018-02-13,28.47,28.82,27.46,27.99,212900,1.50791,0
2018-02-14,27.84,29.38,27.44,29.2,266100,0.0,0
2018-02-15,29.64,29.66,28.52,29.1,229800,0.0,0
2018-02-16,29.1,29.62,28.74,29.53,152600,0.0,0
2018-02-20,29.53,30.32,29.22,29.51,195500,0.0,0
2018-02-21,29.54,29.7,29.02,29.35,234100,0.0,0
2018-02-22,28.98,29.19,28.11,28.63,196700,0.0,0
2018-02-23,28.86,28.93,28.41,28.8,242300,0.0,0
2018-02-26,28.94,29.19,28.63,29.17,195200,0.0,0
2018-02-27,29.21,29.51,28.74,28.94,207800,0.0,0
2018-02-28,29.05,29.26,28.31,28.68,465200,0.0,0
2018-03-01,28.7,28.86,27.72,28.04,179500,0.0,0
2018-03-02,27.71,27.88,26.78,27.06,423100,0.0,0
2018-03-05,26.64,27.22,26.48,26.85,396100,0.0,0
2018-03-06,26.74,27.62,26.74,27.27,234800,0.0,0
2018-03-07,27.12,28.85,27.12,28.7,216500,0.0,0
2018-03-08,29.18,29.63,29.18,29.5,327000,0.0,0
2018-03-09,29.78,30.3,29.29,30.24,178700,0.0,0
2018-03-12,30.13,30.55,29.49,29.77,206300,0.0,0
2018-03-13,29.77,30.05,28.67,28.92,256600,0.0,0
2018-03-14,29.19,29.29,28.54,28.98,171400,0.0,0
2018-03-15,29.01,29.21,28.55,29.06,108500,0.0,0
2018-03-16,29.2,29.56,28.74,29.13,323500,0.0,0
2018-03-19,29.26,29.26,28.41,28.87,163500,0.787641,0
2018-03-20,28.96,29.23,27.91,28.3,130800,0.0,0
2018-03-21,28.3,28.59,27.82,28.11,337000,0.0,0
2018-03-22,27.75,28.67,27.66,28.21,200500,0.0,0
2018-03-23,28.33,28.33,27.85,28.07,81100,0.0,0
2018-03-26,28.14,28.7,27.56,28.3,133400,0.0,0
2018-03-27,28.21,28.73,27.25,27.41,178300,0.0,0
2018-03-28,27.56,27.7,27.0,27.4,122100,0.0,0
2018-03-29,27.63,27.97,27.43,27.62,114000,0.0,0
2018-04-02,27.55,27.69,27.16,27.24,111500,0.0,0
2018-04-03,26.06,26.78,25.47,26.68,309600,0.0,0
2018-04-04,26.24,26.84,25.99,26.63,130600,0.0,0
2018-04-05,27.06,27.06,26.71,26.9,63000,0.0,0
2018-04-06,26.88,27.61,26.88,27.29,151500,0.0,0
2018-04-09,27.63,28.21,27.04,27.25,82300,0.0,0
2018-04-10,27.63,27.68,27.07,27.31,71200,0.0,0
2018-04-11,27.42,27.71,27.09,27.45,164600,0.0,0
2018-04-12,27.5,27.63,27.17,27.37,92800,0.0,0
2018-04-13,27.46,27.46,26.72,27.06,101900,0.0,0
2018-04-16,27.14,27.45,26.85,27.02,52600,0.0,0
2018-04-17,27.01,27.25,26.71,27.03,107600,0.0,0
2018-04-18,27.18,27.41,26.69,26.92,151800,0.0,0
2018-04-19,26.94,27.08,26.54,26.9,90500,0.0,0
2018-04-20,27.03,27.47,26.57,26.86,132900,0.0,0
2018-04-23,26.93,26.95,26.47,26.66,45600,0.0,0
2018-04-24,26.76,27.15,26.46,26.66,83200,0.0,0
2018-04-25,26.71,26.98,25.66,26.7,211300,0.0,0
2018-04-26,26.77,26.93,25.74,25.96,209600,0.0,0
2018-04-27,25.95,26.6,25.95,26.35,126400,0.0,0
2018-04-30,26.48,27.02,26.41,26.48,249200,0.0,0
2018-05-01,26.59,26.93,26.1,26.4,65100,0.0,0
2018-05-02,26.18,26.18,25.43,25.51,160900,0.0,0
2018-05-03,25.31,25.53,23.77,24.14,223300,0.0,0
2018-05-04,24.01,25.98,23.97,24.69,301100,0.0,0
2018-05-07,24.78,25.17,23.63,23.91,131800,0.0,0
2018-05-08,23.86,24.06,21.57,21.77,679200,0.0,0
2018-05-09,21.75,22.15,21.4,21.6,586200,0.0,0
2018-05-10,21.6,21.94,21.38,21.44,532900,0.0,0
2018-05-11,21.83,21.94,19.3,19.57,1085200,0.0,0
2018-05-14,19.78,19.83,19.06,19.44,999900,0.0,0
2018-05-15,19.13,20.86,18.63,20.78,1054900,0.0,0
2018-05-16,20.8,20.86,19.7,19.91,674400,0.0,0
2018-05-17,19.74,20.5,19.19,20.37,894500,0.0,0
2018-05-18,20.27,20.49,19.98,20.34,336600,0.0,0
2018-05-21,20.4,20.83,20.22,20.65,317400,0.0,0
2018-05-22,20.82,20.88,20.48,20.68,520600,0.0,0
2018-05-23,20.44,21.07,19.79,20.11,772700,0.0,0
2018-05-24,20.05,20.15,19.74,19.9,368600,0.0,0
2018-05-25,19.92,19.97,19.58,19.89,322800,0.0,0
2018-05-29,19.61,19.61,19.26,19.34,356900,0.0,0
2018-05-30,19.39,19.45,18.97,19.3,617300,0.0,0
2018-05-31,19.44,19.62,19.25,19.42,489600,0.0,0
2018-06-01,19.63,19.83,19.07,19.29,310400,0.0,0
2018-06-04,19.26,19.97,19.22,19.49,352700,0.0,0
2018-06-05,19.38,20.45,19.37,20.12,513300,0.0,0
2018-06-06,20.31,20.41,19.6,20.07,288600,0.0,0
2018-06-07,19.9,20.28,19.79,20.24,332100,0.0,0
2018-06-08,20.47,20.93,19.96,20.25,422900,0.0,0
2018-06-11,20.34,20.62,20.06,20.29,196900,0.0,0
2018-06-12,20.27,20.36,20.04,20.1,219800,0.0,0
2018-06-13,19.95,20.12,19.51,19.56,349000,0.0,0
2018-06-14,19.45,20.12,18.85,18.91,687200,0.0,0
2018-06-15,18.91,19.65,18.91,19.28,545100,0.0,0
2018-06-18,19.1,19.3,17.43,18.29,356500,0.0,0
2018-06-19,18.19,18.8,17.72,18.7,334000,0.0,0
2018-06-20,18.55,18.85,18.05,18.33,443700,0.0,0
2018-06-21,20.33,20.53,18.78,18.85,981900,0.0,0
2018-06-22,18.86,19.22,18.52,18.78,403400,0.0,0
2018-06-25,18.78,19.04,18.26,18.48,342200,0.0,0
2018-06-26,18.42,18.83,18.22,18.23,139800,0.0,0
2018-06-27,18.19,18.29,17.26,17.54,861900,0.0,0
2018-06-28,17.71,18.79,16.98,17.26,931000,0.0,0
2018-06-29,17.19,17.29,15.43,15.64,1261000,0.0,0
2018-07-02,15.6,15.61,14.98,15.17,501300,0.0,0
2018-07-03,15.21,16.47,15.21,16.2,675900,0.0,0
2018-07-05,16.17,16.35,15.83,16.05,380700,0.0,0
2018-07-06,16.09,16.14,15.86,15.91,306700,0.0,0
2018-07-09,15.87,16.55,15.82,16.25,362500,0.0,0
2018-07-10,16.03,16.26,15.92,16.09,356500,0.0,0
2018-07-11,15.95,16.46,15.92,16.12,160200,0.0,0
2018-07-12,16.1,16.73,16.03,16.22,120900,0.0,0
2018-07-13,16.4,16.48,16.16,16.29,139000,0.0,0
2018-07-16,16.17,16.98,16.17,16.62,235800,0.0,0
2018-07-17,16.62,17.07,16.52,16.87,329900,0.0,0
2018-07-18,16.89,18.45,16.81,17.8,590100,0.0,0
2018-07-19,17.63,17.92,17.1,17.47,276700,0.0,0
2018-07-20,17.69,18.04,17.26,17.55,145900,0.0,0
2018-07-23,17.71,17.88,17.24,17.44,111100,0.0,0
2018-07-24,17.46,17.79,17.43,17.55,122200,0.0,0
2018-07-25,17.4,17.86,17.4,17.67,92900,0.0,0
2018-07-26,17.51,17.95,17.51,17.57,221700,0.0,0
2018-07-27,17.62,17.93,17.5,17.62,112500,0.0,0
2018-07-30,17.69,17.75,17.52,17.6,92000,0.0,0
2018-07-31,17.76,18.03,17.58,17.69,72500,0.0,0
2018-08-01,17.76,18.4,17.57,17.72,226100,0.0,0
2018-08-02,17.88,17.89,17.52,17.62,137700,0.0,0
2018-08-03,17.53,18.04,17.53,17.81,78400,0.0,0
2018-08-06,17.67,18.05,17.66,17.79,109100,0.0,0
2018-08-07,17.85,18.03,17.59,17.69,245600,0.0,0
2018-08-08,17.58,17.81,16.92,17.14,151500,0.0,0
2018-08-09,17.1,17.1,15.97,15.97,154800,0.0,0
2018-08-10,15.32,15.72,14.94,15.28,507800,0.0,0
2018-08-13,15.07,15.41,14.74,15.18,269400,0.0,0
2018-08-14,15.26,15.81,15.26,15.68,180100,0.0,0
2018-08-15,15.65,16.24,15.2,16.23,252600,0.0,0
2018-08-16,16.18,16.59,16.17,16.17,201300,0.0,0
2018-08-17,16.09,16.13,15.43,15.49,254400,0.0,0
2018-08-20,15.54,15.95,15.1,15.65,257800,0.0,0
2018-08-21,15.61,15.89,15.61,15.88,194700,0.0,0
2018-08-22,15.73,15.97,15.69,15.9,214400,0.0,0
2018-08-23,15.99,16.45,15.8,16.1,218600,0.0,0
2018-08-24,16.02,16.25,15.68,15.73,176800,0.0,0
2018-08-27,15.67,16.09,15.48,15.51,267600,0.0,0
2018-08-28,15.43,15.85,15.4,15.55,415300,0.0,0
2018-08-29,15.36,15.76,15.03,15.1,460600,0.0,0
2018-08-30,14.99,15.24,13.91,14.24,831000,0.0,0
2018-08-31,14.14,14.76,14.14,14.57,1149700,0.0,0
2018-09-04,14.14,14.3,13.45,14.02,513700,0.0,0
2018-09-05,14.09,14.54,13.97,14.39,647300,0.0,0
2018-09-06,14.26,15.59,14.26,15.44,540600,0.0,0
2018-09-07,15.42,15.85,15.2,15.24,385800,0.0,0
2018-09-10,15.04,15.43,14.91,14.99,233700,0.0,0
2018-09-11,14.84,14.84,14.65,14.71,361200,0.0,0
2018-09-12,14.72,15.38,14.69,15.24,331700,0.0,0
2018-09-13,15.22,15.7,15.22,15.38,389800,0.0,0
2018-09-14,15.45,15.56,15.0,15.44,190300,0.0,0
2018-09-17,15.41,15.48,15.12,15.36,298800,0.0,0
2018-09-18,15.25,15.84,15.25,15.43,338600,0.0,0
2018-09-19,15.39,16.51,15.25,16.26,322800,0.0,0
2018-09-20,16.43,17.18,16.43,16.63,662700,0.0,0
2018-09-21,16.75,17.52,16.55,17.34,1015200,0.0,0
2018-09-24,17.34,17.34,16.29,16.73,307600,0.0,0
2018-09-25,16.04,17.09,15.5,16.77,345500,0.0,0
2018-09-26,16.74,16.99,16.31,16.47,233800,0.0,0
2018-09-27,16.38,17.31,16.15,16.17,180300,0.0,0
2018-09-28,15.85,15.85,15.17,15.36,443900,0.0,0
2018-10-01,15.45,15.75,15.35,15.69,153100,0.0,0
2018-10-02,15.78,16.3,15.78,16.25,181400,0.0,0
2018-10-03,16.4,17.07,16.09,16.32,455500,0.0,0
2018-10-04,16.05,16.16,15.79,16.07,243600,0.0,0
2018-10-05,16.11,16.39,15.95,16.17,105000,0.0,0
2018-10-08,16.42,16.64,16.32,16.49,105500,0.0,0
2018-10-09,16.4,16.82,16.38,16.44,167000,0.0,0
2018-10-10,16.27,16.56,15.8,15.85,116400,0.0,0
2018-10-11,15.8,15.93,15.1,15.51,242600,0.0,0
2018-10-12,15.51,15.85,15.5,15.6,166900,0.0,0
2018-10-15,15.63,16.33,15.63,15.78,87700,0.0,0
2018-10-16,15.84,16.18,15.56,15.79,137300,0.0,0
2018-10-17,15.69,15.8,15.57,15.58,92800,0.0,0
2018-10-18,15.56,15.57,14.87,15.26,138100,0.0,0
2018-10-19,15.24,15.51,14.39,15.35,321200,0.0,0
2018-10-22,15.41,15.58,14.81,15.1,247000,0.0,0
2018-10-23,14.9,14.98,14.6,14.94,130000,0.0,0
2018-10-24,14.93,14.98,14.34,14.54,257100,0.0,0
2018-10-25,14.55,15.0,14.37,14.9,220600,0.0,0
2018-10-26,14.72,15.77,14.42,15.46,366400,0.0,0
2018-10-29,15.51,15.95,15.14,15.36,272000,0.0,0
2018-10-30,15.29,15.87,15.29,15.61,63400,0.0,0
2018-10-31,15.62,16.07,15.46,15.96,167900,0.0,0
2018-11-01,16.16,16.87,16.07,16.63,124700,0.0,0
2018-11-02,16.7,17.07,16.44,16.7,131500,0.0,0
2018-11-05,16.51,16.98,16.4,16.66,102700,0.0,0
2018-11-06,16.53,17.02,16.51,16.55,63700,0.0,0
2018-11-07,16.55,17.02,16.37,16.58,175700,0.0,0
2018-11-08,16.44,16.93,16.22,16.3,151500,0.0,0
2018-11-09,16.25,16.25,15.67,15.83,115800,0.0,0
2018-11-12,15.59,15.69,14.76,15.12,302900,0.0,0
2018-11-13,15.13,15.21,14.79,14.91,283300,0.0,0
2018-11-14,14.91,15.72,14.59,15.55,269300,0.0,0
2018-11-15,15.43,15.88,15.02,15.57,185500,0.0,0
2018-11-16,15.53,15.72,15.13,15.19,123800,0.0,0
2018-11-19,15.11,15.16,14.82,15.07,135500,0.0,0
2018-11-20,14.92,15.37,14.34,14.99,181000,0.0,0
2018-11-21,15.03,15.51,15.02,15.13,113700,0.0,0
2018-11-23,14.99,15.25,14.65,14.83,59300,0.0,0
2018-11-26,14.8,15.5,14.54,15.43,217100,0.0,0
2018-11-27,15.37,15.5,15.17,15.27,87200,0.0,0
2018-11-28,15.24,15.5,14.78,15.43,84800,0.0,0
2018-11-29,15.29,15.56,15.11,15.16,185100,0.0,0
2018-11-30,15.03,15.45,15.03,15.14,81600,0.0,0
2018-12-03,15.24,15.45,14.57,14.98,245000,0.0,0
2018-12-04,14.93,15.12,14.56,14.67,105800,0.0,0
2018-12-06,14.39,15.33,14.39,14.94,332400,0.0,0
2018-12-07,14.92,15.17,14.36,14.48,72500,0.0,0
2018-12-10,14.3,14.62,14.13,14.29,136800,0.0,0
2018-12-11,14.38,15.02,14.18,14.88,136500,0.0,0
2018-12-12,15.17,15.33,14.37,14.68,136400,0.0,0
2018-12-13,14.56,14.62,14.25,14.44,78300,0.0,0
2018-12-14,14.23,14.57,14.11,14.16,174900,0.0,0
2018-12-17,14.1,14.2,13.51,13.84,341300,0.0,0
2018-12-18,13.74,14.24,13.7,13.95,134600,0.0,0
2018-12-19,13.91,14.19,12.96,13.14,181000,0.0,0
2018-12-20,13.24,13.39,12.83,13.05,390100,0.0,0
2018-12-21,13.25,13.25,12.65,12.68,486200,0.0,0
2018-12-24,12.51,13.15,12.34,12.52,503000,0.0,0
2018-12-26,12.46,12.9,11.73,12.75,268900,0.0,0
2018-12-27,12.46,13.09,12.11,13.05,184700,0.0,0
2018-12-28,13.01,13.62,12.79,13.2,193900,0.0,0
2018-12-31,13.2,14.14,13.13,13.72,146100,0.0,0
2019-01-02,13.72,13.87,13.41,13.5,160800,0.0,0
2019-01-03,13.49,13.49,12.89,13.04,168700,0.0,0
2019-01-04,13.05,13.66,13.04,13.39,153100,0.0,0
2019-01-07,13.46,13.65,12.82,13.18,343200,0.0,0
2019-01-08,13.19,13.66,12.77,13.42,210900,0.0,0
2019-01-09,13.54,14.12,13.5,13.74,237200,0.0,0
2019-01-10,13.68,14.29,13.66,14.21,265600,0.0,0
2019-01-11,14.01,14.65,14.01,14.09,106600,0.0,0
2019-01-14,13.99,14.52,13.99,14.28,87100,0.0,0
2019-01-15,14.25,14.41,14.0,14.36,87000,0.0,0
2019-01-16,14.3,15.07,14.3,14.46,135600,0.0,0
2019-01-17,14.35,14.84,14.21,14.54,130600,0.0,0
2019-01-18,14.59,14.59,14.41,14.46,158700,0.0,0
2019-01-22,14.36,14.54,14.11,14.37,106500,0.0,0
2019-01-23,14.5,14.52,14.04,14.27,235800,0.0,0
2019-01-24,14.28,14.61,14.24,14.32,111900,0.0,0
2019-01-25,14.4,14.54,14.16,14.4,98600,0.0,0
2019-01-28,14.19,14.54,14.06,14.49,149300,0.0,0
2019-01-29,14.53,14.59,14.29,14.54,186100,0.0,0
2019-01-30,14.61,14.76,14.08,14.35,273700,0.0,0
2019-01-31,14.39,14.67,14.34,14.54,168700,0.0,0
2019-02-01,14.56,14.84,14.56,14.63,120100,0.0,0
2019-02-04,14.55,14.88,14.54,14.6,82800,0.0,0
2019-02-05,14.55,14.75,14.55,14.65,113500,0.0,0
2019-02-06,14.52,14.65,13.75,14.05,137200,0.0,0
2019-02-07,13.98,14.26,13.86,13.98,420600,0.0,0
2019-02-08,13.98,14.39,13.85,14.31,767100,0.0,0
2019-02-11,14.4,14.46,14.02,14.29,217500,0.0,0
2019-02-12,14.48,14.53,14.27,14.31,154300,0.0,0
2019-02-13,14.23,14.42,13.89,14.17,230700,0.0,0
2019-02-14,14.02,14.37,14.02,14.26,171300,0.0,0
2019-02-15,14.32,14.32,13.99,14.06,274100,0.0,0
2019-02-19,14.08,14.17,13.27,13.38,422800,0.0,0
2019-02-20,13.26,13.73,13.08,13.5,1003200,0.0,0
2019-02-21,13.42,13.67,13.31,13.54,100300,0.0,0
2019-02-22,13.56,13.91,13.56,13.59,139200,0.0,0
2019-02-25,13.59,13.79,13.19,13.4,421300,0.0,0
2019-02-26,13.34,13.59,13.34,13.57,109000,0.0,0
2019-02-27,13.41,13.68,13.05,13.2,173300,0.0,0
2019-02-28,13.21,13.38,13.05,13.13,388100,0.0,0
2019-03-01,13.13,13.87,12.86,13.13,190400,0.0,0
2019-03-04,13.23,13.6,12.98,13.25,125400,0.0,0
2019-03-05,13.27,13.74,12.97,13.53,252400,0.0,0
2019-03-06,13.58,13.7,12.84,13.18,370400,0.0,0
2019-03-07,13.12,13.22,12.88,13.03,227700,0.0,0
2019-03-08,13.06,13.43,12.87,13.05,219600,0.0,0
2019-03-11,13.13,13.94,13.09,13.34,401700,0.0,0
2019-03-12,13.42,13.55,13.25,13.45,268200,0.0,0
2019-03-13,13.42,13.89,13.13,13.52,436400,0.0,0
2019-03-14,13.46,13.61,13.22,13.4,121300,0.0,0
2019-03-15,13.36,13.94,13.24,13.37,451100,0.0,0
2019-03-18,13.38,13.83,13.33,13.81,264300,0.0,0
2019-03-19,13.73,13.95,13.52,13.69,160900,0.0,0
2019-03-20,13.58,13.82,13.44,13.66,184100,0.0,0
2019-03-21,13.67,13.79,13.46,13.56,120900,0.0,0
2019-03-22,13.3,13.48,13.05,13.21,154000,0.0,0
2019-03-25,13.24,13.63,13.02,13.45,250900,0.0,0
2019-03-26,13.53,13.65,12.97,13.2,472600,0.0,0
2019-03-27,13.04,13.26,11.9,12.7,828300,0.0,0
2019-03-28,12.54,12.8,12.38,12.8,187000,0.0,0
2019-03-29,12.91,13.05,12.6,12.87,226100,0.0,0
2019-04-01,13.0,13.09,12.75,12.9,189300,0.0,0
2019-04-02,12.86,12.94,12.55,12.69,133400,0.0,0
2019-04-03,12.7,12.8,12.53,12.68,94600,0.0,0
2019-04-04,12.62,12.72,12.23,12.5,829400,0.0,0
2019-04-05,12.51,12.76,12.32,12.46,305200,0.0,0
2019-04-08,12.38,12.83,12.16,12.68,140100,0.0,0
2019-04-09,12.5,12.75,12.27,12.63,157200,0.0,0
2019-04-10,12.58,12.8,12.47,12.68,224700,0.0,0
2019-04-11,12.63,12.76,12.34,12.41,99700,0.0,0
2019-04-12,12.35,12.69,12.31,12.64,158500,0.0,0
2019-04-15,12.7,12.95,12.35,12.73,238900,0.0,0
2019-04-16,12.69,13.13,12.65,12.98,211000,0.0,0
2019-04-17,12.94,13.53,12.86,13.18,235800,0.0,0
2019-04-18,13.06,13.2,12.59,12.75,113300,0.0,0
2019-04-22,12.65,12.78,12.28,12.6,174500,0.0,0
2019-04-23,12.66,12.75,12.39,12.63,217200,0.0,0
2019-04-24,12.6,12.67,12.21,12.37,290300,0.0,0
2019-04-25,12.25,12.25,10.88,11.81,735000,0.0,0
2019-04-26,11.81,12.05,11.67,11.72,201500,0.0,0
2019-04-29,11.88,11.88,11.52,11.57,221200,0.0,0
2019-04-30,11.65,11.73,11.3,11.59,300600,0.0,0
2019-05-01,11.58,11.86,11.58,11.64,100900,0.0,0
2019-05-02,11.65,11.86,11.63,11.84,394700,0.0,0
2019-05-03,11.89,12.59,11.89,12.59,388300,0.345,0
2019-05-06,12.35,13.05,12.31,12.93,189300,0.0,0
2019-05-07,12.67,13.49,12.67,13.33,302400,0.0,0
2019-05-08,13.39,14.27,13.37,14.09,741800,0.0,0
2019-05-09,13.77,14.38,13.48,14.03,609500,0.0,0
2019-05-10,13.94,14.06,13.4,13.43,643200,0.0,0
2019-05-13,13.15,13.36,12.7,13.01,242200,0.0,0
2019-05-14,13.22,13.36,12.64,13.15,405500,0.0,0
2019-05-15,12.94,13.43,12.77,13.32,521600,0.0,0
2019-05-16,13.41,13.78,13.15,13.61,372700,0.0,0
2019-05-17,13.37,14.02,13.27,13.55,557000,0.0,0
2019-05-20,13.46,13.71,12.72,13.4,747000,0.0,0
2019-05-21,13.4,14.03,13.4,13.94,544200,0.0,0
2019-05-22,14.03,14.67,13.9,14.27,743600,0.0,0
2019-05-23,14.04,14.38,13.78,14.1,611300,0.0,0
2019-05-24,14.25,14.48,13.7,14.27,945700,0.0,0
2019-05-28,14.36,15.21,13.67,14.1,10814100,0.0,0
2019-05-29,14.09,14.11,13.2,13.4,981600,0.0,0
2019-05-30,13.31,13.53,13.01,13.21,649300,0.0,0
2019-05-31,13.1,13.89,13.05,13.42,455100,0.0,0
2019-06-03,13.42,13.96,12.32,13.48,823600,0.0,0
2019-06-04,13.55,13.64,13.19,13.55,278200,0.0,0
2019-06-05,13.42,14.06,13.34,14.04,339600,0.0,0
2019-06-06,14.11,14.18,13.73,13.98,279900,0.0,0
2019-06-07,13.99,14.15,13.79,13.88,193000,0.0,0
2019-06-10,13.83,14.4,13.83,14.21,305800,0.0,0
2019-06-11,14.25,14.67,14.22,14.51,630200,0.0,0
2019-06-12,14.6,16.28,14.6,16.11,1557200,0.0,0
2019-06-13,16.06,16.18,15.53,15.78,630400,0.0,0
2019-06-14,15.79,15.79,15.2,15.64,378600,0.0,0
2019-06-17,15.52,15.95,15.38,15.65,270100,0.0,0
2019-06-18,15.82,16.2,15.79,15.9,744700,0.0,0
2019-06-19,15.9,16.31,15.56,15.97,296800,0.0,0
2019-06-20,16.21,16.37,15.84,16.22,174300,0.0,0
2019-06-21,16.25,16.33,16.02,16.24,336300,0.0,0
2019-06-24,16.17,16.28,15.96,16.0,179600,0.0,0
2019-06-25,16.05,16.28,15.83,16.13,192300,0.0,0
2019-06-26,16.04,16.21,15.62,15.75,172500,0.0,0
2019-06-27,15.67,16.04,15.43,15.67,429500,0.0,0
2019-06-28,15.74,16.25,15.57,15.99,293600,0.0,0
2019-07-01,16.24,16.78,15.75,16.03,228300,0.0,0
2019-07-02,15.99,16.23,15.99,16.09,241600,0.0,0
2019-07-03,15.99,16.35,15.89,16.09,129300,0.0,0
2019-07-05,16.09,16.31,15.86,16.05,164400,0.0,0
2019-07-08,16.02,16.19,15.84,15.9,209600,0.0,0
2019-07-09,15.98,16.16,15.98,16.04,123200,0.0,0
2019-07-10,16.19,16.36,15.99,16.09,285700,0.0,0
2019-07-11,16.15,16.48,16.15,16.28,184200,0.0,0
2019-07-12,16.38,16.44,16.09,16.31,129300,0.0,0
2019-07-15,16.22,16.64,15.81,16.06,262700,0.0,0
2019-07-16,16.02,16.14,15.96,16.1,268500,0.0,0
2019-07-17,16.17,16.28,15.89,16.04,247600,0.0,0
2019-07-18,16.06,16.25,15.68,15.9,131500,0.0,0
2019-07-19,15.81,15.91,15.68,15.88,249400,0.0,0
2019-07-22,15.88,16.1,15.46,15.5,216700,0.0,0
2019-07-23,15.43,15.7,15.06,15.61,189300,0.0,0
2019-07-24,15.58,15.95,15.36,15.59,123900,0.0,0
2019-07-25,15.54,15.65,15.07,15.43,136900,0.0,0
2019-07-26,15.6,16.09,15.39,15.9,199400,0.0,0
2019-07-29,15.92,16.21,15.76,15.8,191900,0.0,0
2019-07-30,15.67,15.83,15.48,15.69,77000,0.0,0
2019-07-31,15.63,15.88,15.15,15.29,303500,0.0,0
2019-08-01,15.39,15.49,14.83,15.03,118100,0.0,0
2019-08-02,14.93,15.21,14.76,15.09,108300,0.0,0
2019-08-05,14.87,14.87,14.25,14.45,272600,0.0,0
2019-08-06,14.63,14.63,14.0,14.04,229000,0.0,0
2019-08-07,13.84,13.95,13.66,13.66,186200,0.0,0
2019-08-08,12.89,13.52,12.39,13.15,527100,0.0,0
2019-08-09,13.17,14.28,12.87,14.2,426900,0.0,0
2019-08-12,10.9,10.9,9.14,9.47,1304300,0.0,0
2019-08-13,9.77,10.73,9.65,9.92,1136300,0.0,0
2019-08-14,9.87,9.87,9.19,9.25,659300,0.0,0
2019-08-15,9.4,10.53,9.4,9.97,575000,0.0,0
2019-08-16,10.36,10.93,9.72,10.45,528800,0.362,0
2019-08-19,10.44,10.62,9.43,9.63,322600,0.0,0
2019-08-20,9.59,10.32,9.59,10.07,222000,0.0,0
2019-08-21,10.05,10.38,9.96,10.25,350500,0.0,0
2019-08-22,10.29,10.29,9.95,9.99,119500,0.0,0
2019-08-23,9.86,10.02,9.59,9.59,155300,0.0,0
2019-08-26,9.69,10.01,9.54,9.63,152700,0.0,0
2019-08-27,9.64,9.64,8.72,8.87,637600,0.0,0
2019-08-28,8.84,9.19,8.7,8.78,290900,0.0,0
2019-08-29,8.81,8.95,8.07,8.5,637900,0.0,0
2019-08-30,8.49,9.06,8.33,8.36,561200,0.0,0
2019-09-03,8.4,8.64,8.09,8.42,998400,0.0,0
2019-09-04,8.48,9.6,8.45,9.11,778200,0.0,0
2019-09-05,9.2,9.54,9.0,9.06,324700,0.0,0
2019-09-06,9.1,9.39,9.07,9.12,210900,0.0,0
2019-09-09,9.01,9.3,8.97,9.02,185000,0.0,0
2019-09-10,8.98,9.17,8.95,9.15,488100,0.0,0
2019-09-11,9.16,9.4,8.89,9.15,477900,0.0,0
2019-09-12,9.15,9.34,9.1,9.16,269900,0.0,0
2019-09-13,9.21,9.22,8.79,8.91,283700,0.0,0
2019-09-16,8.74,9.18,8.73,9.15,423300,0.0,0
2019-09-17,9.1,9.35,8.91,9.01,227800,0.0,0
2019-09-18,8.99,9.2,8.99,9.15,102200,0.0,0
2019-09-19,9.1,9.52,9.04,9.52,196400,0.0,0
2019-09-20,9.42,9.48,9.21,9.31,649700,0.0,0
2019-09-23,9.27,9.28,8.92,9.09,191000,0.0,0
2019-09-24,9.04,9.06,8.74,8.75,222100,0.0,0
2019-09-25,8.63,9.03,8.51,9.02,132000,0.0,0
2019-09-26,8.99,9.03,8.67,8.83,161500,0.0,0
2019-09-27,8.77,9.23,8.72,9.06,164500,0.0,0
2019-09-30,8.98,9.41,8.81,9.35,218900,0.0,0
2019-10-01,9.38,9.63,9.28,9.35,152400,0.0,0
2019-10-02,9.28,9.7,9.2,9.57,196700,0.0,0
2019-10-03,9.56,9.68,9.36,9.61,117800,0.0,0
2019-10-04,9.64,9.92,9.64,9.79,134600,0.0,0
2019-10-07,9.78,9.98,9.75,9.8,111300,0.0,0
2019-10-08,9.77,9.8,9.5,9.6,143700,0.0,0
2019-10-09,9.64,9.64,9.31,9.45,119400,0.0,0
2019-10-10,9.35,9.9,9.35,9.86,124500,0.0,0
2019-10-11,9.96,10.2,9.95,10.14,289400,0.0,0
2019-10-14,10.02,10.19,9.78,9.82,121600,0.0,0
2019-10-15,9.91,10.13,9.86,10.09,108900,0.0,0
2019-10-16,10.03,10.17,9.71,10.08,159300,0.0,0
2019-10-17,10.11,10.23,9.84,10.08,214600,0.0,0
2019-10-18,9.95,10.42,9.92,10.0,221600,0.696,0
2019-10-21,10.15,10.25,9.85,10.18,122000,0.0,0
2019-10-22,10.12,10.17,9.91,10.15,122600,0.0,0
2019-10-23,10.17,10.37,9.83,10.05,142400,0.0,0
2019-10-24,10.08,10.08,9.68,9.92,167300,0.0,0
2019-10-25,10.0,10.26,9.83,9.93,161500,0.0,0
2019-10-28,9.85,9.98,9.13,9.15,611300,0.0,0
2019-10-29,9.11,9.38,9.05,9.32,141900,0.0,0
2019-10-30,9.3,9.46,8.95,9.2,201200,0.0,0
2019-10-31,9.15,9.18,8.9,9.0,192000,0.0,0
2019-11-01,8.83,9.01,8.71,8.94,422000,0.0,0
2019-11-04,9.0,9.46,8.99,9.45,234100,0.0,0
2019-11-05,9.49,9.68,9.2,9.64,237900,0.0,0
2019-11-06,9.64,9.64,8.96,8.98,612800,0.0,0
2019-11-07,9.11,9.45,9.03,9.27,220700,0.0,0
2019-11-08,9.16,9.18,8.75,9.04,326300,0.0,0
2019-11-11,8.96,9.12,8.85,9.1,91200,0.0,0
2019-11-12,9.05,9.08,8.75,9.05,380900,0.0,0
2019-11-13,8.92,8.95,8.64,8.77,126600,0.0,0
2019-11-14,8.76,9.06,8.53,8.64,166200,0.0,0
2019-11-15,8.64,8.82,8.55,8.74,121400,0.0,0
2019-11-18,8.8,9.03,8.74,8.86,118500,0.0,0
2019-11-19,8.88,8.97,8.73,8.97,77900,0.0,0
2019-11-20,8.89,9.48,8.89,9.32,289900,0.0,0
2019-11-21,9.3,9.48,9.21,9.32,128400,0.0,0
2019-11-22,9.31,9.47,9.25,9.32,112600,0.0,0
2019-11-25,9.33,9.8,9.33,9.67,224900,0.0,0
2019-11-26,9.56,10.0,9.21,9.92,932300,0.0,0
2019-11-27,9.76,10.11,9.74,9.89,239900,0.0,0
2019-11-29,9.93,10.39,9.89,10.38,131200,0.0,0
2019-12-02,10.39,10.39,9.9,9.96,120100,0.0,0
2019-12-03,9.89,10.16,9.74,10.09,350000,0.0,0
2019-12-04,10.09,10.5,10.02,10.42,431900,0.0,0
2019-12-05,10.41,10.41,10.27,10.4,296500,0.0,0
2019-12-06,10.4,10.4,10.13,10.33,238200,0.0,0
2019-12-09,10.4,10.47,10.12,10.34,251300,0.0,0
2019-12-10,10.26,10.34,10.09,10.18,98200,0.0,0
2019-12-11,10.19,10.39,10.12,10.33,180600,0.0,0
2019-12-12,10.29,10.5,9.81,9.86,182000,0.0,0
2019-12-13,9.79,10.22,9.79,10.17,246300,0.0,0
2019-12-16,10.17,10.17,9.8,10.01,173400,0.0,0
2019-12-17,10.03,10.31,9.96,10.31,197000,0.0,0
2019-12-18,10.17,10.62,10.17,10.51,468100,0.0,0
2019-12-19,10.31,11.41,10.31,10.87,592800,0.0,0
2019-12-20,10.83,11.17,10.69,10.89,648200,0.0,0
2019-12-23,11.18,11.51,10.98,11.29,267200,0.0,0
2019-12-24,11.21,11.79,11.21,11.48,87700,0.0,0
2019-12-26,11.47,11.88,11.47,11.71,254200,0.0,0
2019-12-27,11.68,11.9,11.57,11.63,240300,0.0,0
2019-12-30,11.64,11.75,11.31,11.4,221700,0.0,0
2019-12-31,11.34,11.52,11.3,11.35,260000,0.0,0
