Date,Open,High,Low,Close,Adj Close,Volume,Dividends,Stock Splits
2010-01-04,11.91,12.04,11.71,11.81,8.27,130500,0.0,0
2010-01-05,11.76,11.8,11.49,11.52,8.07,138000,0.0,0
2010-01-06,11.48,11.56,11.3,11.36,7.96,101200,0.0,0
2010-01-07,11.36,11.49,11.36,11.41,7.99,93400,0.0,0
2010-01-08,11.35,11.7,11.35,11.63,8.14,147300,0.0,0
2010-01-11,11.7,11.97,11.52,11.68,8.18,128300,0.0,0
2010-01-12,11.62,11.73,11.53,11.56,8.1,89800,0.0,0
2010-01-13,11.64,11.89,11.54,11.73,8.21,222000,0.0,0
2010-01-14,11.66,11.88,11.53,11.73,8.21,96700,0.0,0
2010-01-15,11.79,11.85,11.55,11.74,8.22,120900,0.0,0
2010-01-19,11.73,11.88,11.71,11.75,8.23,181700,0.0,0
2010-01-20,11.62,11.87,11.62,11.83,8.29,165400,0.0,0
2010-01-21,11.88,12.2,11.78,12.02,8.42,219700,0.0,0
2010-01-22,12.05,12.23,11.82,12.01,8.41,103300,0.0,0
2010-01-25,12.13,12.2,11.81,11.89,8.33,98700,0.0,0
2010-01-26,11.88,11.92,11.51,11.75,8.23,168300,0.0,0
2010-01-27,11.67,12.88,11.52,12.61,8.83,254300,0.0,0
2010-01-28,12.57,12.59,12.1,12.14,8.6,268000,0.14,0
2010-01-29,12.21,12.56,12.09,12.09,8.56,254200,0.0,0
2010-02-01,12.18,12.26,11.77,11.82,8.37,205000,0.0,0
2010-02-02,11.79,11.97,11.55,11.77,8.34,192200,0.0,0
2010-02-03,11.71,11.86,11.47,11.64,8.24,132000,0.0,0
2010-02-04,11.59,11.76,11.5,11.6,8.22,142100,0.0,0
2010-02-05,11.64,11.92,11.47,11.62,8.23,162700,0.0,0
2010-02-08,11.65,11.65,11.21,11.26,7.97,123500,0.0,0
2010-02-09,11.37,11.57,11.25,11.44,8.1,131300,0.0,0
2010-02-10,11.36,11.44,11.25,11.35,8.04,73300,0.0,0
2010-02-11,11.3,11.68,11.25,11.67,8.26,182700,0.0,0
2010-02-12,11.56,11.88,11.3,11.83,8.38,113800,0.0,0
2010-02-16,11.95,12.08,11.82,11.9,8.43,87600,0.0,0
2010-02-17,11.89,11.94,11.82,11.87,8.41,131900,0.0,0
2010-02-18,11.89,11.94,11.82,11.9,8.43,123000,0.0,0
2010-02-19,11.9,12.04,11.83,11.9,8.43,89500,0.0,0
2010-02-22,11.93,12.05,11.86,11.94,8.46,80700,0.0,0
2010-02-23,11.89,11.96,11.79,11.96,8.47,115700,0.0,0
2010-02-24,12.07,12.27,11.96,12.17,8.62,75400,0.0,0
2010-02-25,11.99,12.24,11.93,12.2,8.64,70300,0.0,0
2010-02-26,12.19,12.22,12.0,12.14,8.6,55600,0.0,0
2010-03-01,12.18,12.38,11.96,12.35,8.75,102100,0.0,0
2010-03-02,12.35,12.81,12.34,12.7,8.99,125900,0.0,0
2010-03-03,12.76,12.9,12.48,12.65,8.96,114900,0.0,0
2010-03-04,12.71,12.89,12.71,12.85,9.1,58800,0.0,0
2010-03-05,12.87,13.42,12.85,13.4,9.49,136600,0.0,0
2010-03-08,13.17,13.28,12.86,12.99,9.2,116600,0.0,0
2010-03-09,12.99,13.33,12.84,13.25,9.38,77900,0.0,0
2010-03-10,13.22,13.57,13.22,13.31,9.43,82500,0.0,0
2010-03-11,13.3,13.5,13.3,13.4,9.49,57700,0.0,0
2010-03-12,13.42,13.49,13.21,13.4,9.49,52000,0.0,0
2010-03-15,13.41,13.45,13.37,13.39,9.48,88100,0.0,0
2010-03-16,13.4,13.43,13.24,13.36,9.46,75400,0.0,0
2010-03-17,13.35,14.06,13.35,13.74,9.73,322800,0.0,0
2010-03-18,13.62,13.88,13.6,13.66,9.67,99000,0.0,0
2010-03-19,13.7,13.77,13.15,13.41,9.5,171900,0.0,0
2010-03-22,13.35,13.43,13.22,13.32,9.43,116600,0.0,0
2010-03-23,13.27,13.29,12.96,13.13,9.3,129300,0.0,0
2010-03-24,13.09,13.1,12.9,12.98,9.19,90200,0.0,0
2010-03-25,13.03,13.19,12.95,12.99,9.2,101600,0.0,0
2010-03-26,13.0,13.15,12.75,12.77,9.04,84300,0.0,0
2010-03-29,12.78,12.94,12.76,12.84,9.09,58000,0.0,0
2010-03-30,12.85,12.93,12.71,12.75,9.03,82000,0.0,0
2010-03-31,12.74,12.95,12.63,12.63,8.94,141300,0.0,0
2010-04-01,12.69,12.71,12.29,12.53,8.87,73700,0.0,0
2010-04-05,12.56,13.03,12.31,13.03,9.23,103700,0.0,0
2010-04-06,12.99,13.16,12.98,13.12,9.29,59900,0.0,0
2010-04-07,13.06,13.25,13.03,13.22,9.36,106100,0.0,0
2010-04-08,13.21,13.27,13.02,13.21,9.36,70500,0.0,0
2010-04-09,13.19,13.2,13.01,13.08,9.26,42600,0.0,0
2010-04-12,13.05,13.18,13.01,13.08,9.26,60400,0.0,0
2010-04-13,13.14,13.19,12.86,13.09,9.27,65800,0.0,0
2010-04-14,13.13,13.32,13.08,13.31,9.43,53800,0.0,0
2010-04-15,13.33,13.46,13.19,13.45,9.53,65500,0.0,0
2010-04-16,13.43,13.48,13.08,13.23,9.37,87400,0.0,0
2010-04-19,13.01,13.37,13.01,13.24,9.38,76200,0.0,0
2010-04-20,13.24,13.4,13.18,13.26,9.39,84700,0.0,0
2010-04-21,13.24,13.75,13.24,13.71,9.71,141000,0.0,0
2010-04-22,13.52,13.81,13.48,13.75,9.74,57600,0.0,0
2010-04-23,13.8,13.8,13.6,13.79,9.77,53000,0.0,0
2010-04-26,13.84,13.89,13.6,13.61,9.64,72800,0.0,0
2010-04-27,13.59,13.71,13.25,13.41,9.5,63400,0.0,0
2010-04-28,13.47,13.47,13.03,13.06,9.25,72600,0.0,0
2010-04-29,13.1,13.37,13.03,13.33,9.54,112900,0.14,0
2010-04-30,13.29,13.32,12.75,12.75,9.13,150300,0.0,0
2010-05-03,12.86,13.25,12.86,13.18,9.44,112200,0.0,0
2010-05-04,12.98,13.09,12.78,13.09,9.37,146200,0.0,0
2010-05-05,13.05,13.66,13.05,13.26,9.49,162400,0.0,0
2010-05-06,13.21,13.28,11.18,12.3,8.81,254700,0.0,0
2010-05-07,12.4,12.81,11.83,12.05,8.63,166100,0.0,0
2010-05-10,12.66,12.83,12.45,12.7,9.09,127500,0.0,0
2010-05-11,12.51,13.03,12.51,12.84,9.19,169200,0.0,0
2010-05-12,12.91,13.64,12.83,13.63,9.76,177500,0.0,0
2010-05-13,13.63,13.97,13.54,13.9,9.95,153400,0.0,0
2010-05-14,13.81,13.93,13.68,13.81,9.89,155400,0.0,0
2010-05-17,13.9,14.05,13.78,14.05,10.06,262000,0.0,0
2010-05-18,14.07,14.12,13.63,13.76,9.85,149300,0.0,0
2010-05-19,13.73,13.91,13.22,13.32,9.54,164200,0.0,0
2010-05-20,12.99,13.09,12.26,12.26,8.78,159800,0.0,0
2010-05-21,12.1,12.63,12.09,12.51,8.96,194700,0.0,0
2010-05-24,12.46,12.46,12.17,12.21,8.74,77300,0.0,0
2010-05-25,11.97,12.23,11.8,12.2,8.73,110700,0.0,0
2010-05-26,12.3,12.58,12.3,12.41,8.88,232100,0.0,0
2010-05-27,12.69,12.89,12.46,12.86,9.21,76000,0.0,0
2010-05-28,12.83,12.89,12.43,12.76,9.13,104800,0.0,0
2010-06-01,12.67,12.78,12.24,12.26,8.78,136000,0.0,0
2010-06-02,12.29,12.67,12.02,12.67,9.07,186800,0.0,0
2010-06-03,12.61,12.8,12.49,12.62,9.03,111000,0.0,0
2010-06-04,12.28,12.45,11.91,11.94,8.55,107600,0.0,0
2010-06-07,11.96,12.3,11.85,11.88,8.5,88800,0.0,0
2010-06-08,11.97,11.97,11.52,11.92,8.53,69700,0.0,0
2010-06-09,12.02,12.04,11.82,11.92,8.53,110600,0.0,0
2010-06-10,12.14,12.43,12.07,12.19,8.73,144000,0.0,0
2010-06-11,12.01,12.31,11.93,12.28,8.79,130300,0.0,0
2010-06-14,12.43,12.49,12.23,12.37,8.86,68100,0.0,0
2010-06-15,12.43,12.73,12.43,12.69,9.08,179400,0.0,0
2010-06-16,12.61,12.77,12.51,12.62,9.03,90500,0.0,0
2010-06-17,12.72,12.73,12.48,12.53,8.97,119600,0.0,0
2010-06-18,12.62,12.62,12.41,12.57,9.0,144600,0.0,0
2010-06-21,12.76,12.76,12.34,12.41,8.88,93900,0.0,0
2010-06-22,12.49,12.6,12.17,12.19,8.73,69700,0.0,0
2010-06-23,12.14,12.22,11.92,12.07,8.64,78700,0.0,0
2010-06-24,12.01,12.18,11.89,11.91,8.53,46700,0.0,0
2010-06-25,11.98,12.22,11.86,12.09,8.65,286700,0.0,0
2010-06-28,12.06,12.09,11.84,11.93,8.54,73200,0.0,0
2010-06-29,11.69,12.37,11.53,12.0,8.59,233400,0.0,0
2010-06-30,12.02,12.46,12.02,12.33,8.83,256300,0.0,0
2010-07-01,12.29,12.45,12.09,12.41,8.88,199600,0.0,0
2010-07-02,12.54,12.58,12.25,12.28,8.79,156000,0.0,0
2010-07-06,12.49,12.59,12.25,12.35,8.84,120700,0.0,0
2010-07-07,12.43,12.75,12.34,12.74,9.12,116800,0.0,0
2010-07-08,12.9,13.25,12.81,13.16,9.42,200700,0.0,0
2010-07-09,13.16,13.46,13.15,13.41,9.6,152700,0.0,0
2010-07-12,13.41,13.41,13.02,13.06,9.35,99200,0.0,0
2010-07-13,13.25,13.45,13.07,13.4,9.59,120200,0.0,0
2010-07-14,13.32,13.32,13.13,13.24,9.48,117800,0.0,0
2010-07-15,13.32,13.32,12.88,13.01,9.31,50900,0.0,0
2010-07-16,12.88,12.88,12.38,12.4,8.88,108800,0.0,0
2010-07-19,12.4,12.72,12.25,12.69,9.08,77600,0.0,0
2010-07-20,12.48,13.18,12.46,13.13,9.4,120200,0.0,0
2010-07-21,13.16,13.16,12.58,12.59,9.01,145500,0.0,0
2010-07-22,12.8,12.91,12.71,12.86,9.21,87400,0.0,0
2010-07-23,12.76,13.74,12.76,13.61,9.74,126900,0.0,0
2010-07-26,13.7,14.32,13.57,14.29,10.23,186600,0.0,0
2010-07-27,13.9,14.19,13.18,13.33,9.54,414200,0.0,0
2010-07-28,13.24,13.31,13.05,13.12,9.39,121100,0.0,0
2010-07-29,13.18,13.43,13.01,13.31,9.63,90400,0.14,0
2010-07-30,13.09,13.45,13.09,13.1,9.48,56100,0.0,0
2010-08-02,13.35,13.35,12.9,13.08,9.46,104400,0.0,0
2010-08-03,13.0,13.22,12.99,13.0,9.41,95100,0.0,0
2010-08-04,13.03,13.13,13.0,13.1,9.48,63700,0.0,0
2010-08-05,13.04,13.14,13.0,13.01,9.41,54400,0.0,0
2010-08-06,12.9,13.06,12.77,12.87,9.31,114100,0.0,0
2010-08-09,13.0,13.06,12.82,12.87,9.31,63200,0.0,0
2010-08-10,12.75,12.78,12.5,12.52,9.06,90100,0.0,0
2010-08-11,12.38,12.47,11.9,11.93,8.63,170000,0.0,0
2010-08-12,11.86,12.09,11.86,11.98,8.67,105300,0.0,0
2010-08-13,11.9,12.07,11.79,11.88,8.6,105700,0.0,0
2010-08-16,11.79,12.1,11.78,12.09,8.75,83100,0.0,0
2010-08-17,12.25,12.35,12.15,12.24,8.86,79400,0.0,0
2010-08-18,12.24,12.46,12.14,12.29,8.89,109900,0.0,0
2010-08-19,12.22,12.35,12.2,12.3,8.9,165400,0.0,0
2010-08-20,12.29,12.6,12.18,12.56,9.09,154300,0.0,0
2010-08-23,12.6,12.6,12.28,12.36,8.94,132900,0.0,0
2010-08-24,12.21,12.5,12.12,12.35,8.94,159800,0.0,0
2010-08-25,12.27,12.44,12.18,12.43,8.99,98300,0.0,0
2010-08-26,12.47,12.8,12.38,12.63,9.14,118200,0.0,0
2010-08-27,12.78,12.78,12.53,12.74,9.22,76200,0.0,0
2010-08-30,12.67,12.67,12.21,12.26,8.87,137400,0.0,0
2010-08-31,12.23,12.56,12.2,12.49,9.04,210600,0.0,0
2010-09-01,12.66,13.1,12.54,12.98,9.39,243500,0.0,0
2010-09-02,12.95,13.08,12.55,12.71,9.2,82400,0.0,0
2010-09-03,12.9,13.02,12.67,12.77,9.24,85600,0.0,0
2010-09-07,12.68,12.71,12.34,12.36,8.94,86900,0.0,0
2010-09-08,12.36,12.52,12.35,12.42,8.99,128300,0.0,0
2010-09-09,12.56,12.58,12.37,12.56,9.09,87200,0.0,0
2010-09-10,12.57,12.8,12.49,12.52,9.06,102000,0.0,0
2010-09-13,12.66,12.83,12.5,12.63,9.14,154600,0.0,0
2010-09-14,12.62,12.71,12.41,12.44,9.0,72700,0.0,0
2010-09-15,12.35,12.55,12.33,12.5,9.04,71300,0.0,0
2010-09-16,12.44,12.52,12.28,12.4,8.97,102200,0.0,0
2010-09-17,12.56,12.66,12.29,12.4,8.97,291200,0.0,0
2010-09-20,12.41,13.0,12.35,13.0,9.41,90000,0.0,0
2010-09-21,12.97,13.22,12.87,12.94,9.36,84000,0.0,0
2010-09-22,12.86,13.02,12.38,12.82,9.28,84700,0.0,0
2010-09-23,12.73,13.07,12.7,12.71,9.2,89800,0.0,0
2010-09-24,12.9,13.19,12.74,13.18,9.54,73400,0.0,0
2010-09-27,13.22,13.26,12.96,13.21,9.56,146900,0.0,0
2010-09-28,13.28,13.92,13.16,13.9,10.06,263100,0.0,0
2010-09-29,13.82,14.1,13.63,13.81,9.99,197100,0.0,0
2010-09-30,13.95,14.02,13.7,13.86,10.03,104700,0.0,0
2010-10-01,14.04,14.21,13.78,14.05,10.17,97400,0.0,0
2010-10-04,14.04,14.23,13.78,13.8,9.99,102900,0.0,0
2010-10-05,13.9,14.2,13.71,13.99,10.12,129500,0.0,0
2010-10-06,13.99,13.99,13.83,13.93,10.08,236500,0.0,0
2010-10-07,14.02,14.14,13.92,13.99,10.12,139000,0.0,0
2010-10-08,13.95,14.28,13.94,14.06,10.17,103900,0.0,0
2010-10-11,14.05,14.44,13.97,14.4,10.42,157300,0.0,0
2010-10-12,14.33,14.71,14.23,14.43,10.44,337200,0.0,0
2010-10-13,14.46,14.73,14.3,14.5,10.49,242500,0.0,0
2010-10-14,14.5,14.5,14.17,14.25,10.31,243900,0.0,0
2010-10-15,14.45,14.48,14.18,14.28,10.33,172200,0.0,0
2010-10-18,14.31,14.65,14.2,14.63,10.59,58000,0.0,0
2010-10-19,14.38,14.73,14.03,14.36,10.39,113800,0.0,0
2010-10-20,14.37,14.74,14.22,14.6,10.56,226300,0.0,0
2010-10-21,14.7,14.79,14.35,14.61,10.57,165000,0.0,0
2010-10-22,14.65,14.68,14.49,14.64,10.59,76400,0.0,0
2010-10-25,14.71,14.8,14.42,14.44,10.45,119600,0.0,0
2010-10-26,14.42,14.73,14.42,14.55,10.53,269300,0.0,0
2010-10-27,14.45,14.71,14.39,14.45,10.46,131100,0.0,0
2010-10-28,14.6,14.68,14.46,14.62,10.58,182500,0.0,0
2010-10-29,14.52,14.6,14.51,14.6,10.56,119800,0.0,0
2010-11-01,14.61,14.85,14.36,14.5,10.49,363400,0.0,0
2010-11-02,14.59,14.95,14.59,14.74,10.67,86000,0.0,0
2010-11-03,14.72,14.84,14.53,14.84,10.74,102900,0.0,0
2010-11-04,14.95,15.26,14.82,15.25,11.14,149600,0.14,0
2010-11-05,15.21,15.62,15.06,15.35,11.21,136600,0.0,0
2010-11-08,15.27,15.36,14.93,15.15,11.07,97900,0.0,0
2010-11-09,15.16,15.19,14.75,14.8,10.81,135900,0.0,0
2010-11-10,14.83,15.07,14.75,15.06,11.0,137900,0.0,0
2010-11-11,14.88,14.93,14.7,14.81,10.82,103400,0.0,0
2010-11-12,14.69,14.76,14.38,14.39,10.51,125900,0.0,0
2010-11-15,14.53,14.64,14.4,14.43,10.54,89100,0.0,0
2010-11-16,14.37,14.49,14.11,14.15,10.34,152100,0.0,0
2010-11-17,14.19,14.3,14.0,14.15,10.34,87000,0.0,0
2010-11-18,14.32,14.42,14.21,14.36,10.49,49200,0.0,0
2010-11-19,14.37,14.37,13.95,14.09,10.29,186200,0.0,0
2010-11-22,14.05,14.09,13.87,14.05,10.26,64000,0.0,0
2010-11-23,13.95,14.1,13.91,13.98,10.21,62700,0.0,0
2010-11-24,14.13,14.35,14.12,14.18,10.36,79500,0.0,0
2010-11-26,14.09,14.12,14.0,14.04,10.26,33900,0.0,0
2010-11-29,13.94,14.02,13.7,13.94,10.18,167700,0.0,0
2010-11-30,13.77,13.87,13.58,13.65,9.97,161700,0.0,0
2010-12-01,13.82,13.82,13.33,13.7,10.01,494900,0.0,0
2010-12-02,13.67,14.03,13.56,14.0,10.23,85000,0.0,0
2010-12-03,13.92,14.19,13.79,14.11,10.31,84700,0.0,0
2010-12-06,14.04,14.23,13.96,14.15,10.34,42600,0.0,0
2010-12-07,14.33,14.53,14.19,14.34,10.48,92700,0.0,0
2010-12-08,14.35,14.79,14.29,14.64,10.69,83900,0.0,0
2010-12-09,14.78,14.78,14.55,14.62,10.68,78400,0.0,0
2010-12-10,14.64,14.88,14.56,14.86,10.86,42800,0.0,0
2010-12-13,14.9,14.96,14.78,14.87,10.86,55200,0.0,0
2010-12-14,14.97,15.05,14.81,14.9,10.88,50900,0.0,0
2010-12-15,14.9,15.04,14.82,14.88,10.87,84700,0.0,0
2010-12-16,14.9,14.9,14.69,14.73,10.76,85000,0.0,0
2010-12-17,14.77,14.83,14.58,14.75,10.77,250600,0.0,0
2010-12-20,14.81,14.88,14.73,14.81,10.82,96300,0.0,0
2010-12-21,14.92,15.09,14.78,14.95,10.92,91300,0.0,0
2010-12-22,14.95,15.08,14.86,14.96,10.93,62800,0.0,0
2010-12-23,15.0,15.09,14.95,15.03,10.98,47400,0.0,0
2010-12-27,15.01,15.39,14.95,15.35,11.21,79400,0.0,0
2010-12-28,15.41,15.41,14.89,15.03,10.98,91200,0.0,0
2010-12-29,15.11,15.21,14.93,15.12,11.04,38200,0.0,0
2010-12-30,15.14,15.15,14.9,14.9,10.88,29000,0.0,0
2010-12-31,14.89,14.98,14.59,14.59,10.66,66800,0.0,0
2011-01-03,14.77,15.26,14.77,15.17,11.08,115400,0.0,0
2011-01-04,15.24,15.24,14.63,14.79,10.8,67100,0.0,0
2011-01-05,14.75,14.88,14.6,14.82,10.83,63200,0.0,0
2011-01-06,14.82,14.89,14.64,14.83,10.83,103400,0.0,0
2011-01-07,14.9,14.91,14.39,14.45,10.56,47800,0.0,0
2011-01-10,14.35,14.7,14.25,14.6,10.67,109100,0.0,0
2011-01-11,14.67,14.8,14.47,14.71,10.75,87600,0.0,0
2011-01-12,15.26,15.26,14.73,14.86,10.86,58100,0.0,0
2011-01-13,14.86,14.92,14.71,14.92,10.9,61100,0.0,0
2011-01-14,14.92,15.15,14.92,15.12,11.04,46200,0.0,0
2011-01-18,15.08,15.08,14.8,15.01,10.96,44200,0.0,0
2011-01-19,14.97,14.97,14.6,14.61,10.67,242500,0.0,0
2011-01-20,14.51,14.75,14.5,14.58,10.65,111100,0.0,0
2011-01-21,14.73,14.82,14.52,14.57,10.64,130600,0.0,0
2011-01-24,14.61,14.8,14.6,14.75,10.77,57400,0.0,0
2011-01-25,14.65,14.91,14.65,14.79,10.8,89800,0.0,0
2011-01-26,14.8,15.05,14.75,14.87,10.86,104900,0.0,0
2011-01-27,14.91,15.14,14.89,15.1,11.03,115100,0.0,0
2011-01-28,15.02,15.32,14.96,15.17,11.08,157800,0.0,0
2011-01-31,15.35,15.35,14.96,15.08,11.02,182500,0.0,0
2011-02-01,15.28,15.67,15.17,15.55,11.36,91300,0.0,0
2011-02-02,15.48,15.89,15.48,15.8,11.54,123800,0.0,0
2011-02-03,15.75,15.81,15.65,15.7,11.57,81700,0.14,0
2011-02-04,15.65,15.79,15.51,15.54,11.45,100900,0.0,0
2011-02-07,15.53,15.79,15.53,15.66,11.54,95800,0.0,0
2011-02-08,15.64,15.65,15.4,15.56,11.47,82800,0.0,0
2011-02-09,15.52,15.7,15.42,15.59,11.49,65000,0.0,0
2011-02-10,15.51,15.62,15.28,15.51,11.43,130500,0.0,0
2011-02-11,15.43,15.6,15.43,15.53,11.45,101600,0.0,0
2011-02-14,15.55,15.61,15.46,15.47,11.4,47700,0.0,0
2011-02-15,15.42,15.49,15.25,15.25,11.24,104000,0.0,0
2011-02-16,15.29,15.39,15.19,15.28,11.26,52500,0.0,0
2011-02-17,15.28,15.49,15.28,15.37,11.33,74100,0.0,0
2011-02-18,15.45,15.64,15.3,15.57,11.48,71900,0.0,0
2011-02-22,15.49,15.5,15.18,15.25,11.24,79700,0.0,0
2011-02-23,15.28,15.3,15.04,15.13,11.15,110900,0.0,0
2011-02-24,15.14,15.37,15.06,15.17,11.18,132900,0.0,0
2011-02-25,15.2,15.57,15.14,15.55,11.46,71200,0.0,0
2011-02-28,15.59,15.62,15.3,15.52,11.44,93400,0.0,0
2011-03-01,15.61,15.78,15.24,15.45,11.39,168300,0.0,0
2011-03-02,15.45,15.46,15.21,15.27,11.25,76400,0.0,0
2011-03-03,15.45,15.71,15.45,15.62,11.51,80900,0.0,0
2011-03-04,15.62,15.62,15.3,15.51,11.43,77200,0.0,0
2011-03-07,15.58,15.75,15.13,15.14,11.16,72300,0.0,0
2011-03-08,15.15,15.36,15.08,15.31,11.28,93600,0.0,0
2011-03-09,15.33,15.48,15.27,15.4,11.35,28000,0.0,0
2011-03-10,15.2,15.2,14.52,14.66,10.8,174100,0.0,0
2011-03-11,14.64,14.68,14.39,14.58,10.75,90000,0.0,0
2011-03-14,14.46,14.56,14.27,14.54,10.72,60000,0.0,0
2011-03-15,14.14,14.54,14.12,14.47,10.66,106200,0.0,0
2011-03-16,14.48,14.54,14.27,14.33,10.56,90600,0.0,0
2011-03-17,14.47,14.75,14.28,14.33,10.56,77500,0.0,0
2011-03-18,14.4,14.51,14.28,14.4,10.61,125100,0.0,0
2011-03-21,14.45,14.54,14.35,14.4,10.61,107400,0.0,0
2011-03-22,14.39,14.56,14.2,14.21,10.47,117900,0.0,0
2011-03-23,14.15,14.18,14.06,14.14,10.42,162300,0.0,0
2011-03-24,14.19,14.19,14.02,14.12,10.41,86500,0.0,0
2011-03-25,14.17,14.67,14.17,14.52,10.7,206000,0.0,0
2011-03-28,14.58,14.6,14.17,14.31,10.55,118500,0.0,0
2011-03-29,14.37,14.56,14.23,14.4,10.61,115600,0.0,0
2011-03-30,14.57,14.66,14.4,14.59,10.75,82200,0.0,0
2011-03-31,14.57,14.84,14.08,14.76,10.88,177900,0.0,0
2011-04-01,14.89,14.98,14.66,14.79,10.9,102700,0.0,0
2011-04-04,14.87,14.94,14.77,14.94,11.01,58300,0.0,0
2011-04-05,14.95,15.19,14.84,15.17,11.18,119500,0.0,0
2011-04-06,15.23,15.53,15.13,15.37,11.33,84600,0.0,0
2011-04-07,15.39,15.5,15.3,15.31,11.28,58500,0.0,0
2011-04-08,15.44,15.44,15.17,15.21,11.21,90900,0.0,0
2011-04-11,15.24,15.36,15.17,15.17,11.18,89900,0.0,0
2011-04-12,15.11,15.15,14.92,14.93,11.0,89100,0.0,0
2011-04-13,15.08,15.08,14.78,14.91,10.99,62300,0.0,0
2011-04-14,14.77,14.97,14.73,14.9,10.98,90300,0.0,0
2011-04-15,14.87,15.15,14.87,15.11,11.14,81200,0.0,0
2011-04-18,14.86,15.12,14.86,14.97,11.03,48100,0.0,0
2011-04-19,15.03,15.09,14.88,14.88,10.97,80200,0.0,0
2011-04-20,15.04,15.07,14.75,14.91,10.99,84900,0.0,0
2011-04-21,15.0,15.02,14.75,14.86,10.95,54000,0.0,0
2011-04-25,14.76,14.77,14.49,14.73,10.86,107500,0.0,0
2011-04-26,14.74,15.19,14.69,15.03,11.08,77600,0.0,0
2011-04-27,14.85,15.08,14.85,15.05,11.09,71000,0.0,0
2011-04-28,15.06,15.31,15.06,15.3,11.28,47000,0.0,0
2011-04-29,15.38,15.6,15.25,15.46,11.39,65000,0.0,0
2011-05-02,15.57,15.57,15.21,15.23,11.22,73000,0.0,0
2011-05-03,15.12,15.25,15.07,15.16,11.17,69000,0.0,0
2011-05-04,15.14,15.21,15.02,15.02,11.07,49600,0.0,0
2011-05-05,14.88,14.97,14.72,14.75,10.97,92800,0.14,0
2011-05-06,14.87,15.09,14.65,14.71,10.94,204000,0.0,0
2011-05-09,14.64,14.66,14.47,14.54,10.82,102000,0.0,0
2011-05-10,14.6,14.96,14.49,14.84,11.04,124300,0.0,0
2011-05-11,14.82,14.82,14.43,14.52,10.8,86100,0.0,0
2011-05-12,14.41,14.62,14.29,14.59,10.85,54500,0.0,0
2011-05-13,14.59,14.59,13.95,14.19,10.56,89000,0.0,0
2011-05-16,14.08,14.19,13.62,13.95,10.38,75000,0.0,0
2011-05-17,13.93,13.97,13.79,13.89,10.33,91000,0.0,0
2011-05-18,13.9,13.92,13.81,13.85,10.3,61500,0.0,0
2011-05-19,13.89,14.02,13.7,13.95,10.38,105200,0.0,0
2011-05-20,13.86,13.99,13.8,13.82,10.28,114400,0.0,0
2011-05-23,13.72,13.75,13.64,13.72,10.21,83100,0.0,0
2011-05-24,13.72,13.72,13.36,13.37,9.95,102700,0.0,0
2011-05-25,13.33,13.53,13.28,13.51,10.05,100500,0.0,0
2011-05-26,13.46,13.64,13.27,13.55,10.08,117700,0.0,0
2011-05-27,13.56,13.89,13.56,13.83,10.29,59600,0.0,0
2011-05-31,13.95,14.08,13.87,14.02,10.43,216400,0.0,0
2011-06-01,13.97,13.97,13.77,13.79,10.26,165000,0.0,0
2011-06-02,13.8,13.87,13.64,13.82,10.28,92900,0.0,0
2011-06-03,13.63,13.83,13.37,13.65,10.15,145000,0.0,0
2011-06-06,13.62,13.7,13.55,13.6,10.12,66700,0.0,0
2011-06-07,13.73,13.73,13.5,13.59,10.11,62400,0.0,0
2011-06-08,13.58,13.64,13.41,13.41,9.98,71700,0.0,0
2011-06-09,13.47,13.65,13.25,13.28,9.88,122300,0.0,0
2011-06-10,13.22,13.34,13.13,13.17,9.8,54900,0.0,0
2011-06-13,13.26,13.39,13.09,13.25,9.86,77200,0.0,0
2011-06-14,13.4,13.42,13.0,13.41,9.98,80100,0.0,0
2011-06-15,13.22,13.59,13.18,13.26,9.86,109300,0.0,0
2011-06-16,13.24,13.64,13.24,13.53,10.07,98600,0.0,0
2011-06-17,13.6,13.8,13.55,13.55,10.08,212500,0.0,0
2011-06-20,13.5,13.84,13.01,13.66,10.16,75600,0.0,0
2011-06-21,13.71,14.04,13.71,13.93,10.36,128800,0.0,0
2011-06-22,13.92,14.19,13.92,14.01,10.42,86700,0.0,0
2011-06-23,13.92,14.25,13.72,14.24,10.59,124800,0.0,0
2011-06-24,14.31,14.5,14.09,14.23,10.59,550900,0.0,0
2011-06-27,14.2,14.44,13.82,14.43,10.74,134400,0.0,0
2011-06-28,14.35,14.46,14.24,14.46,10.76,93700,0.0,0
2011-06-29,14.48,14.5,14.35,14.45,10.75,82300,0.0,0
2011-06-30,14.56,14.56,14.35,14.54,10.82,115000,0.0,0
2011-07-01,14.59,15.0,14.59,15.0,11.16,147100,0.0,0
2011-07-05,14.92,14.99,14.66,14.77,10.99,136800,0.0,0
2011-07-06,14.71,14.97,14.68,14.91,11.09,163600,0.0,0
2011-07-07,15.0,15.17,14.75,15.12,11.25,143200,0.0,0
2011-07-08,15.01,15.12,14.82,14.91,11.09,64500,0.0,0
2011-07-11,14.77,14.79,14.58,14.62,10.88,123500,0.0,0
2011-07-12,14.62,14.79,14.61,14.63,10.88,83000,0.0,0
2011-07-13,14.76,14.83,14.64,14.76,10.98,275500,0.0,0
2011-07-14,14.81,14.81,14.54,14.64,10.89,160800,0.0,0
2011-07-15,14.66,14.83,14.38,14.47,10.77,120700,0.0,0
2011-07-18,14.43,14.44,14.2,14.32,10.65,86400,0.0,0
2011-07-19,14.53,15.01,14.44,15.01,11.17,117200,0.0,0
2011-07-20,15.02,15.14,14.88,14.96,11.13,59400,0.0,0
2011-07-21,14.96,14.96,14.67,14.7,10.94,177700,0.0,0
2011-07-22,14.73,14.73,14.52,14.54,10.82,104400,0.0,0
2011-07-25,14.43,14.58,14.3,14.31,10.65,133600,0.0,0
2011-07-26,14.36,14.36,14.06,14.07,10.47,77800,0.0,0
2011-07-27,14.04,14.04,13.7,13.71,10.2,195200,0.0,0
2011-07-28,13.77,13.8,13.44,13.71,10.2,174400,0.0,0
2011-07-29,13.59,14.2,13.47,14.05,10.45,284000,0.0,0
2011-08-01,14.19,14.25,13.65,14.2,10.56,265200,0.0,0
2011-08-02,14.16,14.46,13.95,13.96,10.39,135200,0.0,0
2011-08-03,14.01,14.01,13.75,14.0,10.42,186800,0.0,0
2011-08-04,13.76,13.92,13.37,13.37,10.05,139100,0.14,0
2011-08-05,13.53,13.53,12.96,13.12,9.86,189500,0.0,0
2011-08-08,12.83,13.2,11.44,11.47,8.62,303200,0.0,0
2011-08-09,11.81,12.12,10.76,12.08,9.08,376000,0.0,0
2011-08-10,11.77,11.77,10.76,10.8,8.12,263800,0.0,0
2011-08-11,10.89,11.55,10.88,11.34,8.52,376100,0.0,0
2011-08-12,11.45,11.8,11.01,11.28,8.48,205900,0.0,0
2011-08-15,11.36,11.7,11.36,11.7,8.79,175700,0.0,0
2011-08-16,11.63,11.69,11.39,11.49,8.63,228500,0.0,0
2011-08-17,11.56,11.79,11.53,11.56,8.69,119500,0.0,0
2011-08-18,11.27,11.32,10.81,10.84,8.15,195200,0.0,0
2011-08-19,10.73,11.05,10.4,10.46,7.86,415600,0.0,0
2011-08-22,10.83,11.07,10.56,10.63,7.99,179600,0.0,0
2011-08-23,10.7,11.31,10.57,11.3,8.49,135800,0.0,0
2011-08-24,11.32,11.7,11.32,11.65,8.75,124700,0.0,0
2011-08-25,11.8,11.88,11.27,11.46,8.61,139300,0.0,0
2011-08-26,11.4,11.65,11.03,11.51,8.65,85100,0.0,0
2011-08-29,11.67,12.18,11.51,12.18,9.15,112000,0.0,0
2011-08-30,12.13,12.74,11.86,12.08,9.08,219400,0.0,0
2011-08-31,12.17,12.17,11.87,12.06,9.06,177700,0.0,0
2011-09-01,12.14,12.24,11.5,11.61,8.72,177600,0.0,0
2011-09-02,11.32,11.47,10.99,11.0,8.27,156600,0.0,0
2011-09-06,10.72,10.95,10.68,10.93,8.21,150200,0.0,0
2011-09-07,11.13,11.38,10.99,11.35,8.53,224800,0.0,0
2011-09-08,11.29,11.34,11.08,11.1,8.34,147900,0.0,0
2011-09-09,10.97,11.17,10.59,10.74,8.07,151600,0.0,0
2011-09-12,10.55,10.99,10.55,10.9,8.19,140500,0.0,0
2011-09-13,11.0,11.14,10.73,10.84,8.15,157300,0.0,0
2011-09-14,10.98,11.16,10.78,11.05,8.3,146200,0.0,0
2011-09-15,11.17,11.24,10.97,11.23,8.44,153300,0.0,0
2011-09-16,11.33,11.33,10.93,10.97,8.24,230400,0.0,0
2011-09-19,10.77,10.88,10.5,10.56,7.94,125200,0.0,0
2011-09-20,10.63,10.78,10.5,10.5,7.89,126000,0.0,0
2011-09-21,10.54,10.7,9.85,9.89,7.43,142000,0.0,0
2011-09-22,9.61,10.53,9.61,9.99,7.51,321800,0.0,0
2011-09-23,9.99,10.33,9.82,10.11,7.6,203700,0.0,0
2011-09-26,10.25,10.59,10.01,10.32,7.76,131400,0.0,0
2011-09-27,10.58,10.73,10.29,10.43,7.84,157400,0.0,0
2011-09-28,10.46,10.63,9.97,9.99,7.51,140500,0.0,0
2011-09-29,10.25,10.6,10.2,10.6,7.97,73600,0.0,0
2011-09-30,10.39,11.1,10.1,10.13,7.61,161600,0.0,0
2011-10-03,10.06,10.51,9.77,9.78,7.35,238800,0.0,0
2011-10-04,9.74,10.61,9.7,10.59,7.96,234400,0.0,0
2011-10-05,10.56,10.88,10.16,10.81,8.12,156500,0.0,0
2011-10-06,10.8,11.1,10.61,11.07,8.32,205400,0.0,0
2011-10-07,11.09,11.09,10.58,10.74,8.07,168000,0.0,0
2011-10-10,11.0,11.25,10.86,11.21,8.42,157700,0.0,0
2011-10-11,11.09,11.46,10.84,11.4,8.57,119500,0.0,0
2011-10-12,11.49,11.79,11.41,11.68,8.78,113200,0.0,0
2011-10-13,11.69,11.94,11.51,11.67,8.77,126300,0.0,0
2011-10-14,11.82,11.9,11.54,11.87,8.92,114700,0.0,0
2011-10-17,11.76,11.93,11.07,11.13,8.36,120100,0.0,0
2011-10-18,11.23,12.11,11.22,12.03,9.04,133500,0.0,0
2011-10-19,12.02,12.13,11.54,11.71,8.8,116700,0.0,0
2011-10-20,11.72,12.0,11.47,11.91,8.95,110000,0.0,0
2011-10-21,12.1,12.14,11.78,12.04,9.05,169400,0.0,0
2011-10-24,12.06,12.3,11.89,12.24,9.2,119100,0.0,0
2011-10-25,12.1,12.2,11.81,11.89,8.93,134800,0.0,0
2011-10-26,12.09,12.39,11.88,12.32,9.26,126900,0.0,0
2011-10-27,12.71,13.28,12.65,12.87,9.67,251600,0.0,0
2011-10-28,12.78,13.01,12.19,12.23,9.19,187000,0.0,0
2011-10-31,12.0,12.18,11.89,11.92,8.96,140300,0.0,0
2011-11-01,11.5,11.63,10.88,10.97,8.24,714600,0.0,0
2011-11-02,11.19,11.5,11.01,11.47,8.62,234400,0.0,0
2011-11-03,11.38,11.74,11.1,11.7,8.9,182800,0.14,0
2011-11-04,11.62,11.83,11.36,11.68,8.89,137400,0.0,0
2011-11-07,11.68,11.98,11.48,11.89,9.05,137700,0.0,0
2011-11-08,12.01,12.18,11.75,11.91,9.06,141000,0.0,0
2011-11-09,11.62,11.88,11.41,11.43,8.7,165900,0.0,0
2011-11-10,11.63,12.0,11.58,11.64,8.86,116900,0.0,0
2011-11-11,11.73,11.9,11.61,11.87,9.03,83800,0.0,0
2011-11-14,11.81,11.81,11.4,11.57,8.8,125800,0.0,0
2011-11-15,11.53,11.97,11.53,11.92,9.07,136000,0.0,0
2011-11-16,11.85,12.0,11.6,11.64,8.86,107300,0.0,0
2011-11-17,11.62,11.81,11.44,11.53,8.77,187100,0.0,0
2011-11-18,11.55,11.65,11.45,11.51,8.76,122000,0.0,0
2011-11-21,11.29,11.4,11.13,11.18,8.51,125700,0.0,0
2011-11-22,11.15,11.37,11.13,11.18,8.51,147000,0.0,0
2011-11-23,11.11,11.11,10.88,10.96,8.34,135500,0.0,0
2011-11-25,10.88,11.35,10.8,10.81,8.22,38700,0.0,0
2011-11-28,11.2,11.27,11.02,11.18,8.51,103700,0.0,0
2011-11-29,11.21,11.24,10.95,10.99,8.36,100800,0.0,0
2011-11-30,11.46,11.87,11.27,11.84,9.01,278200,0.0,0
2011-12-01,11.79,11.89,11.63,11.64,8.86,111500,0.0,0
2011-12-02,11.84,12.0,11.69,11.78,8.96,85600,0.0,0
2011-12-05,11.99,12.13,11.79,11.84,9.01,123200,0.0,0
2011-12-06,11.88,11.88,11.68,11.72,8.92,97100,0.0,0
2011-12-07,11.66,11.91,11.4,11.85,9.01,113300,0.0,0
2011-12-08,11.65,11.77,11.37,11.39,8.66,80400,0.0,0
2011-12-09,11.48,11.87,11.2,11.75,8.94,114400,0.0,0
2011-12-12,11.57,11.8,11.52,11.78,8.96,79000,0.0,0
2011-12-13,11.9,12.12,11.53,11.6,8.82,117900,0.0,0
2011-12-14,11.46,11.81,11.46,11.52,8.76,73600,0.0,0
2011-12-15,11.73,11.76,11.51,11.64,8.86,85900,0.0,0
2011-12-16,11.76,11.96,11.5,11.55,8.79,456400,0.0,0
2011-12-19,11.66,11.75,11.3,11.36,8.64,108500,0.0,0
2011-12-20,11.63,11.98,11.59,11.96,9.1,127600,0.0,0
2011-12-21,11.99,12.3,11.88,12.25,9.32,59500,0.0,0
2011-12-22,12.31,12.53,12.28,12.36,9.4,83800,0.0,0
2011-12-23,12.44,12.6,12.34,12.52,9.52,124200,0.0,0
2011-12-27,12.51,12.68,12.2,12.59,9.58,40900,0.0,0
2011-12-28,12.61,12.63,12.45,12.51,9.52,95600,0.0,0
2011-12-29,12.58,12.82,12.57,12.66,9.63,68100,0.0,0
2011-12-30,12.7,12.7,12.6,12.6,9.59,107000,0.0,0
2012-01-03,12.92,13.18,12.75,13.03,9.91,88700,0.0,0
2012-01-04,12.92,13.15,12.88,13.08,9.95,72000,0.0,0
2012-01-05,13.02,13.56,12.88,13.52,10.29,96700,0.0,0
2012-01-06,13.56,13.7,13.27,13.29,10.11,152400,0.0,0
2012-01-09,13.4,13.44,13.19,13.24,10.07,100900,0.0,0
2012-01-10,13.42,13.74,13.2,13.33,10.14,115700,0.0,0
2012-01-11,13.3,13.55,13.0,13.52,10.29,160200,0.0,0
2012-01-12,13.55,13.79,13.37,13.78,10.48,84600,0.0,0
2012-01-13,13.58,13.95,13.47,13.74,10.45,98200,0.0,0
2012-01-17,13.88,13.88,12.93,13.63,10.37,105400,0.0,0
2012-01-18,13.63,13.85,13.51,13.83,10.52,82100,0.0,0
2012-01-19,13.88,13.88,13.53,13.68,10.41,93400,0.0,0
2012-01-20,13.65,13.94,13.65,13.85,10.54,104200,0.0,0
2012-01-23,13.88,14.1,13.76,13.85,10.54,78000,0.0,0
2012-01-24,13.8,14.05,13.68,13.99,10.64,79600,0.0,0
2012-01-25,14.02,14.11,13.76,13.79,10.49,100300,0.0,0
2012-01-26,13.89,13.99,13.63,13.69,10.41,137300,0.0,0
2012-01-27,13.95,14.27,13.81,14.0,10.65,135100,0.0,0
2012-01-30,13.92,14.0,13.85,13.89,10.57,75500,0.0,0
2012-01-31,13.94,13.94,13.53,13.78,10.48,173000,0.0,0
2012-02-01,13.92,14.42,13.84,14.37,10.93,190200,0.0,0
2012-02-02,14.25,14.25,13.87,13.93,10.7,208800,0.14,0
2012-02-03,14.2,14.52,14.1,14.29,10.98,177500,0.0,0
2012-02-06,14.25,14.3,13.7,14.23,10.93,97300,0.0,0
2012-02-07,14.25,14.44,14.16,14.26,10.96,100500,0.0,0
2012-02-08,14.35,14.5,14.19,14.38,11.05,76700,0.0,0
2012-02-09,14.41,14.41,14.19,14.21,10.92,67800,0.0,0
2012-02-10,14.1,14.2,13.86,13.92,10.69,125600,0.0,0
2012-02-13,14.12,14.2,13.97,14.1,10.83,114500,0.0,0
2012-02-14,14.08,14.08,13.78,13.94,10.71,70200,0.0,0
2012-02-15,14.06,14.07,13.82,14.01,10.76,102800,0.0,0
2012-02-16,14.06,14.49,13.87,14.21,10.92,168100,0.0,0
2012-02-17,14.25,14.25,13.76,14.16,10.88,141300,0.0,0
2012-02-21,14.18,14.34,14.02,14.17,10.89,61300,0.0,0
2012-02-22,14.14,14.15,13.83,13.89,10.67,84400,0.0,0
2012-02-23,13.95,14.4,13.86,14.39,11.05,126700,0.0,0
2012-02-24,14.37,14.46,14.17,14.28,10.97,60300,0.0,0
2012-02-27,14.21,14.5,14.07,14.41,11.07,66100,0.0,0
2012-02-28,14.45,14.54,14.26,14.36,11.03,66100,0.0,0
2012-02-29,14.41,14.53,13.92,13.92,10.69,137000,0.0,0
2012-03-01,14.02,14.13,13.84,13.84,10.63,144100,0.0,0
2012-03-02,13.9,13.93,13.42,13.57,10.42,124300,0.0,0
2012-03-05,13.55,13.68,13.36,13.64,10.48,64200,0.0,0
2012-03-06,13.46,13.58,13.32,13.38,10.28,80200,0.0,0
2012-03-07,13.43,13.58,13.32,13.51,10.38,83300,0.0,0
2012-03-08,13.63,13.87,13.32,13.85,10.64,104100,0.0,0
2012-03-09,13.84,14.33,13.79,14.17,10.89,118000,0.0,0
2012-03-12,14.21,14.45,13.9,14.4,11.06,98300,0.0,0
2012-03-13,14.56,14.69,14.27,14.69,11.29,107000,0.0,0
2012-03-14,14.69,14.75,14.41,14.51,11.15,62300,0.0,0
2012-03-15,14.53,14.63,14.25,14.63,11.24,79000,0.0,0
2012-03-16,14.68,14.72,14.46,14.58,11.2,111700,0.0,0
2012-03-19,14.58,14.96,14.45,14.95,11.49,86500,0.0,0
2012-03-20,14.82,14.92,14.65,14.81,11.38,41500,0.0,0
2012-03-21,14.89,14.95,14.65,14.66,11.26,58200,0.0,0
2012-03-22,14.49,14.65,14.3,14.55,11.18,69000,0.0,0
2012-03-23,14.52,14.8,14.35,14.79,11.36,106000,0.0,0
2012-03-26,14.84,14.99,14.71,14.95,11.49,88000,0.0,0
2012-03-27,14.92,14.92,14.63,14.63,11.24,83300,0.0,0
2012-03-28,14.68,15.01,14.68,14.97,11.5,118000,0.0,0
2012-03-29,14.88,14.88,14.48,14.77,11.35,65900,0.0,0
2012-03-30,14.82,14.82,14.52,14.61,11.22,84000,0.0,0
2012-04-02,14.15,14.92,14.15,14.9,11.45,111500,0.0,0
2012-04-03,14.9,14.92,14.5,14.62,11.23,134900,0.0,0
2012-04-04,14.42,14.55,14.18,14.31,10.99,112400,0.0,0
2012-04-05,14.29,14.29,14.05,14.16,10.88,139800,0.0,0
2012-04-09,13.95,14.0,13.85,13.87,10.66,101400,0.0,0
2012-04-10,13.91,14.04,13.52,13.57,10.42,129700,0.0,0
2012-04-11,13.75,13.86,13.6,13.84,10.63,119100,0.0,0
2012-04-12,13.81,14.06,13.75,13.94,10.71,93500,0.0,0
2012-04-13,13.85,13.94,13.46,13.47,10.35,83500,0.0,0
2012-04-16,13.56,13.91,13.51,13.79,10.59,74000,0.0,0
2012-04-17,13.87,14.15,13.87,13.98,10.74,80900,0.0,0
2012-04-18,13.94,13.94,13.55,13.65,10.49,78100,0.0,0
2012-04-19,13.7,13.78,13.41,13.56,10.42,91200,0.0,0
2012-04-20,13.89,14.0,13.65,13.91,10.69,157200,0.0,0
2012-04-23,13.71,13.88,13.7,13.76,10.57,81300,0.0,0
2012-04-24,13.73,14.12,13.73,14.07,10.81,75800,0.0,0
2012-04-25,14.31,14.45,14.1,14.23,10.93,89200,0.0,0
2012-04-26,14.16,14.38,14.12,14.33,11.01,54400,0.0,0
2012-04-27,14.3,14.76,14.22,14.65,11.25,85000,0.0,0
2012-04-30,14.2,14.37,13.81,13.86,10.65,205000,0.0,0
2012-05-01,13.88,13.99,13.52,13.55,10.41,145000,0.0,0
2012-05-02,13.49,13.61,13.33,13.57,10.42,131800,0.0,0
2012-05-03,13.36,13.52,13.25,13.37,10.38,92000,0.14,0
2012-05-04,13.15,13.26,13.0,13.16,10.22,146800,0.0,0
2012-05-07,13.15,13.49,13.1,13.41,10.41,120000,0.0,0
2012-05-08,13.36,13.71,13.32,13.66,10.6,108000,0.0,0
2012-05-09,13.57,13.7,13.34,13.65,10.6,130000,0.0,0
2012-05-10,13.85,13.9,13.72,13.85,10.75,73000,0.0,0
2012-05-11,13.82,13.84,13.62,13.74,10.67,120600,0.0,0
2012-05-14,13.64,13.78,13.49,13.56,10.53,92500,0.0,0
2012-05-15,13.55,13.71,13.5,13.6,10.56,77000,0.0,0
2012-05-16,13.7,13.72,13.51,13.54,10.51,71500,0.0,0
2012-05-17,13.53,13.7,13.45,13.55,10.52,110500,0.0,0
2012-05-18,13.54,13.68,13.38,13.5,10.48,100800,0.0,0
2012-05-21,13.52,13.71,13.41,13.5,10.48,125200,0.0,0
2012-05-22,13.52,13.62,13.13,13.22,10.26,107000,0.0,0
2012-05-23,13.12,13.24,13.01,13.2,10.25,108000,0.0,0
2012-05-24,13.25,13.31,13.03,13.3,10.32,70000,0.0,0
2012-05-25,13.33,13.44,13.26,13.34,10.36,65900,0.0,0
2012-05-29,13.51,13.51,13.2,13.36,10.37,55700,0.0,0
2012-05-30,13.25,13.33,13.1,13.12,10.18,49300,0.0,0
2012-05-31,13.12,13.16,13.0,13.06,10.14,112900,0.0,0
2012-06-01,12.81,12.92,12.56,12.61,9.79,75600,0.0,0
2012-06-04,12.65,12.81,12.59,12.74,9.89,81200,0.0,0
2012-06-05,12.65,12.81,12.57,12.68,9.84,118200,0.0,0
2012-06-06,12.74,13.04,12.66,13.01,10.1,101500,0.0,0
2012-06-07,13.24,13.28,12.91,12.93,10.04,86700,0.0,0
2012-06-08,12.91,13.19,12.79,13.14,10.2,62800,0.0,0
2012-06-11,13.35,13.35,12.78,12.8,9.94,101800,0.0,0
2012-06-12,12.9,13.13,12.88,12.98,10.08,85600,0.0,0
2012-06-13,12.98,13.36,12.93,13.1,10.17,91700,0.0,0
2012-06-14,13.1,13.4,13.07,13.37,10.38,74600,0.0,0
2012-06-15,13.31,13.72,13.22,13.7,10.63,158900,0.0,0
2012-06-18,13.63,13.75,13.58,13.67,10.61,87100,0.0,0
2012-06-19,13.75,13.96,13.6,13.94,10.82,106500,0.0,0
2012-06-20,13.96,14.0,13.77,13.88,10.77,79400,0.0,0
2012-06-21,13.85,13.94,13.42,13.44,10.43,98800,0.0,0
2012-06-22,13.52,13.92,13.52,13.78,10.7,222700,0.0,0
2012-06-25,13.53,13.83,13.53,13.67,10.61,47700,0.0,0
2012-06-26,13.6,13.85,13.4,13.41,10.41,118400,0.0,0
2012-06-27,13.5,13.63,13.47,13.61,10.56,76700,0.0,0
2012-06-28,13.54,13.72,13.18,13.31,10.33,183100,0.0,0
2012-06-29,13.6,13.68,13.19,13.29,10.32,284800,0.0,0
2012-07-02,13.34,13.88,13.29,13.86,10.76,133300,0.0,0
2012-07-03,13.9,14.0,13.79,14.0,10.87,53300,0.0,0
2012-07-05,14.0,14.22,13.88,14.12,10.96,89600,0.0,0
2012-07-06,14.02,14.26,14.02,14.25,11.06,136400,0.0,0
2012-07-09,14.25,14.25,13.84,13.9,10.79,261700,0.0,0
2012-07-10,14.06,14.25,13.9,14.25,11.06,128300,0.0,0
2012-07-11,14.26,14.29,14.1,14.26,11.07,99300,0.0,0
2012-07-12,14.2,14.47,14.05,14.42,11.19,94500,0.0,0
2012-07-13,14.44,14.75,14.44,14.7,11.41,138000,0.0,0
2012-07-16,14.65,14.71,14.51,14.53,11.28,76500,0.0,0
2012-07-17,14.58,14.65,14.42,14.57,11.31,123400,0.0,0
2012-07-18,14.61,14.72,14.6,14.72,11.43,107100,0.0,0
2012-07-19,14.8,14.8,14.6,14.63,11.36,109700,0.0,0
2012-07-20,14.55,14.62,14.43,14.46,11.22,103100,0.0,0
2012-07-23,14.29,14.38,14.19,14.19,11.01,64200,0.0,0
2012-07-24,14.3,14.3,14.01,14.08,10.93,51600,0.0,0
2012-07-25,14.23,14.42,14.23,14.34,11.13,133600,0.0,0
2012-07-26,14.59,14.59,13.8,14.11,10.95,123400,0.0,0
2012-07-27,14.18,14.77,14.12,14.72,11.43,93500,0.0,0
2012-07-30,14.82,14.82,14.57,14.63,11.36,85400,0.0,0
2012-07-31,14.64,14.74,14.44,14.5,11.26,129300,0.0,0
2012-08-01,14.56,14.56,14.22,14.22,11.04,120500,0.0,0
2012-08-02,14.15,14.27,14.06,14.12,10.96,194400,0.0,0
2012-08-03,14.14,14.27,14.03,14.25,11.17,140200,0.14,0
2012-08-06,14.25,14.27,14.16,14.18,11.12,76600,0.0,0
2012-08-07,14.09,14.22,14.09,14.2,11.13,107100,0.0,0
2012-08-08,14.15,14.25,14.15,14.17,11.11,87100,0.0,0
2012-08-09,14.2,14.22,14.09,14.18,11.12,65700,0.0,0
2012-08-10,14.14,14.14,13.91,13.98,10.96,58400,0.0,0
2012-08-13,14.0,14.33,13.73,13.96,10.94,47100,0.0,0
2012-08-14,13.98,14.1,13.93,14.1,11.05,150500,0.0,0
2012-08-15,14.07,14.12,13.96,14.1,11.05,91200,0.0,0
2012-08-16,14.1,14.1,13.95,14.01,10.98,66700,0.0,0
2012-08-17,13.96,14.0,13.87,14.0,10.98,74900,0.0,0
2012-08-20,13.93,14.03,13.93,13.98,10.96,48900,0.0,0
2012-08-21,14.0,14.22,13.96,13.99,10.97,63700,0.0,0
2012-08-22,13.92,13.92,13.51,13.82,10.84,58300,0.0,0
2012-08-23,13.82,13.82,13.54,13.56,10.63,56600,0.0,0
2012-08-24,13.49,13.72,13.47,13.65,10.7,82600,0.0,0
2012-08-27,13.68,14.0,13.68,13.93,10.92,126800,0.0,0
2012-08-28,13.89,14.06,13.67,14.0,10.98,83800,0.0,0
2012-08-29,13.99,14.1,13.99,14.1,11.05,93200,0.0,0
2012-08-30,14.03,14.09,13.96,14.01,10.98,38900,0.0,0
2012-08-31,14.02,14.04,13.91,13.98,10.96,85700,0.0,0
2012-09-04,13.93,14.04,13.72,14.0,10.98,96900,0.0,0
2012-09-05,14.0,14.0,13.82,13.96,10.94,67200,0.0,0
2012-09-06,13.98,14.22,13.95,14.2,11.13,77900,0.0,0
2012-09-07,14.25,14.49,14.06,14.4,11.29,97300,0.0,0
2012-09-10,14.35,14.51,14.02,14.37,11.27,59000,0.0,0
2012-09-11,14.34,14.5,14.33,14.38,11.27,56400,0.0,0
2012-09-12,14.39,14.46,14.3,14.39,11.28,69200,0.0,0
2012-09-13,14.4,14.55,14.24,14.54,11.4,140700,0.0,0
2012-09-14,14.63,14.77,14.45,14.73,11.55,105300,0.0,0
2012-09-17,14.63,14.66,14.36,14.45,11.33,65100,0.0,0
2012-09-18,14.38,14.52,14.11,14.51,11.38,49100,0.0,0
2012-09-19,14.5,14.56,14.36,14.52,11.38,86100,0.0,0
2012-09-20,14.42,14.75,14.21,14.28,11.2,222800,0.0,0
2012-09-21,14.53,14.62,14.26,14.62,11.46,499900,0.0,0
2012-09-24,14.53,14.88,14.51,14.75,11.56,88500,0.0,0
2012-09-25,14.78,14.86,14.52,14.54,11.4,100400,0.0,0
2012-09-26,14.49,14.73,14.41,14.48,11.35,73500,0.0,0
2012-09-27,14.48,14.74,14.45,14.56,11.42,57800,0.0,0
2012-09-28,14.47,14.58,14.41,14.44,11.32,82500,0.0,0
2012-10-01,14.55,14.62,14.36,14.53,11.39,61900,0.0,0
2012-10-02,14.56,14.98,14.5,14.66,11.49,75400,0.0,0
2012-10-03,14.64,14.64,14.4,14.46,11.34,71300,0.0,0
2012-10-04,14.48,14.67,14.39,14.62,11.46,107100,0.0,0
2012-10-05,14.63,14.77,14.47,14.59,11.44,103100,0.0,0
2012-10-08,14.49,14.52,14.38,14.46,11.34,43800,0.0,0
2012-10-09,14.43,14.43,14.2,14.22,11.15,72300,0.0,0
2012-10-10,14.21,14.35,14.11,14.28,11.2,125700,0.0,0
2012-10-11,14.34,14.37,14.16,14.21,11.14,76300,0.0,0
2012-10-12,14.15,14.15,13.92,13.97,10.95,71200,0.0,0
2012-10-15,13.97,14.09,13.81,14.02,10.99,71200,0.0,0
2012-10-16,14.09,14.09,13.91,13.94,10.93,110500,0.0,0
2012-10-17,13.92,14.09,13.92,14.09,11.05,87700,0.0,0
2012-10-18,14.03,14.16,13.79,13.81,10.83,95800,0.0,0
2012-10-19,13.72,13.9,13.72,13.83,10.84,120600,0.0,0
2012-10-22,13.76,14.14,13.76,14.08,11.04,92800,0.0,0
2012-10-23,13.99,14.1,13.81,14.06,11.02,62500,0.0,0
2012-10-24,14.08,14.14,13.92,14.02,10.99,45200,0.0,0
2012-10-25,14.11,14.24,13.9,14.05,11.02,87200,0.0,0
2012-10-26,14.83,14.84,14.27,14.51,11.38,207200,0.0,0
2012-10-31,14.48,14.6,14.37,14.5,11.37,109900,0.0,0
2012-11-01,14.47,14.72,14.3,14.63,11.47,203500,0.0,0
2012-11-02,14.56,14.56,14.13,14.16,11.21,108700,0.14,0
2012-11-05,13.97,14.2,13.93,14.06,11.13,86900,0.0,0
2012-11-06,14.23,14.51,14.18,14.39,11.39,143500,0.0,0
2012-11-07,14.26,14.43,13.76,13.79,10.92,185600,0.0,0
2012-11-08,13.75,13.98,13.54,13.55,10.73,75600,0.0,0
2012-11-09,13.45,13.61,13.37,13.43,10.63,98600,0.0,0
2012-11-12,13.44,13.61,13.41,13.52,10.7,50700,0.0,0
2012-11-13,13.48,13.84,13.31,13.32,10.54,55100,0.0,0
2012-11-14,13.38,13.5,13.09,13.13,10.39,104000,0.0,0
2012-11-15,13.09,13.2,12.92,13.0,10.29,82400,0.0,0
2012-11-16,12.99,13.53,12.86,13.01,10.3,438900,0.0,0
2012-11-19,13.04,13.45,12.92,13.41,10.62,199800,0.0,0
2012-11-20,13.44,13.59,13.34,13.5,10.69,87800,0.0,0
2012-11-21,13.57,13.57,13.38,13.48,10.67,37700,0.0,0
2012-11-23,13.55,13.55,13.44,13.48,10.67,53500,0.0,0
2012-11-26,13.42,13.55,13.39,13.54,10.72,66800,0.0,0
2012-11-27,13.5,13.59,13.43,13.44,10.64,120100,0.0,0
2012-11-28,13.35,13.52,12.98,13.5,10.69,94800,0.0,0
2012-11-29,13.55,13.78,13.45,13.75,10.88,79600,0.0,0
2012-11-30,13.74,13.98,13.56,13.95,11.04,234500,0.0,0
2012-12-03,13.94,13.97,13.6,13.9,11.0,129400,0.0,0
2012-12-04,13.88,13.9,13.71,13.85,10.96,77300,0.0,0
2012-12-05,13.81,13.88,13.69,13.76,10.89,64100,0.0,0
2012-12-06,13.71,13.87,13.71,13.82,10.94,121700,0.0,0
2012-12-07,13.85,13.85,13.65,13.71,10.85,110800,0.0,0
2012-12-10,13.7,13.87,13.62,13.78,10.91,144800,0.0,0
2012-12-11,13.85,13.95,13.77,13.8,10.92,178200,0.0,0
2012-12-12,13.8,14.0,13.67,13.69,10.84,151100,0.0,0
2012-12-13,13.68,13.77,13.57,13.63,10.79,162000,0.0,0
2012-12-14,13.56,13.78,13.56,13.66,10.81,98500,0.0,0
2012-12-17,13.69,13.84,13.58,13.72,10.86,265800,0.0,0
2012-12-18,13.75,13.9,13.64,13.89,11.0,154100,0.0,0
2012-12-19,13.94,13.98,13.76,13.98,11.07,78600,0.0,0
2012-12-20,13.95,14.19,13.9,14.19,11.23,128300,0.0,0
2012-12-21,14.19,14.21,13.93,14.07,11.14,525600,0.0,0
2012-12-24,14.04,14.16,13.86,13.96,11.05,28500,0.0,0
2012-12-26,13.96,14.11,13.83,13.84,10.96,50800,0.0,0
2012-12-27,13.81,13.84,13.62,13.8,10.92,53400,0.0,0
2012-12-28,13.74,14.04,13.61,13.7,10.84,45300,0.0,0
2012-12-31,13.68,13.93,13.54,13.89,11.0,75300,0.0,0
2013-01-02,14.19,14.25,14.07,14.24,11.27,164800,0.0,0
2013-01-03,14.3,14.38,14.21,14.31,11.33,65800,0.0,0
2013-01-04,14.39,14.39,14.15,14.28,11.3,109800,0.0,0
2013-01-07,14.26,14.31,14.04,14.08,11.15,44300,0.0,0
2013-01-08,14.03,14.18,13.94,14.18,11.22,57400,0.0,0
2013-01-09,14.24,14.4,14.16,14.24,11.27,77900,0.0,0
2013-01-10,14.33,14.38,14.23,14.34,11.35,55000,0.0,0
2013-01-11,14.39,14.4,14.21,14.36,11.37,52700,0.0,0
2013-01-14,14.34,14.41,14.29,14.33,11.34,38500,0.0,0
2013-01-15,14.22,14.29,14.07,14.25,11.28,48400,0.0,0
2013-01-16,14.27,14.3,14.1,14.11,11.17,101900,0.0,0
2013-01-17,14.2,14.36,14.08,14.21,11.25,42400,0.0,0
2013-01-18,14.25,14.3,14.07,14.17,11.22,100600,0.0,0
2013-01-22,14.1,14.3,14.1,14.22,11.26,114500,0.0,0
2013-01-23,14.25,14.49,13.96,14.0,11.08,104900,0.0,0
2013-01-24,14.06,14.48,14.01,14.4,11.4,284900,0.0,0
2013-01-25,13.69,14.21,13.69,13.87,10.98,264300,0.0,0
2013-01-28,13.82,13.86,13.47,13.6,10.77,205000,0.0,0
2013-01-29,13.56,13.83,13.4,13.83,10.95,208600,0.0,0
2013-01-30,13.77,13.77,13.56,13.68,10.83,192100,0.0,0
2013-01-31,13.68,13.86,13.55,13.81,10.93,163100,0.0,0
2013-02-01,13.88,14.08,13.82,13.94,11.03,117800,0.0,0
2013-02-04,13.69,13.69,13.33,13.42,10.73,115700,0.14,0
2013-02-05,13.51,13.62,13.4,13.56,10.84,94400,0.0,0
2013-02-06,13.46,13.61,13.4,13.59,10.87,90200,0.0,0
2013-02-07,13.56,13.74,13.53,13.73,10.98,108400,0.0,0
2013-02-08,13.75,13.85,13.73,13.73,10.98,111100,0.0,0
2013-02-11,13.75,13.84,13.66,13.82,11.05,40600,0.0,0
2013-02-12,13.8,13.95,13.63,13.91,11.12,79500,0.0,0
2013-02-13,13.95,14.06,13.89,14.06,11.24,66700,0.0,0
2013-02-14,14.0,14.05,13.99,14.0,11.19,62200,0.0,0
2013-02-15,14.05,14.05,13.95,14.02,11.21,126300,0.0,0
2013-02-19,14.03,14.32,14.02,14.32,11.45,177700,0.0,0
2013-02-20,14.29,14.35,14.18,14.19,11.35,153700,0.0,0
2013-02-21,14.16,14.25,14.08,14.16,11.32,138200,0.0,0
2013-02-22,14.21,14.33,14.17,14.33,11.46,80600,0.0,0
2013-02-25,14.42,14.52,14.08,14.09,11.27,144900,0.0,0
2013-02-26,14.13,14.28,14.08,14.25,11.39,118400,0.0,0
2013-02-27,14.21,14.37,14.19,14.2,11.35,72200,0.0,0
2013-02-28,14.18,14.34,14.1,14.21,11.36,86500,0.0,0
2013-03-01,14.08,14.22,13.83,14.2,11.35,129600,0.0,0
2013-03-04,14.13,14.18,13.99,14.14,11.31,100100,0.0,0
2013-03-05,14.17,14.34,14.0,14.27,11.41,105800,0.0,0
2013-03-06,14.27,14.32,14.08,14.32,11.45,46000,0.0,0
2013-03-07,14.28,14.3,14.13,14.24,11.39,106200,0.0,0
2013-03-08,14.37,14.37,14.1,14.23,11.38,158200,0.0,0
2013-03-11,14.16,14.21,14.1,14.12,11.29,70100,0.0,0
2013-03-12,14.07,14.26,14.05,14.2,11.35,342500,0.0,0
2013-03-13,14.19,14.3,14.18,14.25,11.39,46300,0.0,0
2013-03-14,14.25,14.48,14.22,14.45,11.55,77700,0.0,0
2013-03-15,14.48,14.56,14.38,14.55,11.63,165300,0.0,0
2013-03-18,14.38,14.53,14.37,14.48,11.58,69100,0.0,0
2013-03-19,14.54,14.69,14.5,14.62,11.69,108100,0.0,0
2013-03-20,14.73,14.75,14.57,14.74,11.79,93700,0.0,0
2013-03-21,14.64,14.94,14.59,14.59,11.67,70000,0.0,0
2013-03-22,14.67,14.67,14.31,14.4,11.51,201700,0.0,0
2013-03-25,14.37,14.5,14.01,14.17,11.33,336100,0.0,0
2013-03-26,14.26,14.49,14.13,14.43,11.54,283600,0.0,0
2013-03-27,14.32,14.4,14.22,14.26,11.4,102200,0.0,0
2013-03-28,14.33,14.43,14.25,14.36,11.48,85100,0.0,0
2013-04-01,14.3,14.33,13.95,14.07,11.25,159300,0.0,0
2013-04-02,14.18,14.26,13.94,13.97,11.17,76700,0.0,0
2013-04-03,14.03,14.13,13.88,14.1,11.27,142300,0.0,0
2013-04-04,14.12,14.42,14.12,14.31,11.44,97700,0.0,0
2013-04-05,14.1,14.34,14.1,14.29,11.43,89200,0.0,0
2013-04-08,14.29,14.38,14.22,14.34,11.47,63200,0.0,0
2013-04-09,14.32,14.36,14.21,14.24,11.39,71300,0.0,0
2013-04-10,14.26,14.56,14.25,14.52,11.61,182600,0.0,0
2013-04-11,14.55,14.55,14.32,14.35,11.47,72800,0.0,0
2013-04-12,14.25,14.43,14.24,14.31,11.44,52700,0.0,0
2013-04-15,14.25,14.32,13.96,14.0,11.19,250100,0.0,0
2013-04-16,14.12,14.22,13.99,14.16,11.32,232200,0.0,0
2013-04-17,14.05,14.32,13.96,14.01,11.2,125300,0.0,0
2013-04-18,14.08,14.2,14.0,14.07,11.25,121700,0.0,0
2013-04-19,14.12,14.42,14.08,14.37,11.49,112800,0.0,0
2013-04-22,14.34,14.36,14.04,14.31,11.44,53900,0.0,0
2013-04-23,14.37,14.51,14.32,14.4,11.51,66400,0.0,0
2013-04-24,14.36,14.46,14.22,14.4,11.51,67600,0.0,0
2013-04-25,14.48,14.49,14.32,14.38,11.5,69200,0.0,0
2013-04-26,14.28,14.28,13.99,14.06,11.24,129500,0.0,0
2013-04-29,14.15,14.17,14.05,14.14,11.31,68200,0.0,0
2013-04-30,14.11,14.28,14.05,14.27,11.41,107300,0.0,0
2013-05-01,14.02,14.19,13.9,13.91,11.12,290400,0.0,0
2013-05-02,13.81,14.04,13.79,13.92,11.24,140400,0.14,0
2013-05-03,14.07,14.28,14.05,14.2,11.47,183000,0.0,0
2013-05-06,14.51,14.85,14.16,14.33,11.58,43900,0.0,0
2013-05-07,14.21,14.55,14.21,14.55,11.75,92500,0.0,0
2013-05-08,14.47,14.55,14.29,14.5,11.71,55900,0.0,0
2013-05-09,14.45,14.54,14.32,14.48,11.7,57700,0.0,0
2013-05-10,14.54,14.56,14.41,14.49,11.7,52100,0.0,0
2013-05-13,14.51,14.51,14.35,14.43,11.66,30900,0.0,0
2013-05-14,14.39,14.58,14.29,14.38,11.62,248200,0.0,0
2013-05-15,14.32,14.56,14.29,14.51,11.72,37500,0.0,0
2013-05-16,14.5,14.61,14.42,14.56,11.76,32100,0.0,0
2013-05-17,14.59,14.71,14.56,14.7,11.87,117200,0.0,0
2013-05-20,14.63,14.72,14.56,14.7,11.87,82100,0.0,0
2013-05-21,14.66,14.7,14.59,14.69,11.87,39100,0.0,0
2013-05-22,14.66,14.74,14.29,14.37,11.61,132700,0.0,0
2013-05-23,14.3,14.51,14.25,14.47,11.69,95600,0.0,0
2013-05-24,14.43,14.54,14.42,14.54,11.74,62300,0.0,0
2013-05-28,14.68,14.95,14.54,14.59,11.79,85200,0.0,0
2013-05-29,14.48,14.59,14.38,14.47,11.69,50800,0.0,0
2013-05-30,14.51,14.57,14.4,14.55,11.75,71200,0.0,0
2013-05-31,14.43,14.6,14.39,14.41,11.64,132000,0.0,0
2013-06-03,14.49,14.67,14.34,14.65,11.83,153200,0.0,0
2013-06-04,14.66,14.73,14.27,14.42,11.65,149200,0.0,0
2013-06-05,14.36,14.49,14.27,14.32,11.57,95000,0.0,0
2013-06-06,14.28,14.71,14.28,14.6,11.79,129900,0.0,0
2013-06-07,14.73,14.82,14.49,14.78,11.94,92000,0.0,0
2013-06-10,14.8,14.91,14.69,14.87,12.01,66500,0.0,0
2013-06-11,14.73,14.86,14.68,14.72,11.89,49400,0.0,0
2013-06-12,14.77,14.92,14.52,14.64,11.83,72500,0.0,0
2013-06-13,14.69,14.94,14.55,14.93,12.06,54500,0.0,0
2013-06-14,14.94,14.94,14.52,14.56,11.76,97000,0.0,0
2013-06-17,14.69,14.7,14.52,14.59,11.79,46600,0.0,0
2013-06-18,14.65,14.82,14.51,14.74,11.91,55200,0.0,0
2013-06-19,14.71,14.71,14.54,14.58,11.78,29600,0.0,0
2013-06-20,14.37,14.69,14.35,14.56,11.76,70700,0.0,0
2013-06-21,14.61,14.82,14.5,14.7,11.87,337400,0.0,0
2013-06-24,14.58,14.82,14.57,14.65,11.83,82100,0.0,0
2013-06-25,14.8,14.95,14.63,14.88,12.02,104600,0.0,0
2013-06-26,15.02,15.42,14.89,15.11,12.21,84300,0.0,0
2013-06-27,15.15,15.5,15.15,15.4,12.44,110600,0.0,0
2013-06-28,15.33,15.63,15.16,15.32,12.37,202500,0.0,0
2013-07-01,15.34,15.85,15.31,15.67,12.66,104600,0.0,0
2013-07-02,15.71,15.89,15.4,15.8,12.76,90100,0.0,0
2013-07-03,15.75,15.96,15.67,15.89,12.84,31200,0.0,0
2013-07-05,16.02,16.37,15.6,16.37,13.22,102000,0.0,0
2013-07-08,16.37,16.63,16.25,16.41,13.26,84100,0.0,0
2013-07-09,16.46,16.76,15.78,16.75,13.53,123300,0.0,0
2013-07-10,16.76,16.84,16.42,16.75,13.53,197300,0.0,0
2013-07-11,16.85,16.85,16.66,16.76,13.54,93400,0.0,0
2013-07-12,16.71,17.03,16.47,16.95,13.69,91500,0.0,0
2013-07-15,16.94,17.23,16.66,17.2,13.89,78500,0.0,0
2013-07-16,17.17,17.3,17.06,17.13,13.84,81700,0.0,0
2013-07-17,17.19,17.28,17.09,17.19,13.89,61400,0.0,0
2013-07-18,17.19,17.51,16.95,17.51,14.14,80900,0.0,0
2013-07-19,17.45,17.77,17.41,17.67,14.27,86900,0.0,0
2013-07-22,17.56,17.86,17.35,17.77,14.35,87100,0.0,0
2013-07-23,17.83,17.91,17.52,17.64,14.25,91400,0.0,0
2013-07-24,17.7,17.89,17.53,17.58,14.2,81800,0.0,0
2013-07-25,17.55,17.88,17.5,17.74,14.33,85600,0.0,0
2013-07-26,17.9,17.92,17.5,17.9,14.46,92500,0.0,0
2013-07-29,17.91,17.91,17.66,17.85,14.42,104600,0.0,0
2013-07-30,17.25,17.6,17.17,17.5,14.14,283000,0.0,0
2013-07-31,17.5,17.68,17.5,17.55,14.18,179300,0.0,0
2013-08-01,17.64,17.8,17.56,17.78,14.36,177700,0.0,0
2013-08-02,17.75,17.81,17.6,17.75,14.45,147400,0.14,0
2013-08-05,17.73,17.8,17.47,17.6,14.33,152200,0.0,0
2013-08-06,17.55,17.57,17.31,17.49,14.24,91700,0.0,0
2013-08-07,17.44,17.54,17.39,17.46,14.22,48600,0.0,0
2013-08-08,17.52,17.53,17.26,17.3,14.09,53600,0.0,0
2013-08-09,17.3,17.35,17.17,17.27,14.06,63300,0.0,0
2013-08-12,17.17,17.3,17.17,17.3,14.09,74300,0.0,0
2013-08-13,17.4,17.4,16.78,17.16,13.97,88500,0.0,0
2013-08-14,17.12,17.32,17.01,17.05,13.88,98200,0.0,0
2013-08-15,16.86,16.97,16.67,16.79,13.67,165500,0.0,0
2013-08-16,16.71,16.89,16.62,16.75,13.64,115200,0.0,0
2013-08-19,16.73,16.73,16.52,16.53,13.46,68100,0.0,0
2013-08-20,16.51,16.91,16.4,16.76,13.65,95500,0.0,0
2013-08-21,16.68,16.75,16.41,16.52,13.45,86100,0.0,0
2013-08-22,16.55,16.94,16.55,16.7,13.6,60000,0.0,0
2013-08-23,16.69,16.8,16.39,16.76,13.65,134500,0.0,0
2013-08-26,16.75,16.75,16.49,16.51,13.44,163300,0.0,0
2013-08-27,16.35,16.46,16.02,16.06,13.08,262500,0.0,0
2013-08-28,16.09,16.2,15.97,16.09,13.1,84300,0.0,0
2013-08-29,16.03,16.2,16.02,16.14,13.14,75100,0.0,0
2013-08-30,16.14,16.16,15.88,15.92,12.96,160400,0.0,0
2013-09-03,16.07,16.22,15.89,16.1,13.11,192000,0.0,0
2013-09-04,16.07,16.28,16.04,16.13,13.13,115600,0.0,0
2013-09-05,16.19,16.47,16.15,16.42,13.37,138300,0.0,0
2013-09-06,16.49,16.49,16.08,16.25,13.23,308700,0.0,0
2013-09-09,16.34,16.49,16.25,16.46,13.4,118300,0.0,0
2013-09-10,16.52,16.53,16.36,16.5,13.43,100800,0.0,0
2013-09-11,16.46,16.48,16.35,16.37,13.33,95000,0.0,0
2013-09-12,16.4,16.45,16.14,16.15,13.15,100600,0.0,0
2013-09-13,16.23,16.47,16.15,16.46,13.4,78700,0.0,0
2013-09-16,16.65,16.67,16.45,16.56,13.48,106300,0.0,0
2013-09-17,16.54,16.74,16.38,16.73,13.62,67300,0.0,0
2013-09-18,16.7,16.95,16.54,16.73,13.62,84000,0.0,0
2013-09-19,16.73,16.73,16.42,16.57,13.49,77100,0.0,0
2013-09-20,16.58,16.88,16.58,16.77,13.65,211300,0.0,0
2013-09-23,16.71,16.76,16.48,16.52,13.45,138200,0.0,0
2013-09-24,16.5,16.75,16.5,16.66,13.56,120800,0.0,0
2013-09-25,16.73,16.95,15.71,16.55,13.47,115400,0.0,0
2013-09-26,16.63,16.64,16.4,16.5,13.43,62100,0.0,0
2013-09-27,16.38,16.59,16.08,16.41,13.36,54400,0.0,0
2013-09-30,16.26,16.72,16.08,16.65,13.56,132500,0.0,0
2013-10-01,16.6,16.86,16.51,16.83,13.7,71300,0.0,0
2013-10-02,16.72,16.8,16.55,16.56,13.48,185600,0.0,0
2013-10-03,16.56,16.58,16.42,16.44,13.38,99500,0.0,0
2013-10-04,16.39,16.41,16.37,16.38,13.34,85700,0.0,0
2013-10-07,16.25,16.31,16.14,16.15,13.15,90600,0.0,0
2013-10-08,16.11,16.21,16.03,16.09,13.1,79100,0.0,0
2013-10-09,16.11,16.31,16.09,16.16,13.16,154200,0.0,0
2013-10-10,16.33,16.5,16.32,16.45,13.39,123700,0.0,0
2013-10-11,16.41,16.74,16.34,16.67,13.57,151900,0.0,0
2013-10-14,16.63,16.89,16.6,16.83,13.7,66600,0.0,0
2013-10-15,16.82,16.91,16.78,16.81,13.69,61200,0.0,0
2013-10-16,16.89,17.18,16.78,16.97,13.82,113000,0.0,0
2013-10-17,16.97,17.12,16.76,17.09,13.91,111100,0.0,0
2013-10-18,17.25,17.43,16.9,17.3,14.09,167700,0.0,0
2013-10-21,17.34,17.35,17.14,17.14,13.95,132000,0.0,0
2013-10-22,17.22,17.36,16.94,16.99,13.83,131100,0.0,0
2013-10-23,16.93,17.11,16.93,16.99,13.83,95200,0.0,0
2013-10-24,16.99,17.33,16.95,17.01,13.85,114400,0.0,0
2013-10-25,17.07,17.13,16.9,17.12,13.94,123100,0.0,0
2013-10-28,16.91,17.0,16.06,16.6,13.52,209500,0.0,0
2013-10-29,16.59,16.73,16.08,16.36,13.32,163500,0.0,0
2013-10-30,16.34,16.64,16.11,16.51,13.44,120300,0.0,0
2013-10-31,16.47,16.51,16.32,16.38,13.34,130900,0.0,0
2013-11-01,16.33,16.42,16.09,16.16,13.16,172300,0.0,0
2013-11-04,16.24,16.4,16.05,16.34,13.3,109100,0.0,0
2013-11-05,16.22,16.4,16.16,16.31,13.28,54200,0.0,0
2013-11-06,16.36,16.4,16.28,16.39,13.34,77600,0.0,0
2013-11-07,16.27,16.32,16.12,16.15,13.26,78300,0.14,0
2013-11-08,16.13,16.68,16.13,16.6,13.63,90800,0.0,0
2013-11-11,16.53,16.6,16.29,16.38,13.45,127900,0.0,0
2013-11-12,16.29,16.42,16.14,16.34,13.42,65100,0.0,0
2013-11-13,16.27,16.39,16.17,16.35,13.43,132400,0.0,0
2013-11-14,16.31,16.41,16.15,16.28,13.37,56300,0.0,0
2013-11-15,16.25,16.28,15.9,16.25,13.34,102400,0.0,0
2013-11-18,16.33,16.48,16.09,16.24,13.34,64100,0.0,0
2013-11-19,16.3,16.38,16.06,16.24,13.34,122300,0.0,0
2013-11-20,16.32,16.37,16.09,16.26,13.35,205900,0.0,0
2013-11-21,16.29,16.56,16.22,16.49,13.54,126400,0.0,0
2013-11-22,16.45,16.56,16.22,16.49,13.54,184200,0.0,0
2013-11-25,16.52,16.82,16.21,16.72,13.73,157400,0.0,0
2013-11-26,16.73,16.87,16.51,16.55,13.59,225600,0.0,0
2013-11-27,16.58,16.81,16.53,16.78,13.78,168000,0.0,0
2013-11-29,16.86,17.03,16.77,16.82,13.81,60800,0.0,0
2013-12-02,16.82,16.82,16.54,16.55,13.59,111100,0.0,0
2013-12-03,16.48,16.67,16.28,16.38,13.45,56600,0.0,0
2013-12-04,16.36,16.45,16.1,16.24,13.34,107300,0.0,0
2013-12-05,16.25,16.38,16.14,16.37,13.44,66100,0.0,0
2013-12-06,16.55,16.75,16.4,16.62,13.65,88800,0.0,0
2013-12-09,16.67,16.67,16.3,16.47,13.52,133400,0.0,0
2013-12-10,16.45,16.52,16.17,16.24,13.34,110400,0.0,0
2013-12-11,16.29,16.38,16.08,16.24,13.34,104600,0.0,0
2013-12-12,16.22,16.4,16.16,16.28,13.37,64000,0.0,0
2013-12-13,16.35,16.51,16.14,16.22,13.32,97100,0.0,0
2013-12-16,16.25,16.67,16.24,16.53,13.57,139000,0.0,0
2013-12-17,16.55,16.55,16.26,16.48,13.53,84400,0.0,0
2013-12-18,16.46,16.75,16.27,16.72,13.73,85500,0.0,0
2013-12-19,16.72,16.75,16.57,16.62,13.65,52200,0.0,0
2013-12-20,16.7,16.93,16.67,16.8,13.8,396800,0.0,0
2013-12-23,16.91,17.1,16.8,17.06,14.01,115800,0.0,0
2013-12-24,17.1,17.13,16.93,17.08,14.03,56800,0.0,0
2013-12-26,17.1,17.15,16.99,16.99,13.95,67500,0.0,0
2013-12-27,17.07,17.09,16.83,17.07,14.02,56700,0.0,0
2013-12-30,17.03,17.03,16.92,16.94,13.91,40000,0.0,0
2013-12-31,16.96,17.01,16.85,16.92,13.89,76300,0.0,0
2014-01-02,16.86,16.87,16.62,16.68,13.7,58400,0.0,0
2014-01-03,16.69,16.82,16.64,16.7,13.71,82100,0.0,0
2014-01-06,16.78,16.85,16.62,16.75,13.75,113000,0.0,0
2014-01-07,16.85,16.92,16.72,16.84,13.83,71700,0.0,0
2014-01-08,16.8,16.84,16.64,16.72,13.73,135000,0.0,0
2014-01-09,16.73,16.74,16.53,16.57,13.61,195600,0.0,0
2014-01-10,16.61,16.89,16.55,16.88,13.86,153000,0.0,0
2014-01-13,16.87,16.92,16.72,16.9,13.88,133600,0.0,0
2014-01-14,16.91,17.0,16.81,16.91,13.89,99800,0.0,0
2014-01-15,16.97,17.29,16.92,17.15,14.08,313800,0.0,0
2014-01-16,17.13,17.13,16.84,16.88,13.86,97700,0.0,0
2014-01-17,16.91,16.99,16.76,16.89,13.87,86700,0.0,0
2014-01-21,16.98,17.25,16.98,17.19,14.12,73700,0.0,0
2014-01-22,17.19,17.27,17.12,17.25,14.17,42000,0.0,0
2014-01-23,17.25,17.34,17.04,17.15,14.08,148600,0.0,0
2014-01-24,17.08,17.14,16.8,16.92,13.89,116300,0.0,0
2014-01-27,16.91,17.04,16.6,16.63,13.66,105600,0.0,0
2014-01-28,16.66,16.88,16.52,16.81,13.8,152300,0.0,0
2014-01-29,16.69,17.45,16.51,16.57,13.61,109100,0.0,0
2014-01-30,16.65,16.9,16.37,16.72,13.73,121500,0.0,0
2014-01-31,16.5,16.65,16.26,16.34,13.42,180000,0.0,0
2014-02-03,16.28,16.43,15.82,16.0,13.14,242400,0.0,0
2014-02-04,15.98,16.04,15.79,15.88,13.16,125100,0.14,0
2014-02-05,15.83,15.85,15.59,15.62,12.94,120500,0.0,0
2014-02-06,15.63,15.63,15.43,15.51,12.85,151400,0.0,0
2014-02-07,15.54,15.72,15.46,15.67,12.98,194200,0.0,0
2014-02-10,15.63,15.92,15.46,15.65,12.96,96000,0.0,0
2014-02-11,15.69,15.93,15.63,15.86,13.14,67700,0.0,0
2014-02-12,15.83,16.04,15.75,15.88,13.16,145500,0.0,0
2014-02-13,15.8,16.04,15.69,16.03,13.28,45900,0.0,0
2014-02-14,16.04,16.18,15.87,16.14,13.37,56800,0.0,0
2014-02-18,16.17,16.36,16.05,16.3,13.5,162900,0.0,0
2014-02-19,16.32,16.34,15.81,15.86,13.14,107800,0.0,0
2014-02-20,15.97,16.15,15.73,15.96,13.22,148100,0.0,0
2014-02-21,16.05,16.21,15.95,16.11,13.35,176300,0.0,0
2014-02-24,16.08,16.53,16.08,16.38,13.57,174900,0.0,0
2014-02-25,16.39,16.47,16.22,16.36,13.55,89600,0.0,0
2014-02-26,16.41,16.69,16.4,16.53,13.69,87600,0.0,0
2014-02-27,16.5,16.63,16.33,16.59,13.74,80500,0.0,0
2014-02-28,16.65,16.87,16.41,16.8,13.92,218600,0.0,0
2014-03-03,16.65,16.78,16.2,16.59,13.74,78300,0.0,0
2014-03-04,16.83,17.28,16.31,17.16,14.22,214500,0.0,0
2014-03-05,17.1,17.38,16.77,17.11,14.17,140100,0.0,0
2014-03-06,17.12,17.24,16.95,17.15,14.21,116900,0.0,0
2014-03-07,17.26,17.33,16.97,17.26,14.3,121800,0.0,0
2014-03-10,17.25,17.36,17.09,17.31,14.34,87600,0.0,0
2014-03-11,17.35,17.35,17.0,17.15,14.21,63100,0.0,0
2014-03-12,17.08,17.29,16.91,17.19,14.24,96300,0.0,0
2014-03-13,17.26,17.29,16.91,17.03,14.11,101800,0.0,0
2014-03-14,17.03,17.2,16.88,17.14,14.2,60800,0.0,0
2014-03-17,17.21,17.4,17.07,17.32,14.35,81100,0.0,0
2014-03-18,17.4,17.61,17.35,17.56,14.55,88000,0.0,0
2014-03-19,17.56,17.7,17.3,17.54,14.53,53400,0.0,0
2014-03-20,17.51,17.87,17.51,17.67,14.64,111000,0.0,0
2014-03-21,17.76,18.23,17.26,17.48,14.48,353800,0.0,0
2014-03-24,17.56,17.71,17.32,17.36,14.38,82000,0.0,0
2014-03-25,17.49,17.55,17.22,17.28,14.32,91900,0.0,0
2014-03-26,17.38,17.41,16.93,16.93,14.03,99200,0.0,0
2014-03-27,16.99,17.09,16.59,16.69,13.83,158900,0.0,0
2014-03-28,16.67,17.06,16.52,16.71,13.84,86900,0.0,0
2014-03-31,16.85,17.08,16.69,16.98,14.07,168700,0.0,0
2014-04-01,17.09,17.53,16.73,17.47,14.47,151600,0.0,0
2014-04-02,17.45,17.5,17.22,17.48,14.48,133900,0.0,0
2014-04-03,17.52,17.52,17.22,17.33,14.36,108800,0.0,0
2014-04-04,17.49,17.49,16.85,16.96,14.05,106300,0.0,0
2014-04-07,16.97,17.12,16.65,16.85,13.96,151600,0.0,0
2014-04-08,16.81,17.13,16.81,16.95,14.04,94400,0.0,0
2014-04-09,17.02,17.02,16.84,16.95,14.04,74900,0.0,0
2014-04-10,16.88,16.88,16.52,16.52,13.69,92400,0.0,0
2014-04-11,16.49,16.62,16.34,16.51,13.68,145700,0.0,0
2014-04-14,16.68,16.82,16.44,16.59,13.74,91800,0.0,0
2014-04-15,16.62,16.65,16.33,16.53,13.69,101800,0.0,0
2014-04-16,16.69,16.69,16.46,16.59,13.74,57900,0.0,0
2014-04-17,16.51,16.71,16.5,16.68,13.82,65900,0.0,0
2014-04-21,16.64,16.68,16.47,16.53,13.69,45700,0.0,0
2014-04-22,16.55,16.78,16.5,16.72,13.85,61800,0.0,0
2014-04-23,16.72,16.81,16.63,16.71,13.84,104700,0.0,0
2014-04-24,16.79,16.82,16.41,16.48,13.65,88500,0.0,0
2014-04-25,16.38,16.5,16.15,16.28,13.49,210100,0.0,0
2014-04-28,16.29,16.44,16.04,16.18,13.4,186800,0.0,0
2014-04-29,16.23,16.44,16.13,16.21,13.43,213600,0.0,0
2014-04-30,16.11,16.5,15.99,16.3,13.5,172300,0.0,0
2014-05-01,16.3,16.3,15.9,16.03,13.28,346900,0.0,0
2014-05-02,15.87,16.15,15.78,15.91,13.3,129000,0.14,0
2014-05-05,15.73,15.85,15.57,15.77,13.18,137500,0.0,0
2014-05-06,15.67,15.92,15.57,15.63,13.06,213200,0.0,0
2014-05-07,15.67,15.71,15.53,15.62,13.05,131100,0.0,0
2014-05-08,15.56,15.81,15.45,15.5,12.95,90600,0.0,0
2014-05-09,15.39,15.82,15.35,15.8,13.2,97600,0.0,0
2014-05-12,15.85,16.08,15.74,16.04,13.41,164200,0.0,0
2014-05-13,16.05,16.05,15.7,15.74,13.15,124300,0.0,0
2014-05-14,15.71,15.71,15.24,15.27,12.76,355500,0.0,0
2014-05-15,15.14,15.17,14.77,15.0,12.54,215200,0.0,0
2014-05-16,14.96,15.07,14.9,15.03,12.56,191300,0.0,0
2014-05-19,15.05,15.31,15.03,15.18,12.69,220400,0.0,0
2014-05-20,15.21,15.21,14.99,15.05,12.58,214700,0.0,0
2014-05-21,15.05,15.2,14.92,15.05,12.58,338400,0.0,0
2014-05-22,15.15,15.15,15.01,15.03,12.56,206400,0.0,0
2014-05-23,15.0,15.08,14.98,15.05,12.58,189900,0.0,0
2014-05-27,15.13,15.25,14.95,15.09,12.61,289100,0.0,0
2014-05-28,15.11,15.25,15.0,15.19,12.69,112600,0.0,0
2014-05-29,15.3,15.32,15.16,15.28,12.77,66400,0.0,0
2014-05-30,15.33,15.42,15.1,15.12,12.64,135400,0.0,0
2014-06-02,15.15,15.3,14.89,15.07,12.59,93400,0.0,0
2014-06-03,15.03,15.15,14.85,14.96,12.5,133000,0.0,0
2014-06-04,14.93,15.09,14.91,15.06,12.59,79400,0.0,0
2014-06-05,15.06,15.51,14.99,15.46,12.92,92600,0.0,0
2014-06-06,15.51,15.71,15.49,15.66,13.09,131600,0.0,0
2014-06-09,15.64,15.76,15.38,15.72,13.14,113500,0.0,0
2014-06-10,15.59,15.7,15.51,15.54,12.99,45300,0.0,0
2014-06-11,15.44,15.48,15.23,15.42,12.89,116800,0.0,0
2014-06-12,15.42,15.5,15.26,15.3,12.79,71300,0.0,0
2014-06-13,15.39,15.49,15.29,15.4,12.87,102200,0.0,0
2014-06-16,15.37,15.43,15.25,15.35,12.83,72800,0.0,0
2014-06-17,15.3,15.66,15.3,15.51,12.96,100000,0.0,0
2014-06-18,15.55,15.55,15.3,15.48,12.94,73400,0.0,0
2014-06-19,15.5,15.5,15.29,15.32,12.8,42000,0.0,0
2014-06-20,15.41,15.66,15.31,15.63,13.06,365100,0.0,0
2014-06-23,15.65,15.76,15.57,15.71,13.13,154200,0.0,0
2014-06-24,15.7,16.01,15.69,15.69,13.11,207300,0.0,0
2014-06-25,15.66,15.77,15.6,15.75,13.16,71000,0.0,0
2014-06-26,15.74,15.87,15.61,15.75,13.16,58700,0.0,0
2014-06-27,15.65,16.05,15.65,15.98,13.35,298900,0.0,0
2014-06-30,15.99,15.99,15.73,15.79,13.2,120800,0.0,0
2014-07-01,15.8,16.22,15.8,15.88,13.27,235100,0.0,0
2014-07-02,15.84,15.9,15.65,15.7,13.12,119200,0.0,0
2014-07-03,15.73,15.96,15.73,15.89,13.28,42300,0.0,0
2014-07-07,15.87,15.87,15.72,15.81,13.21,86900,0.0,0
2014-07-08,15.8,15.8,15.61,15.68,13.1,112100,0.0,0
2014-07-09,15.75,15.79,15.51,15.54,12.99,77100,0.0,0
2014-07-10,15.36,15.7,15.3,15.55,13.0,243400,0.0,0
2014-07-11,15.49,15.6,15.46,15.56,13.0,149100,0.0,0
2014-07-14,15.63,15.8,15.58,15.66,13.09,130900,0.0,0
2014-07-15,15.58,15.79,15.57,15.64,13.07,173500,0.0,0
2014-07-16,15.75,15.75,15.41,15.6,13.04,152900,0.0,0
2014-07-17,15.5,15.52,15.19,15.21,12.71,109900,0.0,0
2014-07-18,15.17,15.41,15.16,15.36,12.84,113100,0.0,0
2014-07-21,15.23,15.4,15.15,15.25,12.74,56800,0.0,0
2014-07-22,15.4,15.41,15.18,15.25,12.74,72900,0.0,0
2014-07-23,15.25,15.41,15.25,15.36,12.84,80100,0.0,0
2014-07-24,15.45,15.58,15.2,15.49,12.95,142800,0.0,0
2014-07-25,15.31,15.78,15.31,15.42,12.89,134900,0.0,0
2014-07-28,15.45,15.55,15.33,15.36,12.84,154500,0.0,0
2014-07-29,15.41,15.52,15.33,15.37,12.85,60800,0.0,0
2014-07-30,15.47,15.67,15.37,15.45,12.91,96700,0.0,0
2014-07-31,15.35,15.52,15.12,15.12,12.64,118900,0.0,0
2014-08-01,15.18,15.25,14.95,15.01,12.54,123200,0.0,0
2014-08-04,14.94,15.05,14.81,14.97,12.63,176700,0.14,0
2014-08-05,14.92,15.07,14.88,14.99,12.65,78700,0.0,0
2014-08-06,14.92,15.2,14.92,15.09,12.73,83900,0.0,0
2014-08-07,15.14,15.2,14.93,14.97,12.63,71300,0.0,0
2014-08-08,14.96,15.16,14.93,15.03,12.68,171300,0.0,0
2014-08-11,15.1,15.2,15.05,15.11,12.75,73100,0.0,0
2014-08-12,15.02,15.25,14.95,15.05,12.7,64800,0.0,0
2014-08-13,15.14,15.21,15.02,15.13,12.76,58000,0.0,0
2014-08-14,15.15,15.15,15.03,15.06,12.7,54600,0.0,0
2014-08-15,15.21,15.23,14.81,14.98,12.64,145300,0.0,0
2014-08-18,15.08,15.19,15.03,15.12,12.76,96300,0.0,0
2014-08-19,15.15,15.29,15.15,15.28,12.89,137400,0.0,0
2014-08-20,15.26,15.35,15.18,15.25,12.86,110300,0.0,0
2014-08-21,15.23,15.45,15.12,15.38,12.97,155100,0.0,0
2014-08-22,15.4,15.45,15.29,15.34,12.94,74000,0.0,0
2014-08-25,15.41,15.42,15.19,15.37,12.97,119400,0.0,0
2014-08-26,15.44,15.61,15.39,15.54,13.11,131400,0.0,0
2014-08-27,15.57,15.57,15.43,15.47,13.05,59700,0.0,0
2014-08-28,15.42,15.46,15.3,15.36,12.96,65700,0.0,0
2014-08-29,15.38,15.54,15.29,15.44,13.03,57400,0.0,0
2014-09-02,15.52,15.67,15.29,15.61,13.17,67300,0.0,0
2014-09-03,15.71,15.71,15.37,15.43,13.02,70900,0.0,0
2014-09-04,15.51,15.58,15.3,15.32,12.92,36300,0.0,0
2014-09-05,15.24,15.37,15.2,15.35,12.95,52000,0.0,0
2014-09-08,15.37,15.42,15.23,15.4,12.99,36400,0.0,0
2014-09-09,15.33,15.38,15.09,15.15,12.78,92800,0.0,0
2014-09-10,15.13,15.32,15.01,15.3,12.91,63600,0.0,0
2014-09-11,15.19,15.46,15.19,15.45,13.03,70800,0.0,0
2014-09-12,15.5,15.54,15.19,15.34,12.94,77900,0.0,0
2014-09-15,15.4,15.4,15.19,15.23,12.85,64900,0.0,0
2014-09-16,15.24,15.33,15.09,15.1,12.74,74000,0.0,0
2014-09-17,15.1,15.21,15.04,15.09,12.73,126800,0.0,0
2014-09-18,15.11,15.18,15.03,15.04,12.69,172300,0.0,0
2014-09-19,15.05,15.19,14.86,14.93,12.59,256700,0.0,0
2014-09-22,14.87,14.88,14.77,14.81,12.49,93700,0.0,0
2014-09-23,14.81,14.83,14.56,14.59,12.31,93400,0.0,0
2014-09-24,14.66,14.66,14.41,14.6,12.32,229700,0.0,0
2014-09-25,14.55,14.68,14.47,14.53,12.26,213600,0.0,0
2014-09-26,14.54,14.66,14.23,14.43,12.17,82300,0.0,0
2014-09-29,14.3,14.51,14.29,14.34,12.1,100100,0.0,0
2014-09-30,14.4,14.6,14.3,14.4,12.15,227800,0.0,0
2014-10-01,14.37,14.5,14.25,14.25,12.02,111700,0.0,0
2014-10-02,14.3,14.45,14.3,14.39,12.14,85100,0.0,0
2014-10-03,14.52,14.56,14.36,14.37,12.12,68000,0.0,0
2014-10-06,14.36,14.4,14.21,14.22,12.0,68200,0.0,0
2014-10-07,14.2,14.2,14.03,14.05,11.85,89500,0.0,0
2014-10-08,14.05,14.48,14.02,14.46,12.2,154200,0.0,0
2014-10-09,14.45,14.53,14.1,14.17,11.95,165500,0.0,0
2014-10-10,14.09,14.5,14.09,14.25,12.02,91400,0.0,0
2014-10-13,14.27,14.75,14.21,14.57,12.29,98100,0.0,0
2014-10-14,14.71,14.94,14.62,14.7,12.4,110100,0.0,0
2014-10-15,14.59,14.6,14.06,14.44,12.18,183200,0.0,0
2014-10-16,14.35,14.71,14.23,14.61,12.32,99000,0.0,0
2014-10-17,14.8,14.81,14.3,14.31,12.07,90300,0.0,0
2014-10-20,14.3,14.51,14.25,14.51,12.24,117500,0.0,0
2014-10-21,14.61,14.97,14.59,14.63,12.34,60900,0.0,0
2014-10-22,14.4,14.78,14.4,14.5,12.23,77000,0.0,0
2014-10-23,14.66,14.86,14.54,14.63,12.34,94400,0.0,0
2014-10-24,14.87,15.5,14.74,15.03,12.68,141800,0.0,0
2014-10-27,15.03,15.25,14.96,15.1,12.74,132400,0.0,0
2014-10-28,15.2,15.37,15.05,15.34,12.94,172000,0.0,0
2014-10-29,15.38,15.5,15.26,15.36,12.96,198100,0.0,0
2014-10-30,15.34,15.55,15.08,15.51,13.08,179800,0.0,0
2014-10-31,15.7,15.85,15.43,15.75,13.29,261000,0.0,0
2014-11-03,15.72,15.79,15.52,15.58,13.14,166700,0.0,0
2014-11-04,15.45,15.6,15.2,15.44,13.14,119500,0.14,0
2014-11-05,15.58,15.6,15.29,15.37,13.08,133600,0.0,0
2014-11-06,15.35,15.6,15.32,15.48,13.18,164400,0.0,0
2014-11-07,15.45,15.52,15.3,15.44,13.14,155500,0.0,0
2014-11-10,15.45,15.51,15.35,15.47,13.17,114500,0.0,0
2014-11-11,15.45,15.59,15.41,15.57,13.25,185600,0.0,0
2014-11-12,15.48,15.91,15.48,15.88,13.52,109800,0.0,0
2014-11-13,15.95,15.95,15.65,15.8,13.45,126600,0.0,0
2014-11-14,15.83,15.83,15.59,15.6,13.28,130400,0.0,0
2014-11-17,15.6,15.66,15.47,15.52,13.21,79600,0.0,0
2014-11-18,15.47,15.59,15.42,15.43,13.13,138100,0.0,0
2014-11-19,15.43,15.43,15.1,15.21,12.95,79600,0.0,0
2014-11-20,15.13,15.39,15.06,15.38,13.09,83200,0.0,0
2014-11-21,15.53,15.63,15.14,15.19,12.93,135600,0.0,0
2014-11-24,15.18,15.45,15.08,15.4,13.11,173200,0.0,0
2014-11-25,15.46,15.59,15.3,15.4,13.11,108900,0.0,0
2014-11-26,15.45,15.46,15.29,15.4,13.11,95100,0.0,0
2014-11-28,15.44,15.45,15.12,15.15,12.9,44600,0.0,0
2014-12-01,15.21,15.21,14.95,14.98,12.75,117800,0.0,0
2014-12-02,14.98,15.28,14.98,15.1,12.85,116100,0.0,0
2014-12-03,15.17,15.36,15.0,15.2,12.94,115100,0.0,0
2014-12-04,15.16,15.47,15.06,15.28,13.01,145000,0.0,0
2014-12-05,15.3,15.69,15.26,15.39,13.1,177500,0.0,0
2014-12-08,15.36,15.64,15.25,15.34,13.06,94200,0.0,0
2014-12-09,15.18,15.69,15.18,15.68,13.35,170700,0.0,0
2014-12-10,15.64,15.71,15.42,15.44,13.14,231600,0.0,0
2014-12-11,15.5,15.77,15.5,15.54,13.23,118600,0.0,0
2014-12-12,15.38,15.6,15.38,15.45,13.15,166300,0.0,0
2014-12-15,15.51,15.74,15.44,15.44,13.14,187900,0.0,0
2014-12-16,15.38,15.97,15.33,15.56,13.25,317200,0.0,0
2014-12-17,15.61,16.0,15.51,15.9,13.53,150500,0.0,0
2014-12-18,16.01,16.04,15.83,15.99,13.61,143000,0.0,0
2014-12-19,15.95,16.07,15.8,15.98,13.6,376300,0.0,0
2014-12-22,15.9,16.14,15.9,16.02,13.64,148900,0.0,0
2014-12-23,16.0,16.17,15.92,16.1,13.71,173800,0.0,0
2014-12-24,16.11,16.23,15.99,16.09,13.7,42000,0.0,0
2014-12-26,16.18,16.32,16.13,16.2,13.79,63100,0.0,0
2014-12-29,16.24,16.5,16.23,16.34,13.91,225100,0.0,0
2014-12-30,16.33,16.55,16.3,16.55,14.09,120100,0.0,0
2014-12-31,16.58,16.63,16.27,16.28,13.86,130800,0.0,0
2015-01-02,16.38,16.49,15.86,16.02,13.64,76800,0.0,0
2015-01-05,15.98,16.11,15.81,15.88,13.52,149400,0.0,0
2015-01-06,15.95,15.95,15.5,15.57,13.25,110700,0.0,0
2015-01-07,15.74,15.74,15.45,15.63,13.3,92900,0.0,0
2015-01-08,15.77,15.85,15.57,15.75,13.41,133700,0.0,0
2015-01-09,15.71,15.71,15.4,15.45,13.15,92200,0.0,0
2015-01-12,15.48,15.5,15.29,15.41,13.12,92900,0.0,0
2015-01-13,15.45,15.79,15.27,15.46,13.16,140700,0.0,0
2015-01-14,15.32,15.38,15.08,15.24,12.97,138200,0.0,0
2015-01-15,15.25,15.37,15.08,15.19,12.93,174100,0.0,0
2015-01-16,15.14,15.49,15.09,15.29,13.02,135400,0.0,0
2015-01-20,15.35,15.49,14.98,15.05,12.81,236000,0.0,0
2015-01-21,15.04,15.19,14.85,14.99,12.76,137600,0.0,0
2015-01-22,15.11,15.61,15.02,15.6,13.28,154300,0.0,0
2015-01-23,15.66,15.66,15.22,15.29,13.02,80900,0.0,0
2015-01-26,15.31,15.46,15.08,15.44,13.14,78800,0.0,0
2015-01-27,15.35,15.47,15.2,15.3,13.02,89300,0.0,0
2015-01-28,15.8,15.8,14.93,14.98,12.75,147500,0.0,0
2015-01-29,14.78,15.23,14.73,15.21,13.07,223300,0.14,0
2015-01-30,14.98,15.17,14.73,14.76,12.68,208000,0.0,0
2015-02-02,14.8,15.08,14.76,15.03,12.91,149600,0.0,0
2015-02-03,15.13,15.47,15.13,15.36,13.2,189000,0.0,0
2015-02-04,15.32,15.57,15.29,15.33,13.17,122900,0.0,0
2015-02-05,15.42,15.6,15.38,15.47,13.29,189100,0.0,0
2015-02-06,15.54,15.76,15.54,15.7,13.49,172400,0.0,0
2015-02-09,15.66,15.72,15.44,15.46,13.28,88400,0.0,0
2015-02-10,15.63,15.65,15.29,15.61,13.41,164400,0.0,0
2015-02-11,15.59,15.64,15.42,15.52,13.34,203500,0.0,0
2015-02-12,15.63,15.82,15.61,15.76,13.54,117900,0.0,0
2015-02-13,15.76,15.83,15.59,15.63,13.43,179300,0.0,0
2015-02-17,15.63,15.7,15.53,15.68,13.47,85300,0.0,0
2015-02-18,15.61,15.68,15.48,15.57,13.38,105500,0.0,0
2015-02-19,15.55,15.74,15.42,15.66,13.46,77500,0.0,0
2015-02-20,15.67,15.75,15.39,15.7,13.49,131900,0.0,0
2015-02-23,15.7,15.77,15.45,15.77,13.55,78500,0.0,0
2015-02-24,15.74,16.0,15.49,15.8,13.58,236000,0.0,0
2015-02-25,15.8,15.87,15.7,15.75,13.53,103400,0.0,0
2015-02-26,15.69,15.79,15.59,15.7,13.49,136000,0.0,0
2015-02-27,15.65,15.78,15.5,15.56,13.37,197600,0.0,0
2015-03-02,15.55,15.7,15.44,15.6,13.4,116000,0.0,0
2015-03-03,15.63,15.63,15.44,15.49,13.31,90100,0.0,0
2015-03-04,15.46,15.5,15.31,15.39,13.22,107400,0.0,0
2015-03-05,15.45,15.48,15.2,15.48,13.3,149600,0.0,0
2015-03-06,15.4,15.78,15.27,15.48,13.3,103500,0.0,0
2015-03-09,15.53,15.68,15.41,15.49,13.31,101400,0.0,0
2015-03-10,15.39,15.39,15.16,15.21,13.07,95700,0.0,0
2015-03-11,15.27,15.41,15.17,15.38,13.22,78700,0.0,0
2015-03-12,15.5,15.79,15.41,15.74,13.53,98500,0.0,0
2015-03-13,15.77,15.8,15.4,15.73,13.52,82200,0.0,0
2015-03-16,15.77,15.87,15.64,15.73,13.52,78800,0.0,0
2015-03-17,15.65,15.86,15.55,15.83,13.6,136000,0.0,0
2015-03-18,15.79,15.97,15.69,15.79,13.57,77100,0.0,0
2015-03-19,15.77,15.81,15.67,15.76,13.54,60900,0.0,0
2015-03-20,15.88,16.1,15.77,16.01,13.76,234600,0.0,0
2015-03-23,15.94,16.26,15.94,16.11,13.84,101700,0.0,0
2015-03-24,16.07,16.33,16.03,16.23,13.95,110600,0.0,0
2015-03-25,16.22,16.4,15.97,16.02,13.77,126800,0.0,0
2015-03-26,15.98,16.1,15.96,16.04,13.78,69000,0.0,0
2015-03-27,16.06,16.14,15.79,15.84,13.61,89300,0.0,0
2015-03-30,15.92,16.18,15.9,16.07,13.81,63200,0.0,0
2015-03-31,16.03,16.17,16.0,16.1,13.83,204200,0.0,0
2015-04-01,16.1,16.41,16.08,16.41,14.1,168600,0.0,0
2015-04-02,16.43,16.54,16.36,16.38,14.07,91300,0.0,0
2015-04-06,16.22,16.4,16.13,16.23,13.95,57100,0.0,0
2015-04-07,16.24,16.41,16.1,16.28,13.99,72300,0.0,0
2015-04-08,16.32,16.42,16.25,16.28,13.99,126700,0.0,0
2015-04-09,16.28,16.36,16.0,16.19,13.91,71200,0.0,0
2015-04-10,16.24,16.31,16.06,16.26,13.97,34900,0.0,0
2015-04-13,16.28,16.42,16.21,16.29,14.0,82100,0.0,0
2015-04-14,16.3,16.39,16.2,16.26,13.97,89100,0.0,0
2015-04-15,16.28,16.45,16.22,16.32,14.02,95000,0.0,0
2015-04-16,16.31,16.42,16.2,16.28,13.99,75800,0.0,0
2015-04-17,16.18,16.22,15.92,16.0,13.75,71900,0.0,0
2015-04-20,16.12,16.28,16.05,16.23,13.95,99400,0.0,0
2015-04-21,16.31,16.34,16.14,16.21,13.93,58400,0.0,0
2015-04-22,16.22,16.3,16.12,16.25,13.96,109000,0.0,0
2015-04-23,16.21,16.42,16.21,16.37,14.07,70700,0.0,0
2015-04-24,16.46,16.64,16.13,16.16,13.89,90200,0.0,0
2015-04-27,16.26,16.4,16.07,16.21,13.93,122500,0.0,0
2015-04-28,16.18,16.45,16.18,16.39,14.08,104100,0.0,0
2015-04-29,16.37,16.52,16.26,16.28,13.99,77700,0.0,0
2015-04-30,16.26,16.32,15.9,15.92,13.68,116000,0.0,0
2015-05-01,16.0,16.0,15.64,15.81,13.59,115700,0.0,0
2015-05-04,15.77,15.8,15.65,15.72,13.63,69000,0.14,0
2015-05-05,15.72,15.86,15.46,15.65,13.57,128600,0.0,0
2015-05-06,15.75,15.97,15.55,15.9,13.78,150700,0.0,0
2015-05-07,15.83,15.99,15.8,15.91,13.79,70800,0.0,0
2015-05-08,16.0,16.0,15.83,15.92,13.8,66800,0.0,0
2015-05-11,15.98,16.21,15.98,16.13,13.98,113600,0.0,0
2015-05-12,16.14,16.33,15.95,16.24,14.08,107700,0.0,0
2015-05-13,16.24,16.41,16.17,16.19,14.04,70500,0.0,0
2015-05-14,16.19,16.25,16.11,16.17,14.02,128900,0.0,0
2015-05-15,16.1,16.23,15.94,16.12,13.98,189400,0.0,0
2015-05-18,16.03,16.25,16.03,16.19,14.04,261900,0.0,0
2015-05-19,16.2,16.39,16.17,16.33,14.16,124200,0.0,0
2015-05-20,16.33,16.39,16.22,16.29,14.12,92800,0.0,0
2015-05-21,16.27,16.32,16.15,16.25,14.09,85300,0.0,0
2015-05-22,16.22,16.28,16.15,16.2,14.04,215400,0.0,0
2015-05-26,16.17,16.17,15.96,16.09,13.95,84700,0.0,0
2015-05-27,16.11,16.36,16.03,16.36,14.18,110400,0.0,0
2015-05-28,16.36,16.49,16.28,16.44,14.25,170200,0.0,0
2015-05-29,16.44,16.5,16.24,16.39,14.21,145000,0.0,0
2015-06-01,16.43,16.46,16.25,16.34,14.17,171500,0.0,0
2015-06-02,16.31,16.5,16.29,16.38,14.2,52900,0.0,0
2015-06-03,16.39,16.74,16.39,16.65,14.43,192700,0.0,0
2015-06-04,16.61,16.66,16.36,16.47,14.28,86500,0.0,0
2015-06-05,16.51,16.74,16.48,16.73,14.5,82600,0.0,0
2015-06-08,16.74,16.75,16.62,16.69,14.47,69200,0.0,0
2015-06-09,16.68,16.94,16.6,16.8,14.56,73200,0.0,0
2015-06-10,16.89,17.12,16.74,17.06,14.79,205500,0.0,0
2015-06-11,17.11,17.11,16.92,17.08,14.81,116400,0.0,0
2015-06-12,17.05,17.19,16.91,17.03,14.76,96500,0.0,0
2015-06-15,16.97,17.07,16.76,16.9,14.65,102600,0.0,0
2015-06-16,16.83,16.93,16.74,16.91,14.66,90300,0.0,0
2015-06-17,16.94,16.95,16.6,16.69,14.47,137400,0.0,0
2015-06-18,16.7,16.97,16.68,16.94,14.69,135400,0.0,0
2015-06-19,16.98,17.06,16.86,16.99,14.73,221600,0.0,0
2015-06-22,17.04,17.23,17.04,17.15,14.87,118000,0.0,0
2015-06-23,17.12,17.4,17.12,17.29,14.99,98300,0.0,0
2015-06-24,17.29,17.5,17.1,17.42,15.1,157000,0.0,0
2015-06-25,17.45,17.55,17.38,17.45,15.13,103100,0.0,0
2015-06-26,17.46,17.66,17.32,17.46,15.14,589800,0.0,0
2015-06-29,17.31,17.52,17.07,17.12,14.84,81300,0.0,0
2015-06-30,17.19,17.31,16.92,16.94,14.69,230200,0.0,0
2015-07-01,17.12,17.51,17.04,17.42,15.1,247000,0.0,0
2015-07-02,17.42,17.42,17.09,17.1,14.82,65000,0.0,0
2015-07-06,16.87,17.2,16.87,17.17,14.89,78000,0.0,0
2015-07-07,17.18,17.18,16.86,16.95,14.69,111500,0.0,0
2015-07-08,16.85,17.16,16.77,17.0,14.74,187500,0.0,0
2015-07-09,17.16,17.27,17.07,17.17,14.89,145800,0.0,0
2015-07-10,17.28,17.44,17.16,17.34,15.03,86300,0.0,0
2015-07-13,17.4,17.54,17.34,17.38,15.07,75100,0.0,0
2015-07-14,17.29,17.46,17.24,17.4,15.08,95600,0.0,0
2015-07-15,17.39,17.49,17.26,17.39,15.08,67000,0.0,0
2015-07-16,17.4,17.59,17.4,17.45,15.13,100500,0.0,0
2015-07-17,17.48,17.48,17.21,17.31,15.01,138600,0.0,0
2015-07-20,17.28,17.43,17.22,17.34,15.03,64100,0.0,0
2015-07-21,17.3,17.6,17.18,17.27,14.97,94600,0.0,0
2015-07-22,17.24,17.46,17.24,17.39,15.08,101600,0.0,0
2015-07-23,17.48,17.48,17.01,17.15,14.87,100600,0.0,0
2015-07-24,18.0,18.0,16.82,17.08,14.81,150600,0.0,0
2015-07-27,17.09,17.11,16.78,17.06,14.79,85600,0.0,0
2015-07-28,17.2,17.2,16.72,17.04,14.77,153700,0.0,0
2015-07-29,17.07,17.3,16.86,16.86,14.62,147300,0.0,0
2015-07-30,16.78,17.08,16.75,17.01,14.75,160300,0.0,0
2015-07-31,16.9,17.04,16.82,17.0,14.86,130500,0.14,0
2015-08-03,17.0,17.1,16.72,17.03,14.89,77500,0.0,0
2015-08-04,17.08,17.34,17.08,17.15,14.99,104500,0.0,0
2015-08-05,17.16,17.39,17.1,17.24,15.07,83200,0.0,0
2015-08-06,17.23,17.35,17.12,17.23,15.06,82300,0.0,0
2015-08-07,17.13,17.27,16.93,17.0,14.86,89100,0.0,0
2015-08-10,17.14,17.26,16.94,17.08,14.93,204800,0.0,0
2015-08-11,17.04,17.24,16.88,17.03,14.89,137300,0.0,0
2015-08-12,16.91,16.99,16.64,16.81,14.69,136500,0.0,0
2015-08-13,16.77,17.02,16.77,16.87,14.75,97000,0.0,0
2015-08-14,16.83,17.25,16.83,17.25,15.08,83200,0.0,0
2015-08-17,17.15,17.42,17.1,17.38,15.19,94800,0.0,0
2015-08-18,17.33,17.41,17.11,17.23,15.06,51200,0.0,0
2015-08-19,17.13,17.31,16.97,17.11,14.96,107000,0.0,0
2015-08-20,16.94,17.15,16.89,16.91,14.78,113600,0.0,0
2015-08-21,16.64,16.95,16.51,16.82,14.7,191200,0.0,0
2015-08-24,16.32,16.63,16.04,16.15,14.12,175200,0.0,0
2015-08-25,16.61,16.69,16.13,16.14,14.11,135600,0.0,0
2015-08-26,16.48,16.63,16.25,16.6,14.51,161600,0.0,0
2015-08-27,16.69,17.0,16.67,16.83,14.71,245600,0.0,0
2015-08-28,16.83,17.06,16.76,17.01,14.87,165500,0.0,0
2015-08-31,16.87,17.15,16.87,17.03,14.89,180200,0.0,0
2015-09-01,16.76,16.98,16.37,16.41,14.34,121000,0.0,0
2015-09-02,16.56,16.77,16.37,16.6,14.51,99200,0.0,0
2015-09-03,16.56,16.85,16.56,16.74,14.63,173200,0.0,0
2015-09-04,16.55,16.76,16.49,16.59,14.5,63600,0.0,0
2015-09-08,16.83,16.94,16.59,16.86,14.74,99300,0.0,0
2015-09-09,16.98,16.99,16.74,16.76,14.65,78000,0.0,0
2015-09-10,16.7,17.02,16.7,16.88,14.76,94400,0.0,0
2015-09-11,16.75,16.97,16.73,16.93,14.8,58900,0.0,0
2015-09-14,16.96,17.06,16.88,16.96,14.83,44700,0.0,0
2015-09-15,16.99,17.2,16.95,17.09,14.94,151300,0.0,0
2015-09-16,17.04,17.1,16.81,16.89,14.76,176900,0.0,0
2015-09-17,16.87,16.9,16.52,16.63,14.54,145800,0.0,0
2015-09-18,16.42,16.49,16.33,16.46,14.39,379200,0.0,0
2015-09-21,16.59,16.8,16.39,16.6,14.51,136600,0.0,0
2015-09-22,16.43,16.71,16.42,16.5,14.42,80600,0.0,0
2015-09-23,16.5,16.65,16.38,16.57,14.48,114400,0.0,0
2015-09-24,16.46,16.69,16.41,16.59,14.5,225500,0.0,0
2015-09-25,16.73,17.27,16.71,17.09,14.94,263000,0.0,0
2015-09-28,17.01,17.09,16.86,16.89,14.76,105400,0.0,0
2015-09-29,16.94,17.04,16.73,16.83,14.71,143600,0.0,0
2015-09-30,16.95,16.99,16.75,16.9,14.77,216600,0.0,0
2015-10-01,16.9,17.08,16.79,17.0,14.86,150800,0.0,0
2015-10-02,16.8,16.87,16.37,16.8,14.69,179800,0.0,0
2015-10-05,16.97,17.15,16.5,17.05,14.9,168400,0.0,0
2015-10-06,17.06,17.06,16.78,16.83,14.71,141700,0.0,0
2015-10-07,16.87,17.02,16.82,16.99,14.85,322500,0.0,0
2015-10-08,17.1,17.55,17.1,17.4,15.21,369300,0.0,0
2015-10-09,17.4,17.46,17.16,17.2,15.04,108400,0.0,0
2015-10-12,17.18,17.47,17.08,17.38,15.19,97800,0.0,0
2015-10-13,17.36,17.47,17.15,17.23,15.06,101400,0.0,0
2015-10-14,17.19,17.31,16.7,16.74,14.63,104200,0.0,0
2015-10-15,16.81,17.24,16.77,17.24,15.07,110600,0.0,0
2015-10-16,17.24,17.42,17.07,17.23,15.06,149800,0.0,0
2015-10-19,17.13,17.32,17.13,17.25,15.08,51800,0.0,0
2015-10-20,17.24,17.44,17.19,17.23,15.06,142800,0.0,0
2015-10-21,17.24,17.39,16.99,16.99,14.85,233600,0.0,0
2015-10-22,17.09,17.47,17.09,17.31,15.13,110300,0.0,0
2015-10-23,16.86,17.49,16.48,17.32,15.14,276700,0.0,0
2015-10-26,17.5,17.74,17.42,17.68,15.45,322600,0.0,0
2015-10-27,17.7,18.0,17.51,17.85,15.6,275900,0.0,0
2015-10-28,17.87,18.46,17.87,18.39,16.08,285500,0.0,0
2015-10-29,18.42,18.46,17.86,17.99,15.73,247100,0.0,0
2015-10-30,17.82,17.85,17.18,17.35,15.29,191600,0.14,0
2015-11-02,17.33,17.8,17.19,17.67,15.57,249600,0.0,0
2015-11-03,17.69,17.88,17.57,17.8,15.68,188500,0.0,0
2015-11-04,17.8,17.95,17.7,17.83,15.71,149000,0.0,0
2015-11-05,17.83,18.26,17.83,18.06,15.91,207000,0.0,0
2015-11-06,18.18,18.5,18.11,18.37,16.18,253200,0.0,0
2015-11-09,18.43,18.45,18.14,18.3,16.12,118700,0.0,0
2015-11-10,18.36,18.68,18.32,18.48,16.28,181000,0.0,0
2015-11-11,18.55,18.74,18.45,18.45,16.25,129900,0.0,0
2015-11-12,18.3,18.57,17.96,17.98,15.84,136100,0.0,0
2015-11-13,17.9,18.23,17.82,17.95,15.81,110500,0.0,0
2015-11-16,18.0,18.13,16.2,18.08,15.93,98100,0.0,0
2015-11-17,18.1,18.23,17.88,18.06,15.91,141100,0.0,0
2015-11-18,18.14,18.26,17.81,18.24,16.07,107400,0.0,0
2015-11-19,18.21,18.3,18.05,18.25,16.08,133200,0.0,0
2015-11-20,18.25,18.49,18.25,18.35,16.17,80900,0.0,0
2015-11-23,18.32,18.44,18.31,18.39,16.2,71000,0.0,0
2015-11-24,18.33,18.45,18.15,18.39,16.2,82400,0.0,0
2015-11-25,18.38,18.5,18.29,18.5,16.3,59800,0.0,0
2015-11-27,18.45,18.64,18.27,18.5,16.3,38400,0.0,0
2015-11-30,18.51,18.65,18.4,18.51,16.31,115800,0.0,0
2015-12-01,18.51,18.73,18.44,18.62,16.4,128400,0.0,0
2015-12-02,18.63,18.67,18.4,18.41,16.22,116600,0.0,0
2015-12-03,18.43,18.54,18.18,18.26,16.09,136900,0.0,0
2015-12-04,18.25,18.61,18.21,18.54,16.33,89100,0.0,0
2015-12-07,18.53,18.55,18.12,18.27,16.1,63200,0.0,0
2015-12-08,18.11,18.29,18.0,18.07,15.92,80300,0.0,0
2015-12-09,18.02,18.15,17.14,17.8,15.68,63000,0.0,0
2015-12-10,17.74,17.91,17.22,17.78,15.66,79400,0.0,0
2015-12-11,17.46,17.71,17.24,17.31,15.25,170900,0.0,0
2015-12-14,17.32,17.68,17.25,17.38,15.31,208100,0.0,0
2015-12-15,17.52,17.87,17.5,17.74,15.63,199000,0.0,0
2015-12-16,17.96,18.05,16.27,17.96,15.82,166800,0.0,0
2015-12-17,18.01,18.1,17.72,17.83,15.71,145700,0.0,0
2015-12-18,17.83,17.92,17.22,17.23,15.18,488300,0.0,0
2015-12-21,17.33,17.61,17.01,17.25,15.2,219700,0.0,0
2015-12-22,17.29,17.5,17.01,17.45,15.37,153700,0.0,0
2015-12-23,17.6,17.62,17.4,17.44,15.36,78100,0.0,0
2015-12-24,17.4,17.69,17.32,17.53,15.44,53300,0.0,0
2015-12-28,17.44,17.62,17.19,17.6,15.51,142900,0.0,0
2015-12-29,17.72,18.02,17.44,18.02,15.88,178500,0.0,0
2015-12-30,18.02,18.33,17.54,18.06,15.91,333900,0.0,0
2015-12-31,17.96,17.96,17.49,17.49,15.41,124200,0.0,0
2016-01-04,17.22,17.41,16.86,16.97,14.95,164400,0.0,0
2016-01-05,17.05,17.15,16.89,17.04,15.01,96600,0.0,0
2016-01-06,16.76,17.17,16.76,17.06,15.03,135500,0.0,0
2016-01-07,16.76,17.01,16.63,16.72,14.73,100100,0.0,0
2016-01-08,16.9,16.9,16.39,16.41,14.46,206800,0.0,0
2016-01-11,16.42,16.52,16.26,16.38,14.43,104200,0.0,0
2016-01-12,16.5,16.5,16.22,16.41,14.46,121800,0.0,0
2016-01-13,16.46,16.99,15.98,16.07,14.16,179300,0.0,0
2016-01-14,16.23,16.49,16.04,16.14,14.22,145000,0.0,0
2016-01-15,15.68,16.32,15.65,16.27,14.33,259400,0.0,0
2016-01-19,16.41,16.48,16.11,16.3,14.36,207000,0.0,0
2016-01-20,16.05,16.55,15.92,16.43,14.47,225200,0.0,0
2016-01-21,16.48,16.48,16.02,16.03,14.12,130800,0.0,0
2016-01-22,16.21,16.21,15.87,16.1,14.18,123400,0.0,0
2016-01-25,15.99,16.1,15.61,15.66,13.8,102000,0.0,0
2016-01-26,15.7,16.23,15.7,16.23,14.3,110600,0.0,0
2016-01-27,16.23,16.51,16.19,16.28,14.34,134800,0.0,0
2016-01-28,16.44,17.1,16.44,16.61,14.63,197100,0.0,0
2016-01-29,16.63,17.22,16.48,17.19,15.14,200200,0.0,0
2016-02-01,17.04,17.7,16.54,17.01,14.99,285100,0.0,0
2016-02-02,16.77,16.88,16.45,16.58,14.61,116500,0.0,0
2016-02-03,16.74,16.87,16.24,16.61,14.63,164500,0.0,0
2016-02-04,16.49,16.98,16.34,16.41,14.58,543700,0.14,0
2016-02-05,16.44,16.94,16.41,16.42,14.59,153600,0.0,0
2016-02-08,16.29,16.86,16.25,16.79,14.92,151400,0.0,0
2016-02-09,16.54,16.98,16.54,16.87,14.99,121900,0.0,0
2016-02-10,16.93,17.05,16.49,16.5,14.66,140000,0.0,0
2016-02-11,16.13,16.44,16.13,16.3,14.48,75200,0.0,0
2016-02-12,16.56,16.72,16.44,16.63,14.78,124200,0.0,0
2016-02-16,16.88,17.17,16.65,16.89,15.01,93700,0.0,0
2016-02-17,16.97,16.97,16.64,16.67,14.81,101700,0.0,0
2016-02-18,16.67,16.74,16.47,16.65,14.79,141200,0.0,0
2016-02-19,16.61,16.78,16.51,16.67,14.81,212700,0.0,0
2016-02-22,16.84,16.9,16.73,16.85,14.97,159600,0.0,0
2016-02-23,16.85,16.95,16.68,16.89,15.01,150100,0.0,0
2016-02-24,16.67,16.98,16.62,16.93,15.04,139200,0.0,0
2016-02-25,16.9,17.17,16.9,17.16,15.25,120800,0.0,0
2016-02-26,17.22,17.42,17.13,17.27,15.34,156200,0.0,0
2016-02-29,17.23,17.27,16.99,17.03,15.13,187400,0.0,0
2016-03-01,17.08,17.46,17.0,17.38,15.44,102600,0.0,0
2016-03-02,17.32,17.54,17.22,17.54,15.58,95700,0.0,0
2016-03-03,17.5,17.66,17.42,17.47,15.52,219500,0.0,0
2016-03-04,17.47,17.59,17.35,17.52,15.57,178100,0.0,0
2016-03-07,17.42,17.66,17.42,17.59,15.63,105700,0.0,0
2016-03-08,17.45,17.57,17.36,17.37,15.43,97000,0.0,0
2016-03-09,17.41,17.52,17.22,17.28,15.35,68100,0.0,0
2016-03-10,17.3,17.45,17.2,17.41,15.47,72400,0.0,0
2016-03-11,17.52,17.68,17.42,17.63,15.66,82300,0.0,0
2016-03-14,17.62,17.62,17.36,17.42,15.48,63300,0.0,0
2016-03-15,17.28,17.4,17.2,17.22,15.3,99700,0.0,0
2016-03-16,17.13,17.28,16.98,17.18,15.26,110100,0.0,0
2016-03-17,17.19,17.55,17.0,17.49,15.54,98200,0.0,0
2016-03-18,17.58,17.7,17.44,17.58,15.62,190000,0.0,0
2016-03-21,17.51,17.65,17.34,17.35,15.42,199900,0.0,0
2016-03-22,17.3,17.55,17.2,17.5,15.55,364100,0.0,0
2016-03-23,17.5,17.5,17.22,17.22,15.3,93000,0.0,0
2016-03-24,17.11,17.35,17.02,17.35,15.42,102500,0.0,0
2016-03-28,17.35,17.46,17.26,17.38,15.44,106300,0.0,0
2016-03-29,17.35,17.86,17.29,17.82,15.83,135000,0.0,0
2016-03-30,17.89,17.92,17.67,17.87,15.88,104900,0.0,0
2016-03-31,17.84,17.93,17.59,17.62,15.66,119400,0.0,0
2016-04-01,17.5,17.67,17.42,17.45,15.5,105500,0.0,0
2016-04-04,17.4,17.57,17.36,17.4,15.46,74700,0.0,0
2016-04-05,17.26,17.31,17.09,17.09,15.18,129200,0.0,0
2016-04-06,17.09,17.33,16.95,17.21,15.29,107400,0.0,0
2016-04-07,17.06,17.08,16.72,16.82,14.94,169300,0.0,0
2016-04-08,16.96,17.13,16.76,16.84,14.96,119400,0.0,0
2016-04-11,16.87,17.31,16.87,17.11,15.2,122200,0.0,0
2016-04-12,17.08,17.49,17.08,17.33,15.4,87300,0.0,0
2016-04-13,17.41,17.82,17.41,17.79,15.81,111200,0.0,0
2016-04-14,17.76,17.85,17.59,17.61,15.65,61600,0.0,0
2016-04-15,17.52,17.72,17.43,17.51,15.56,67300,0.0,0
2016-04-18,17.49,17.75,17.39,17.62,15.66,80000,0.0,0
2016-04-19,17.69,17.77,17.55,17.75,15.77,94400,0.0,0
2016-04-20,17.78,17.87,17.62,17.67,15.7,64800,0.0,0
2016-04-21,17.71,17.71,17.39,17.43,15.49,117700,0.0,0
2016-04-22,17.37,17.64,17.37,17.61,15.65,104400,0.0,0
2016-04-25,17.51,17.51,17.31,17.46,15.51,99100,0.0,0
2016-04-26,17.56,17.82,17.44,17.7,15.73,84800,0.0,0
2016-04-27,17.74,17.75,17.42,17.62,15.66,103100,0.0,0
2016-04-28,17.54,17.91,17.54,17.74,15.76,86800,0.0,0
2016-04-29,17.77,18.19,17.72,18.11,16.09,102100,0.0,0
2016-05-02,17.93,18.22,17.72,18.07,16.06,331800,0.0,0
2016-05-03,17.86,17.98,17.67,17.84,15.85,126300,0.0,0
2016-05-04,17.8,17.97,17.49,17.7,15.73,192100,0.0,0
2016-05-05,17.65,17.65,17.44,17.55,15.72,103400,0.14,0
2016-05-06,17.55,17.74,17.49,17.71,15.86,174000,0.0,0
2016-05-09,17.71,17.71,17.5,17.62,15.78,87700,0.0,0
2016-05-10,17.72,17.88,17.6,17.84,15.98,105900,0.0,0
2016-05-11,17.78,17.9,17.7,17.75,15.9,119000,0.0,0
2016-05-12,17.78,17.94,17.69,17.9,16.03,163100,0.0,0
2016-05-13,17.86,17.99,17.63,17.69,15.84,93200,0.0,0
2016-05-16,17.76,18.0,17.65,17.85,15.99,122600,0.0,0
2016-05-17,17.88,17.99,17.23,17.34,15.53,140500,0.0,0
2016-05-18,17.26,18.23,17.26,18.23,16.33,168300,0.0,0
2016-05-19,18.13,18.25,17.79,17.92,16.05,91300,0.0,0
2016-05-20,18.0,18.2,17.98,18.18,16.28,129900,0.0,0
2016-05-23,18.22,18.25,18.0,18.2,16.3,107600,0.0,0
2016-05-24,18.21,18.57,18.2,18.56,16.62,186400,0.0,0
2016-05-25,18.47,18.87,18.47,18.57,16.63,129300,0.0,0
2016-05-26,18.5,18.54,18.39,18.42,16.5,156400,0.0,0
2016-05-27,18.45,18.63,18.33,18.63,16.68,72700,0.0,0
2016-05-31,18.64,18.64,18.35,18.36,16.44,138800,0.0,0
2016-06-01,18.33,18.66,18.25,18.52,16.59,125800,0.0,0
2016-06-02,18.49,18.66,18.35,18.61,16.67,143700,0.0,0
2016-06-03,18.3,18.63,17.9,18.21,16.31,159700,0.0,0
2016-06-06,18.2,18.41,18.2,18.32,16.41,129400,0.0,0
2016-06-07,18.37,18.37,18.12,18.17,16.27,70200,0.0,0
2016-06-08,18.17,18.25,18.08,18.18,16.28,176300,0.0,0
2016-06-09,18.1,18.1,17.81,17.98,16.1,300900,0.0,0
2016-06-10,17.77,18.07,17.77,17.91,16.04,139600,0.0,0
2016-06-13,17.91,18.05,17.69,17.71,15.86,76200,0.0,0
2016-06-14,17.65,17.81,17.37,17.49,15.66,140500,0.0,0
2016-06-15,17.58,17.69,17.41,17.43,15.61,76000,0.0,0
2016-06-16,17.32,17.41,17.18,17.34,15.53,99400,0.0,0
2016-06-17,17.4,17.43,17.12,17.23,15.43,239100,0.0,0
2016-06-20,17.46,17.7,17.36,17.47,15.65,121000,0.0,0
2016-06-21,17.5,17.6,17.35,17.5,15.67,89300,0.0,0
2016-06-22,17.47,17.68,17.33,17.38,15.57,95000,0.0,0
2016-06-23,17.59,17.83,17.36,17.82,15.96,97700,0.0,0
2016-06-24,17.1,17.38,16.88,17.0,15.22,235500,0.0,0
2016-06-27,16.87,16.93,16.47,16.55,14.82,128500,0.0,0
2016-06-28,16.77,16.77,16.37,16.43,14.71,160500,0.0,0
2016-06-29,16.54,16.69,16.41,16.66,14.92,119900,0.0,0
2016-06-30,16.66,17.01,16.66,17.01,15.23,210400,0.0,0
2016-07-01,17.0,17.14,16.67,16.76,15.01,188900,0.0,0
2016-07-05,16.64,16.78,16.55,16.72,14.97,110300,0.0,0
2016-07-06,16.58,16.85,16.53,16.77,15.02,93900,0.0,0
2016-07-07,16.77,16.92,16.7,16.8,15.05,87100,0.0,0
2016-07-08,17.0,17.2,16.94,17.07,15.29,98500,0.0,0
2016-07-11,17.17,17.35,16.99,17.29,15.48,77600,0.0,0
2016-07-12,17.44,17.73,17.18,17.7,15.85,122100,0.0,0
2016-07-13,17.71,17.78,17.47,17.73,15.88,135600,0.0,0
2016-07-14,17.85,17.99,17.68,17.82,15.96,97100,0.0,0
2016-07-15,17.94,17.96,17.69,17.83,15.97,90200,0.0,0
2016-07-18,17.77,17.88,17.68,17.69,15.84,93100,0.0,0
2016-07-19,17.61,17.7,17.35,17.55,15.72,218900,0.0,0
2016-07-20,17.65,17.65,17.47,17.6,15.76,92300,0.0,0
2016-07-21,17.6,17.69,17.4,17.51,15.68,89000,0.0,0
2016-07-22,17.51,17.74,17.51,17.69,15.84,102700,0.0,0
2016-07-25,17.75,17.9,17.56,17.85,15.99,117500,0.0,0
2016-07-26,17.91,18.0,17.63,17.65,15.81,68600,0.0,0
2016-07-27,17.84,17.84,17.37,17.73,15.88,131300,0.0,0
2016-07-28,17.73,17.79,17.43,17.46,15.64,143700,0.0,0
2016-07-29,17.47,17.55,17.29,17.3,15.49,89700,0.0,0
2016-08-01,17.38,17.39,17.2,17.33,15.52,126100,0.0,0
2016-08-02,17.28,17.33,17.07,17.07,15.29,103100,0.0,0
2016-08-03,17.06,17.23,17.06,17.22,15.42,90900,0.0,0
2016-08-04,17.06,17.19,17.04,17.07,15.41,73100,0.14,0
2016-08-05,17.19,17.5,17.06,17.42,15.73,123100,0.0,0
2016-08-08,17.37,17.55,17.33,17.36,15.67,58900,0.0,0
2016-08-09,17.42,17.46,17.25,17.31,15.63,62700,0.0,0
2016-08-10,17.34,17.34,17.06,17.15,15.49,67500,0.0,0
2016-08-11,17.18,17.21,17.01,17.01,15.36,165700,0.0,0
2016-08-12,17.0,17.02,16.83,16.94,15.3,80900,0.0,0
2016-08-15,16.94,16.96,16.9,16.94,15.3,115900,0.0,0
2016-08-16,16.95,16.95,16.87,16.88,15.24,154500,0.0,0
2016-08-17,16.9,16.97,16.86,16.86,15.22,89100,0.0,0
2016-08-18,16.91,17.22,16.91,17.22,15.55,195300,0.0,0
2016-08-19,17.13,17.17,17.02,17.15,15.49,120000,0.0,0
2016-08-22,17.15,17.29,17.12,17.18,15.51,56000,0.0,0
2016-08-23,17.18,17.37,17.16,17.2,15.53,78700,0.0,0
2016-08-24,17.2,17.37,17.2,17.35,15.67,73500,0.0,0
2016-08-25,17.28,17.45,17.27,17.45,15.76,67300,0.0,0
2016-08-26,17.47,17.57,17.31,17.41,15.72,49900,0.0,0
2016-08-29,17.38,17.49,17.38,17.43,15.74,42500,0.0,0
2016-08-30,17.43,17.68,17.43,17.68,15.96,68000,0.0,0
2016-08-31,17.64,17.73,17.43,17.66,15.95,101100,0.0,0
2016-09-01,17.62,17.83,17.4,17.82,16.09,115700,0.0,0
2016-09-02,17.77,18.02,17.72,18.02,16.27,95500,0.0,0
2016-09-06,18.0,18.12,17.72,17.99,16.24,105900,0.0,0
2016-09-07,17.93,18.23,17.92,18.14,16.38,154800,0.0,0
2016-09-08,18.16,18.16,18.01,18.11,16.35,81400,0.0,0
2016-09-09,18.05,18.27,17.72,17.72,16.0,106000,0.0,0
2016-09-12,17.59,17.93,17.54,17.93,16.19,93600,0.0,0
2016-09-13,17.81,17.82,17.59,17.65,15.94,72000,0.0,0
2016-09-14,17.71,17.71,17.47,17.49,15.79,66300,0.0,0
2016-09-15,17.48,17.58,17.32,17.37,15.68,107200,0.0,0
2016-09-16,17.37,17.38,17.16,17.28,15.6,282500,0.0,0
2016-09-19,17.33,17.43,17.1,17.16,15.49,117400,0.0,0
2016-09-20,17.31,17.32,17.09,17.15,15.49,157200,0.0,0
2016-09-21,17.16,17.32,16.99,17.09,15.43,143600,0.0,0
2016-09-22,17.16,17.3,17.13,17.27,15.59,195400,0.0,0
2016-09-23,17.14,17.31,17.06,17.15,15.49,146200,0.0,0
2016-09-26,17.06,17.08,16.89,16.96,15.31,152000,0.0,0
2016-09-27,16.96,17.04,16.89,16.99,15.34,108300,0.0,0
2016-09-28,16.99,17.07,16.92,17.01,15.36,76400,0.0,0
2016-09-29,17.03,17.03,16.76,16.78,15.15,84300,0.0,0
2016-09-30,16.91,16.93,16.74,16.76,15.13,217700,0.0,0
2016-10-03,16.75,16.76,16.57,16.7,15.08,87100,0.0,0
2016-10-04,16.69,16.76,16.58,16.66,15.04,95000,0.0,0
2016-10-05,16.66,16.84,16.64,16.81,15.18,119400,0.0,0
2016-10-06,16.71,16.8,16.64,16.68,15.06,146600,0.0,0
2016-10-07,16.74,16.83,16.59,16.66,15.04,59400,0.0,0
2016-10-10,16.64,16.86,16.6,16.76,15.13,45300,0.0,0
2016-10-11,16.63,16.78,16.53,16.56,14.95,56700,0.0,0
2016-10-12,16.6,16.65,16.45,16.46,14.86,68000,0.0,0
2016-10-13,16.43,16.45,16.23,16.37,14.78,78800,0.0,0
2016-10-14,16.49,16.69,16.49,16.59,14.98,81100,0.0,0
2016-10-17,16.5,16.6,16.4,16.5,14.9,97100,0.0,0
2016-10-18,16.7,16.75,16.5,16.55,14.94,39900,0.0,0
2016-10-19,16.45,16.85,16.45,16.65,15.03,73400,0.0,0
2016-10-20,16.7,16.8,16.55,16.65,15.03,45200,0.0,0
2016-10-21,16.5,16.85,16.5,16.7,15.08,49700,0.0,0
2016-10-24,16.75,17.15,16.7,16.95,15.3,85900,0.0,0
2016-10-25,17.0,17.15,16.85,16.95,15.3,67000,0.0,0
2016-10-26,16.85,17.05,16.85,16.9,15.26,82200,0.0,0
2016-10-27,16.95,17.05,16.85,16.9,15.26,95000,0.0,0
2016-10-28,16.85,17.15,16.3,16.45,14.85,129700,0.0,0
2016-10-31,16.45,16.45,16.1,16.2,14.63,187700,0.0,0
2016-11-01,16.2,16.5,16.15,16.4,14.81,117100,0.0,0
2016-11-02,16.35,16.45,16.2,16.4,14.81,51900,0.0,0
2016-11-03,16.4,16.55,16.3,16.5,14.9,72200,0.0,0
2016-11-04,16.3,16.5,16.25,16.25,14.8,58300,0.14,0
2016-11-07,16.5,16.8,16.4,16.8,15.3,80000,0.0,0
2016-11-08,16.7,16.8,16.65,16.7,15.21,69300,0.0,0
2016-11-09,16.9,17.6,16.73,17.5,15.94,153700,0.0,0
2016-11-10,17.7,18.1,17.52,17.85,16.25,197600,0.0,0
2016-11-11,17.8,18.7,17.5,18.7,17.03,265000,0.0,0
2016-11-14,18.9,19.25,18.25,18.7,17.03,144400,0.0,0
2016-11-15,18.55,18.65,18.15,18.55,16.89,103200,0.0,0
2016-11-16,18.65,18.8,18.45,18.75,17.07,102900,0.0,0
2016-11-17,18.85,19.2,18.55,18.6,16.94,187000,0.0,0
2016-11-18,18.6,19.15,18.55,18.65,16.98,200100,0.0,0
2016-11-21,18.8,18.9,18.6,18.75,17.07,104200,0.0,0
2016-11-22,18.9,19.02,18.8,18.8,17.12,141900,0.0,0
2016-11-23,18.9,19.2,18.9,18.95,17.26,103500,0.0,0
2016-11-25,18.95,19.15,18.8,19.15,17.44,34600,0.0,0
2016-11-28,19.0,19.15,18.7,18.75,17.07,109900,0.0,0
2016-11-29,18.85,19.0,18.7,18.75,17.07,164100,0.0,0
2016-11-30,18.9,19.05,18.65,18.7,17.03,101100,0.0,0
2016-12-01,18.7,19.0,18.6,18.8,17.12,274300,0.0,0
2016-12-02,18.75,18.8,18.6,18.75,17.07,103600,0.0,0
2016-12-05,18.8,19.5,18.75,19.5,17.76,213600,0.0,0
2016-12-06,18.85,18.9,18.0,18.45,16.8,316400,0.0,0
2016-12-07,18.4,18.9,18.4,18.8,17.12,216900,0.0,0
2016-12-08,18.8,19.4,18.75,19.3,17.58,193200,0.0,0
2016-12-09,19.4,19.7,19.3,19.7,17.94,103200,0.0,0
2016-12-12,19.65,19.9,19.45,19.9,18.12,200100,0.0,0
2016-12-13,19.95,20.0,19.6,19.65,17.89,187500,0.0,0
2016-12-14,19.6,19.8,19.3,19.6,17.85,199400,0.0,0
2016-12-15,19.55,19.9,19.5,19.75,17.99,127400,0.0,0
2016-12-16,19.8,19.8,19.43,19.55,17.8,687300,0.0,0
2016-12-19,19.65,20.0,19.33,20.0,18.21,176500,0.0,0
2016-12-20,20.0,20.45,19.65,20.25,18.44,171700,0.0,0
2016-12-21,20.1,20.3,19.95,20.1,18.3,177400,0.0,0
2016-12-22,20.1,20.25,19.75,20.05,18.26,235400,0.0,0
2016-12-23,20.05,20.1,19.77,19.85,18.08,152000,0.0,0
2016-12-27,20.0,20.3,19.65,20.2,18.4,74300,0.0,0
2016-12-28,20.25,20.25,20.0,20.15,18.35,80900,0.0,0
2016-12-29,20.2,20.35,20.05,20.2,18.4,64500,0.0,0
2016-12-30,20.2,20.37,19.0,20.1,18.3,107200,0.0,0
2017-01-03,20.35,20.5,20.05,20.5,18.67,184500,0.0,0
2017-01-04,20.5,20.65,20.3,20.5,18.67,196900,0.0,0
2017-01-05,20.45,20.5,20.2,20.35,18.53,123200,0.0,0
2017-01-06,20.45,20.55,20.25,20.4,18.58,156300,0.0,0
2017-01-09,20.3,20.3,19.8,19.95,18.17,133200,0.0,0
2017-01-10,20.0,20.25,19.85,20.2,18.4,166900,0.0,0
2017-01-11,20.25,20.35,20.0,20.3,18.49,199700,0.0,0
2017-01-12,20.25,20.25,19.75,20.0,18.21,123700,0.0,0
2017-01-13,20.15,20.4,20.05,20.15,18.35,124100,0.0,0
2017-01-17,20.05,20.05,19.65,19.8,18.03,132600,0.0,0
2017-01-18,19.9,20.1,19.65,20.1,18.3,125400,0.0,0
2017-01-19,20.15,20.25,19.9,20.05,18.26,115800,0.0,0
2017-01-20,20.0,20.48,20.0,20.4,18.58,147200,0.0,0
2017-01-23,20.35,20.4,20.0,20.2,18.4,85500,0.0,0
2017-01-24,20.2,20.6,20.1,20.6,18.76,138900,0.0,0
2017-01-25,20.8,20.8,20.45,20.6,18.76,160400,0.0,0
2017-01-26,20.65,20.75,20.5,20.7,18.85,144300,0.0,0
2017-01-27,21.0,22.48,20.73,21.95,19.99,253000,0.0,0
2017-01-30,21.85,21.9,21.1,21.25,19.35,217500,0.0,0
2017-01-31,21.2,21.53,20.85,21.4,19.49,211600,0.0,0
2017-02-01,21.5,21.8,21.15,21.3,19.4,199900,0.0,0
2017-02-02,21.0,21.05,20.5,20.7,18.98,188500,0.14,0
2017-02-03,20.85,21.25,20.75,21.1,19.34,173700,0.0,0
2017-02-06,20.95,21.05,20.45,20.5,18.79,178600,0.0,0
2017-02-07,20.6,20.93,20.4,20.6,18.88,244000,0.0,0
2017-02-08,20.6,20.8,20.45,20.6,18.88,149100,0.0,0
2017-02-09,20.65,20.95,20.5,20.85,19.11,128700,0.0,0
2017-02-10,21.0,21.15,20.75,21.0,19.25,179700,0.0,0
2017-02-13,21.25,21.6,21.1,21.55,19.75,216900,0.0,0
2017-02-14,21.5,21.75,21.25,21.65,19.85,213600,0.0,0
2017-02-15,21.7,21.95,21.4,21.75,19.94,164600,0.0,0
2017-02-16,21.8,21.8,21.35,21.75,19.94,151200,0.0,0
2017-02-17,21.75,21.75,21.45,21.7,19.89,319200,0.0,0
2017-02-21,21.85,21.95,21.6,21.85,20.03,126200,0.0,0
2017-02-22,21.75,21.9,21.65,21.8,19.98,90200,0.0,0
2017-02-23,21.8,22.1,21.15,22.05,20.21,131500,0.0,0
2017-02-24,21.85,21.9,21.65,21.75,19.94,177500,0.0,0
2017-02-27,21.7,21.85,21.55,21.7,19.89,118100,0.0,0
2017-02-28,21.6,21.68,21.3,21.5,19.71,119700,0.0,0
2017-03-01,21.6,22.1,21.6,22.05,20.21,195100,0.0,0
2017-03-02,22.0,22.0,21.75,21.8,19.98,149600,0.0,0
2017-03-03,21.8,22.0,21.6,21.7,19.89,162500,0.0,0
2017-03-06,21.6,21.7,21.25,21.5,19.71,142100,0.0,0
2017-03-07,21.45,21.75,21.35,21.45,19.66,149500,0.0,0
2017-03-08,21.55,21.65,21.2,21.2,19.43,94100,0.0,0
2017-03-09,21.25,21.5,21.0,21.1,19.34,81600,0.0,0
2017-03-10,21.3,21.3,20.8,20.9,19.16,84200,0.0,0
2017-03-13,20.9,21.05,20.7,20.75,19.02,128900,0.0,0
2017-03-14,20.65,20.85,20.55,20.7,18.98,149300,0.0,0
2017-03-15,20.75,20.9,20.45,20.5,18.79,158800,0.0,0
2017-03-16,20.55,20.86,20.55,20.8,19.07,115600,0.0,0
2017-03-17,20.65,21.1,20.45,21.0,19.25,332600,0.0,0
2017-03-20,20.95,20.95,20.58,20.6,18.88,148000,0.0,0
2017-03-21,20.7,20.7,19.65,19.65,18.01,161900,0.0,0
2017-03-22,19.65,19.8,19.35,19.6,17.97,143600,0.0,0
2017-03-23,19.6,20.08,19.6,19.75,18.1,101900,0.0,0
2017-03-24,19.8,20.05,19.65,19.8,18.15,216600,0.0,0
2017-03-27,19.5,19.85,19.35,19.75,18.1,127300,0.0,0
2017-03-28,19.7,20.02,19.6,19.9,18.24,142800,0.0,0
2017-03-29,19.85,20.0,19.75,19.95,18.29,187600,0.0,0
2017-03-30,19.95,20.43,19.75,20.3,18.61,185100,0.0,0
2017-03-31,20.3,20.5,20.2,20.3,18.61,191300,0.0,0
2017-04-03,20.3,20.35,19.9,19.9,18.24,126300,0.0,0
2017-04-04,19.9,20.3,19.9,20.2,18.52,137900,0.0,0
2017-04-05,20.4,20.45,19.95,20.1,18.43,254800,0.0,0
2017-04-06,20.05,20.35,19.95,20.25,18.56,133800,0.0,0
2017-04-07,20.2,20.35,20.05,20.15,18.47,445000,0.0,0
2017-04-10,20.15,20.3,19.9,20.0,18.33,143200,0.0,0
2017-04-11,19.95,20.35,19.85,20.35,18.65,176600,0.0,0
2017-04-12,20.3,20.3,19.85,20.05,18.38,103700,0.0,0
2017-04-13,20.05,20.05,19.55,19.6,17.97,172800,0.0,0
2017-04-17,19.65,20.05,19.62,20.05,18.38,118800,0.0,0
2017-04-18,20.0,20.1,19.7,19.85,18.2,167600,0.0,0
2017-04-19,19.95,20.25,19.9,20.0,18.33,82500,0.0,0
2017-04-20,20.15,20.33,20.05,20.3,18.61,200600,0.0,0
2017-04-21,20.25,20.48,20.15,20.35,18.65,110200,0.0,0
2017-04-24,20.7,21.05,20.65,20.85,19.11,131900,0.0,0
2017-04-25,21.1,21.3,20.85,20.95,19.2,131700,0.0,0
2017-04-26,20.95,21.4,20.85,21.3,19.53,171400,0.0,0
2017-04-27,20.85,21.4,19.85,20.2,18.52,204800,0.0,0
2017-04-28,20.2,20.3,19.45,19.45,17.83,249300,0.0,0
2017-05-01,19.5,19.65,19.3,19.45,17.83,333100,0.0,0
2017-05-02,19.5,19.55,19.05,19.45,17.83,290700,0.0,0
2017-05-03,19.35,19.65,19.33,19.45,17.83,161500,0.0,0
2017-05-04,19.5,19.75,19.35,19.45,17.96,156800,0.14,0
2017-05-05,19.5,19.6,19.38,19.5,18.0,89500,0.0,0
2017-05-08,19.45,19.75,19.45,19.65,18.14,145900,0.0,0
2017-05-09,20.3,20.6,20.15,20.35,18.79,337600,0.0,0
2017-05-10,20.35,20.55,20.25,20.4,18.84,135100,0.0,0
2017-05-11,20.35,20.35,20.05,20.15,18.6,112100,0.0,0
2017-05-12,20.1,20.15,19.83,20.1,18.56,150000,0.0,0
2017-05-15,20.25,20.68,20.2,20.5,18.93,223500,0.0,0
2017-05-16,20.5,20.5,20.0,20.35,18.79,147900,0.0,0
2017-05-17,20.0,20.1,19.8,19.8,18.28,222400,0.0,0
2017-05-18,19.75,20.05,19.6,19.85,18.33,165400,0.0,0
2017-05-19,19.85,20.1,19.7,19.75,18.24,231100,0.0,0
2017-05-22,19.8,20.02,19.75,19.95,18.42,118500,0.0,0
2017-05-23,19.95,20.08,19.8,19.9,18.37,114100,0.0,0
2017-05-24,19.9,20.0,19.4,19.45,17.96,218400,0.0,0
2017-05-25,19.5,19.65,19.2,19.35,17.87,198700,0.0,0
2017-05-26,19.2,19.55,19.2,19.4,17.91,122900,0.0,0
2017-05-30,19.3,19.4,19.15,19.25,17.77,101000,0.0,0
2017-05-31,19.35,19.35,18.85,19.0,17.54,123900,0.0,0
2017-06-01,19.1,19.45,19.0,19.4,17.91,169900,0.0,0
2017-06-02,19.35,19.76,19.35,19.45,17.96,176700,0.0,0
2017-06-05,19.5,19.7,19.4,19.4,17.91,137900,0.0,0
2017-06-06,19.25,19.5,19.1,19.25,17.77,216000,0.0,0
2017-06-07,19.35,19.4,19.2,19.35,17.87,225200,0.0,0
2017-06-08,19.4,19.81,19.15,19.65,18.14,215300,0.0,0
2017-06-09,19.75,21.05,19.75,21.05,19.44,375300,0.0,0
2017-06-12,21.0,21.4,20.65,20.75,19.16,190800,0.0,0
2017-06-13,20.8,20.85,20.4,20.75,19.16,231600,0.0,0
2017-06-14,20.7,20.8,20.25,20.75,19.16,267800,0.0,0
2017-06-15,20.5,20.7,20.33,20.5,18.93,145300,0.0,0
2017-06-16,20.35,20.4,20.08,20.35,18.79,275200,0.0,0
2017-06-19,20.5,20.55,20.0,20.05,18.51,134300,0.0,0
2017-06-20,20.0,20.0,19.75,19.8,18.28,97900,0.0,0
2017-06-21,19.85,19.85,19.3,19.35,17.87,109000,0.0,0
2017-06-22,19.35,19.5,19.33,19.35,17.87,75800,0.0,0
2017-06-23,19.4,19.55,19.18,19.2,17.73,225400,0.0,0
2017-06-26,19.3,19.75,19.25,19.45,17.96,230000,0.0,0
2017-06-27,19.45,19.7,19.3,19.4,17.91,265100,0.0,0
2017-06-28,19.5,19.8,19.5,19.6,18.1,189100,0.0,0
2017-06-29,19.85,19.9,19.45,19.8,18.28,169100,0.0,0
2017-06-30,19.9,19.9,19.45,19.6,18.1,97400,0.0,0
2017-07-03,19.65,20.2,19.65,20.1,18.56,60000,0.0,0
2017-07-05,20.1,20.15,19.5,19.8,18.28,106700,0.0,0
2017-07-06,19.75,19.9,19.5,19.6,18.1,112700,0.0,0
2017-07-07,19.65,20.0,19.5,19.95,18.42,135100,0.0,0
2017-07-10,19.8,19.93,19.55,19.65,18.14,190900,0.0,0
2017-07-11,19.7,19.8,19.5,19.65,18.14,165700,0.0,0
2017-07-12,19.7,20.1,19.7,19.9,18.37,89700,0.0,0
2017-07-13,19.85,20.2,19.75,20.2,18.65,239100,0.0,0
2017-07-14,20.0,20.4,19.75,20.1,18.56,225400,0.0,0
2017-07-17,20.15,20.3,19.9,20.25,18.7,206700,0.0,0
2017-07-18,20.25,20.45,20.15,20.4,18.84,182000,0.0,0
2017-07-19,20.4,20.6,20.3,20.5,18.93,241100,0.0,0
2017-07-20,20.5,20.68,20.45,20.6,19.02,162300,0.0,0
2017-07-21,20.7,20.7,20.4,20.6,19.02,184000,0.0,0
2017-07-24,20.6,20.7,20.3,20.6,19.02,231900,0.0,0
2017-07-25,20.85,20.95,20.4,20.7,19.11,137900,0.0,0
2017-07-26,20.7,20.75,20.35,20.45,18.88,236600,0.0,0
2017-07-27,20.5,20.65,20.23,20.35,18.79,167200,0.0,0
2017-07-28,20.5,21.3,20.5,20.85,19.25,191000,0.0,0
2017-07-31,20.8,20.85,20.45,20.8,19.2,132900,0.0,0
2017-08-01,20.9,20.9,20.55,20.65,19.07,104900,0.0,0
2017-08-02,20.65,20.65,20.4,20.55,18.97,107400,0.0,0
2017-08-03,20.4,20.45,19.9,20.05,18.64,93300,0.14,0
2017-08-04,20.15,20.3,20.05,20.2,18.78,97400,0.0,0
2017-08-07,20.25,20.25,19.93,20.05,18.64,92900,0.0,0
2017-08-08,20.0,20.35,19.9,20.0,18.59,95600,0.0,0
2017-08-09,19.8,19.94,19.65,19.75,18.36,110700,0.0,0
2017-08-10,19.65,19.7,19.4,19.45,18.08,81800,0.0,0
2017-08-11,19.4,19.55,18.93,18.95,17.62,196900,0.0,0
2017-08-14,19.2,19.6,19.15,19.5,18.13,125500,0.0,0
2017-08-15,19.6,19.6,19.05,19.15,17.8,117800,0.0,0
2017-08-16,19.25,19.35,19.05,19.15,17.8,131000,0.0,0
2017-08-17,19.15,19.25,18.75,18.9,17.57,147900,0.0,0
2017-08-18,18.75,18.95,18.65,18.65,17.34,241700,0.0,0
2017-08-21,18.7,18.8,18.55,18.65,17.34,93000,0.0,0
2017-08-22,18.8,19.05,18.7,18.85,17.52,76100,0.0,0
2017-08-23,18.7,19.05,18.67,18.9,17.57,71900,0.0,0
2017-08-24,18.95,18.95,18.73,18.8,17.48,73200,0.0,0
2017-08-25,18.8,19.15,18.75,19.05,17.71,66300,0.0,0
2017-08-28,19.05,19.08,18.65,18.75,17.43,143700,0.0,0
2017-08-29,18.6,18.75,18.5,18.6,17.29,123000,0.0,0
2017-08-30,18.6,18.85,18.55,18.65,17.34,131200,0.0,0
2017-08-31,18.7,18.98,18.65,18.95,17.62,237600,0.0,0
2017-09-01,18.9,19.2,18.85,19.1,17.76,144900,0.0,0
2017-09-05,19.05,19.1,18.55,18.65,17.34,129900,0.0,0
2017-09-06,18.65,18.85,18.55,18.6,17.29,91200,0.0,0
2017-09-07,18.6,18.65,18.35,18.45,17.15,230300,0.0,0
2017-09-08,18.45,18.75,18.45,18.6,17.29,87200,0.0,0
2017-09-11,18.7,19.0,18.7,18.85,17.52,77700,0.0,0
2017-09-12,18.85,19.1,18.85,19.05,17.71,111500,0.0,0
2017-09-13,18.95,19.3,18.92,19.05,17.71,140000,0.0,0
2017-09-14,19.0,19.25,19.0,19.2,17.85,109200,0.0,0
2017-09-15,19.2,19.3,19.0,19.1,17.76,444800,0.0,0
2017-09-18,19.15,19.5,19.13,19.45,18.08,140200,0.0,0
2017-09-19,19.45,19.75,19.45,19.5,18.13,138400,0.0,0
2017-09-20,19.45,20.08,19.45,19.8,18.41,128500,0.0,0
2017-09-21,19.75,20.2,19.73,20.1,18.69,113400,0.0,0
2017-09-22,20.15,20.33,20.05,20.2,18.78,93700,0.0,0
2017-09-25,20.15,20.43,20.0,20.35,18.92,120500,0.0,0
2017-09-26,20.45,20.75,20.35,20.55,19.1,140300,0.0,0
2017-09-27,20.65,21.3,20.55,21.1,19.62,215800,0.0,0
2017-09-28,21.05,21.2,20.8,21.15,19.66,174600,0.0,0
2017-09-29,21.2,21.75,21.08,21.5,19.99,267000,0.0,0
2017-10-02,21.55,21.85,21.35,21.85,20.31,249500,0.0,0
2017-10-03,21.85,22.05,21.6,22.0,20.45,230500,0.0,0
2017-10-04,22.05,22.05,21.55,21.7,20.17,142400,0.0,0
2017-10-05,21.7,22.15,21.35,22.05,20.5,172800,0.0,0
2017-10-06,22.0,22.2,21.8,22.1,20.55,158200,0.0,0
2017-10-09,22.05,22.15,21.8,21.95,20.41,144900,0.0,0
2017-10-10,21.95,22.2,21.93,22.1,20.55,133200,0.0,0
2017-10-11,22.15,22.33,22.0,22.15,20.59,129300,0.0,0
2017-10-12,22.15,22.25,21.95,22.0,20.45,135200,0.0,0
2017-10-13,21.95,21.95,21.2,21.8,20.27,125500,0.0,0
2017-10-16,21.85,21.98,21.65,21.9,20.36,123600,0.0,0
2017-10-17,21.85,21.95,21.45,21.65,20.13,146300,0.0,0
2017-10-18,21.7,22.0,21.65,21.85,20.31,72100,0.0,0
2017-10-19,21.7,21.95,21.65,21.85,20.31,142200,0.0,0
2017-10-20,22.05,22.35,21.9,21.9,20.36,112800,0.0,0
2017-10-23,21.95,21.95,21.55,21.7,20.17,106300,0.0,0
2017-10-24,21.8,22.1,21.75,21.85,20.31,96500,0.0,0
2017-10-25,21.85,21.95,21.5,21.9,20.36,96400,0.0,0
2017-10-26,22.05,22.05,21.75,21.85,20.31,86300,0.0,0
2017-10-27,21.85,22.65,21.85,22.2,20.64,134100,0.0,0
2017-10-30,22.15,22.2,21.5,21.85,20.31,187800,0.0,0
2017-10-31,21.85,22.25,21.85,22.05,20.5,121500,0.0,0
2017-11-01,22.2,22.2,21.75,21.8,20.27,169500,0.0,0
2017-11-02,21.75,22.0,21.5,22.0,20.45,129400,0.0,0
2017-11-03,21.1,21.35,20.73,20.75,19.41,266600,0.14,0
2017-11-06,20.8,21.0,20.5,20.7,19.37,135100,0.0,0
2017-11-07,20.75,20.9,20.2,20.3,18.99,189400,0.0,0
2017-11-08,20.15,20.25,19.88,20.1,18.81,119900,0.0,0
2017-11-09,20.0,20.25,19.75,19.9,18.62,96400,0.0,0
2017-11-10,19.9,20.25,19.9,19.9,18.62,101300,0.0,0
2017-11-13,19.9,20.15,19.6,20.1,18.81,247000,0.0,0
2017-11-14,20.05,20.4,20.0,20.3,18.99,138700,0.0,0
2017-11-15,20.1,20.55,20.0,20.3,18.99,140000,0.0,0
2017-11-16,20.35,20.6,20.3,20.45,19.13,191700,0.0,0
2017-11-17,20.25,20.7,20.1,20.65,19.32,618800,0.0,0
2017-11-20,20.6,21.1,20.6,21.05,19.69,115500,0.0,0
2017-11-21,21.1,21.25,20.85,21.1,19.74,194200,0.0,0
2017-11-22,21.1,21.3,21.0,21.05,19.69,159100,0.0,0
2017-11-24,21.05,21.1,20.85,20.95,19.6,46200,0.0,0
2017-11-27,20.95,21.05,20.8,21.0,19.65,205300,0.0,0
2017-11-28,21.1,21.6,20.9,21.6,20.21,198500,0.0,0
2017-11-29,21.75,22.65,21.75,22.4,20.96,202100,0.0,0
2017-11-30,22.5,22.6,21.85,22.05,20.63,164700,0.0,0
2017-12-01,21.95,22.15,21.0,21.75,20.35,183700,0.0,0
2017-12-04,22.05,22.35,21.9,22.1,20.68,110900,0.0,0
2017-12-05,22.15,22.2,21.6,21.6,20.21,168700,0.0,0
2017-12-06,21.5,21.8,21.5,21.5,20.12,101400,0.0,0
2017-12-07,21.5,21.7,21.25,21.5,20.12,99800,0.0,0
2017-12-08,21.6,21.65,21.1,21.15,19.79,103700,0.0,0
2017-12-11,21.1,21.25,20.93,21.0,19.65,85100,0.0,0
2017-12-12,20.95,21.3,20.8,21.15,19.79,132400,0.0,0
2017-12-13,21.15,21.25,20.8,21.05,19.69,176400,0.0,0
2017-12-14,21.0,21.5,20.85,20.95,19.6,151300,0.0,0
2017-12-15,21.0,21.75,21.0,21.4,20.02,409700,0.0,0
2017-12-18,21.55,22.0,21.55,21.75,20.35,128100,0.0,0
2017-12-19,21.7,21.9,21.25,21.35,19.98,186700,0.0,0
2017-12-20,21.4,21.4,21.05,21.1,19.74,124500,0.0,0
2017-12-21,21.3,21.6,21.15,21.3,19.93,119500,0.0,0
2017-12-22,21.35,21.5,21.2,21.2,19.83,94400,0.0,0
2017-12-26,21.15,21.4,21.0,21.15,19.79,55300,0.0,0
2017-12-27,21.1,21.45,21.1,21.1,19.74,89600,0.0,0
2017-12-28,21.15,21.3,21.1,21.25,19.88,77200,0.0,0
2017-12-29,21.25,21.35,20.95,20.95,19.6,121200,0.0,0
2018-01-02,21.05,21.2,20.8,21.05,19.69,135800,0.0,0
2018-01-03,20.95,21.25,20.2,21.0,19.65,233400,0.0,0
2018-01-04,21.05,21.3,20.95,21.0,19.65,164600,0.0,0
2018-01-05,21.15,21.25,20.85,21.1,19.74,245200,0.0,0
2018-01-08,21.0,21.4,20.9,21.2,19.83,90200,0.0,0
2018-01-09,21.15,21.65,21.15,21.35,19.98,115800,0.0,0
2018-01-10,21.3,21.9,21.25,21.55,20.16,135900,0.0,0
2018-01-11,21.6,22.03,21.45,21.95,20.54,171300,0.0,0
2018-01-12,21.95,22.25,21.75,21.9,20.49,76200,0.0,0
2018-01-16,22.0,22.1,21.5,21.7,20.3,138400,0.0,0
2018-01-17,21.75,21.85,21.5,21.75,20.35,126600,0.0,0
2018-01-18,21.8,21.8,21.4,21.45,20.07,158000,0.0,0
2018-01-19,21.4,21.55,21.35,21.5,20.12,244300,0.0,0
2018-01-22,21.55,21.85,21.4,21.55,20.16,239300,0.0,0
2018-01-23,21.5,21.9,21.35,21.8,20.4,127100,0.0,0
2018-01-24,21.9,21.95,21.4,21.5,20.12,154100,0.0,0
2018-01-25,21.5,21.95,21.1,21.7,20.3,448100,0.0,0
2018-01-26,21.55,21.55,19.95,20.1,18.81,708000,0.0,0
2018-01-29,19.8,20.0,19.55,19.6,18.34,202100,0.0,0
2018-01-30,19.4,19.65,19.1,19.25,18.01,207100,0.0,0
2018-01-31,19.3,19.45,18.9,19.0,17.78,289600,0.0,0
2018-02-01,18.95,19.3,18.85,19.25,18.01,248900,0.0,0
2018-02-02,19.25,19.4,18.95,19.15,17.92,241400,0.0,0
2018-02-05,19.05,19.23,18.3,18.5,17.44,349600,0.14,0
2018-02-06,18.05,18.65,18.05,18.5,17.44,343500,0.0,0
2018-02-07,18.35,18.65,18.02,18.6,17.53,250100,0.0,0
2018-02-08,18.65,18.7,18.15,18.15,17.11,317000,0.0,0
2018-02-09,18.3,18.55,17.95,18.4,17.34,208800,0.0,0
2018-02-12,18.4,18.5,18.0,18.35,17.29,138800,0.0,0
2018-02-13,18.3,18.4,18.1,18.35,17.29,123500,0.0,0
2018-02-14,18.3,18.6,18.3,18.55,17.48,179100,0.0,0
2018-02-15,18.65,18.65,18.45,18.65,17.58,102900,0.0,0
2018-02-16,18.6,18.8,18.6,18.75,17.67,71500,0.0,0
2018-02-20,18.75,18.8,18.35,18.4,17.34,128400,0.0,0
2018-02-21,18.4,18.8,18.4,18.45,17.39,223100,0.0,0
2018-02-22,18.4,18.6,18.1,18.15,17.11,118400,0.0,0
2018-02-23,18.25,18.45,18.15,18.45,17.39,243400,0.0,0
2018-02-26,18.45,18.55,18.35,18.4,17.34,120600,0.0,0
2018-02-27,18.4,18.6,18.18,18.25,17.2,197400,0.0,0
2018-02-28,18.35,18.5,17.95,18.0,16.96,164200,0.0,0
2018-03-01,18.0,18.25,17.9,18.1,17.06,195800,0.0,0
2018-03-02,17.9,18.5,17.8,18.4,17.34,109800,0.0,0
2018-03-05,18.3,18.75,18.1,18.7,17.62,201200,0.0,0
2018-03-06,18.75,18.85,18.4,18.8,17.72,155100,0.0,0
2018-03-07,18.65,18.95,18.65,18.9,17.81,125800,0.0,0
2018-03-08,18.95,19.0,18.65,18.85,17.77,107700,0.0,0
2018-03-09,19.0,19.2,18.75,19.2,18.1,108800,0.0,0
2018-03-12,19.15,19.23,18.85,19.2,18.1,158100,0.0,0
2018-03-13,19.2,19.2,18.8,18.85,17.77,167800,0.0,0
2018-03-14,18.9,18.9,18.6,18.6,17.53,155400,0.0,0
2018-03-15,18.65,19.1,18.65,19.05,17.95,167800,0.0,0
2018-03-16,19.05,19.4,19.0,19.25,18.14,341200,0.0,0
2018-03-19,19.2,19.25,18.75,19.15,18.05,157700,0.0,0
2018-03-20,19.15,19.15,18.7,18.8,17.72,112400,0.0,0
2018-03-21,18.8,18.95,18.6,18.85,17.77,118600,0.0,0
2018-03-22,18.7,18.85,18.35,18.35,17.29,133000,0.0,0
2018-03-23,18.4,18.8,17.75,17.75,16.73,153800,0.0,0
2018-03-26,17.8,18.65,17.8,18.55,17.48,231600,0.0,0
2018-03-27,18.6,18.65,18.25,18.45,17.39,189200,0.0,0
2018-03-28,18.4,18.75,18.38,18.55,17.48,237100,0.0,0
2018-03-29,18.55,18.65,18.4,18.4,17.34,274900,0.0,0
2018-04-02,18.35,18.45,17.95,18.3,17.25,158900,0.0,0
2018-04-03,18.35,18.55,18.2,18.5,17.44,176400,0.0,0
2018-04-04,18.3,18.75,18.3,18.75,17.67,187200,0.0,0
2018-04-05,18.85,18.95,18.55,18.8,17.72,188300,0.0,0
2018-04-06,18.65,18.8,18.25,18.4,17.34,175800,0.0,0
2018-04-09,18.45,18.75,18.35,18.4,17.34,130300,0.0,0
2018-04-10,18.55,18.8,18.4,18.65,17.58,80400,0.0,0
2018-04-11,18.55,18.7,18.35,18.7,17.62,127500,0.0,0
2018-04-12,18.75,18.95,18.45,18.85,17.77,167200,0.0,0
2018-04-13,18.95,18.95,18.55,18.6,17.53,76600,0.0,0
2018-04-16,18.75,18.85,18.55,18.8,17.72,101500,0.0,0
2018-04-17,18.85,18.85,18.45,18.65,17.58,136600,0.0,0
2018-04-18,18.7,18.75,18.5,18.55,17.48,109700,0.0,0
2018-04-19,18.5,18.9,18.5,18.8,17.72,97400,0.0,0
2018-04-20,18.75,18.95,18.75,18.85,17.77,67300,0.0,0
2018-04-23,18.8,19.08,18.8,18.95,17.86,83000,0.0,0
2018-04-24,19.05,19.38,19.0,19.2,18.1,134100,0.0,0
2018-04-25,19.15,19.2,18.8,19.0,17.91,110800,0.0,0
2018-04-26,19.0,19.15,18.75,19.05,17.95,97800,0.0,0
2018-04-27,19.45,20.55,19.15,20.05,18.9,221500,0.0,0
2018-04-30,20.1,20.1,19.7,19.75,18.61,129500,0.0,0
2018-05-01,19.75,19.85,19.6,19.75,18.61,267100,0.0,0
2018-05-02,19.75,19.95,19.15,19.6,18.47,270900,0.0,0
2018-05-03,19.5,19.55,19.15,19.3,18.19,143300,0.0,0
2018-05-04,19.25,19.8,19.2,19.5,18.38,97900,0.0,0
2018-05-07,19.45,19.45,19.15,19.2,18.23,128400,0.14,0
2018-05-08,19.35,19.55,19.18,19.5,18.51,122100,0.0,0
2018-05-09,19.5,19.7,19.35,19.6,18.61,100100,0.0,0
2018-05-10,19.6,19.7,19.5,19.6,18.61,274300,0.0,0
2018-05-11,19.6,19.7,19.4,19.4,18.42,58700,0.0,0
2018-05-14,19.4,19.6,19.3,19.3,18.32,165600,0.0,0
2018-05-15,19.25,19.6,19.25,19.35,18.37,136200,0.0,0
2018-05-16,19.4,19.75,19.25,19.65,18.65,215400,0.0,0
2018-05-17,19.6,20.05,19.6,20.0,18.99,168500,0.0,0
2018-05-18,20.1,20.2,19.8,20.1,19.08,684900,0.0,0
2018-05-21,20.05,20.4,20.05,20.4,19.37,101800,0.0,0
2018-05-22,20.4,20.6,20.35,20.35,19.32,113700,0.0,0
2018-05-23,20.3,20.4,20.05,20.25,19.22,110200,0.0,0
2018-05-24,20.15,20.3,19.85,20.15,19.13,104600,0.0,0
2018-05-25,20.05,20.3,20.05,20.3,19.27,103600,0.0,0
2018-05-29,20.15,20.25,19.83,20.0,18.99,151300,0.0,0
2018-05-30,20.05,20.58,20.05,20.45,19.41,125100,0.0,0
2018-05-31,20.5,20.55,20.23,20.35,19.32,184300,0.0,0
2018-06-01,20.45,20.55,20.27,20.35,19.32,133500,0.0,0
2018-06-04,20.4,20.85,20.35,20.75,19.7,209600,0.0,0
2018-06-05,20.75,20.8,20.35,20.5,19.46,230300,0.0,0
2018-06-06,20.5,20.63,20.3,20.45,19.41,177700,0.0,0
2018-06-07,20.45,20.65,20.45,20.6,19.56,116400,0.0,0
2018-06-08,20.6,20.7,20.45,20.45,19.41,140100,0.0,0
2018-06-11,20.5,20.6,20.1,20.3,19.27,113900,0.0,0
2018-06-12,20.3,20.6,19.93,20.1,19.08,111200,0.0,0
2018-06-13,20.1,20.2,19.8,19.9,18.89,210200,0.0,0
2018-06-14,19.9,19.95,19.6,19.8,18.8,167000,0.0,0
2018-06-15,19.65,19.9,19.63,19.8,18.8,372600,0.0,0
2018-06-18,19.75,20.0,19.55,19.85,18.84,145700,0.0,0
2018-06-19,19.7,20.2,19.7,20.1,19.08,211000,0.0,0
2018-06-20,20.1,20.4,20.1,20.35,19.32,137400,0.0,0
2018-06-21,20.25,20.5,20.1,20.35,19.32,213000,0.0,0
2018-06-22,20.5,20.58,20.2,20.4,19.37,298900,0.0,0
2018-06-25,20.25,20.5,20.15,20.35,19.32,181000,0.0,0
2018-06-26,20.35,20.45,20.15,20.35,19.32,91800,0.0,0
2018-06-27,20.3,20.3,19.65,19.7,18.7,107300,0.0,0
2018-06-28,19.65,19.9,19.6,19.7,18.7,128400,0.0,0
2018-06-29,19.8,19.8,19.4,19.5,18.51,131800,0.0,0
2018-07-02,19.4,19.9,19.4,19.9,18.89,166200,0.0,0
2018-07-03,19.85,20.05,19.85,19.9,18.89,65400,0.0,0
2018-07-05,20.0,20.25,19.85,20.25,19.22,134600,0.0,0
2018-07-06,20.2,20.35,20.1,20.25,19.22,89000,0.0,0
2018-07-09,20.3,20.5,20.2,20.4,19.37,105900,0.0,0
2018-07-10,20.55,20.55,20.05,20.2,19.18,108500,0.0,0
2018-07-11,20.15,20.35,20.15,20.2,19.18,82200,0.0,0
2018-07-12,20.3,20.4,19.83,20.0,18.99,101700,0.0,0
2018-07-13,19.95,20.0,19.7,19.75,18.75,112800,0.0,0
2018-07-16,19.8,20.0,19.7,19.95,18.94,124600,0.0,0
2018-07-17,20.1,20.2,19.9,19.9,18.89,95100,0.0,0
2018-07-18,19.9,20.0,19.8,19.9,18.89,61200,0.0,0
2018-07-19,19.8,20.1,19.8,20.0,18.99,70700,0.0,0
2018-07-20,19.95,20.15,19.95,20.05,19.03,74300,0.0,0
2018-07-23,20.0,20.35,20.0,20.25,19.22,63700,0.0,0
2018-07-24,20.4,20.4,20.05,20.15,19.13,98300,0.0,0
2018-07-25,20.1,20.15,19.5,19.6,18.61,135700,0.0,0
2018-07-26,19.65,19.95,19.4,19.6,18.61,181900,0.0,0
2018-07-27,19.55,19.6,17.9,17.9,16.99,475800,0.0,0
2018-07-30,17.85,18.15,17.35,17.4,16.52,553500,0.0,0
2018-07-31,17.35,17.48,17.1,17.2,16.33,404500,0.0,0
2018-08-01,17.25,17.5,17.15,17.35,16.47,263500,0.0,0
2018-08-02,17.3,17.45,17.25,17.4,16.52,138200,0.0,0
2018-08-03,17.4,17.55,17.2,17.4,16.52,183100,0.0,0
2018-08-06,17.55,17.7,17.35,17.6,16.71,262100,0.0,0
2018-08-07,17.5,17.5,17.25,17.4,16.65,287400,0.14,0
2018-08-08,17.35,17.75,17.3,17.7,16.94,208300,0.0,0
2018-08-09,17.65,17.9,17.65,17.85,17.08,327300,0.0,0
2018-08-10,17.75,18.0,17.75,18.0,17.22,205500,0.0,0
2018-08-13,18.1,18.1,17.7,17.85,17.08,276400,0.0,0
2018-08-14,17.8,18.3,17.75,18.1,17.32,234100,0.0,0
2018-08-15,18.1,18.25,17.85,18.1,17.32,289500,0.0,0
2018-08-16,18.3,18.6,18.2,18.5,17.7,249000,0.0,0
2018-08-17,18.4,18.48,18.3,18.4,17.61,734600,0.0,0
2018-08-20,18.45,18.6,18.3,18.55,17.75,134300,0.0,0
2018-08-21,18.5,18.8,18.25,18.75,17.94,205700,0.0,0
2018-08-22,18.65,18.7,18.5,18.6,17.8,187100,0.0,0
2018-08-23,18.65,18.65,18.45,18.55,17.75,169300,0.0,0
2018-08-24,18.6,18.6,18.4,18.5,17.7,142800,0.0,0
2018-08-27,18.5,18.65,18.4,18.45,17.66,236900,0.0,0
2018-08-28,18.55,18.55,18.3,18.4,17.61,153800,0.0,0
2018-08-29,18.35,18.43,18.1,18.25,17.46,242000,0.0,0
2018-08-30,18.2,18.48,18.15,18.4,17.61,277500,0.0,0
2018-08-31,18.35,18.4,17.95,18.15,17.37,287600,0.0,0
2018-09-04,18.15,18.25,17.9,18.0,17.22,154700,0.0,0
2018-09-05,17.95,18.25,17.95,18.0,17.22,146300,0.0,0
2018-09-06,18.0,18.1,17.85,18.0,17.22,172900,0.0,0
2018-09-07,18.0,18.0,17.75,17.9,17.13,285900,0.0,0
2018-09-10,17.9,18.05,17.83,17.9,17.13,112700,0.0,0
2018-09-11,17.85,17.95,17.75,17.75,16.99,158500,0.0,0
2018-09-12,17.7,17.7,17.45,17.6,16.84,204200,0.0,0
2018-09-13,17.6,17.85,17.6,17.75,16.99,172300,0.0,0
2018-09-14,17.7,18.05,17.7,18.0,17.22,135900,0.0,0
2018-09-17,18.0,18.0,17.7,17.9,17.13,119100,0.0,0
2018-09-18,17.85,18.0,17.75,17.8,17.03,91300,0.0,0
2018-09-19,17.75,18.0,17.7,17.7,16.94,168000,0.0,0
2018-09-20,17.75,18.1,17.75,18.1,17.32,109800,0.0,0
2018-09-21,18.05,18.35,17.95,17.95,17.18,277400,0.0,0
2018-09-24,17.8,17.9,17.55,17.7,16.94,149800,0.0,0
2018-09-25,17.75,17.85,17.55,17.6,16.84,133200,0.0,0
2018-09-26,17.55,17.7,17.25,17.3,16.55,134700,0.0,0
2018-09-27,17.25,17.5,17.25,17.35,16.6,125200,0.0,0
2018-09-28,17.4,17.9,17.4,17.85,17.08,269700,0.0,0
2018-10-01,17.85,17.85,17.45,17.49,16.74,161200,0.0,0
2018-10-02,17.46,17.58,17.45,17.53,16.77,98200,0.0,0
2018-10-03,17.43,17.82,17.35,17.77,17.0,153700,0.0,0
2018-10-04,17.8,18.2,17.8,18.18,17.4,255200,0.0,0
2018-10-05,18.17,18.33,18.0,18.23,17.44,554000,0.0,0
2018-10-08,18.25,18.74,18.08,18.7,17.89,303800,0.0,0
2018-10-09,18.69,18.91,18.31,18.33,17.54,277200,0.0,0
2018-10-10,18.33,18.58,18.13,18.14,17.36,220000,0.0,0
2018-10-11,18.15,18.18,17.52,17.52,16.77,179300,0.0,0
2018-10-12,17.61,17.72,16.62,16.8,16.08,321100,0.0,0
2018-10-15,16.82,17.14,16.81,17.02,16.29,111400,0.0,0
2018-10-16,17.1,17.35,16.73,17.31,16.56,117100,0.0,0
2018-10-17,17.24,17.32,16.94,17.26,16.52,107400,0.0,0
2018-10-18,17.2,17.3,16.82,16.84,16.11,75400,0.0,0
2018-10-19,16.82,17.13,16.64,16.69,15.97,129100,0.0,0
2018-10-22,16.71,16.73,16.22,16.32,15.62,165200,0.0,0
2018-10-23,16.09,16.74,16.09,16.65,15.93,202700,0.0,0
2018-10-24,16.61,16.61,16.23,16.3,15.6,246600,0.0,0
2018-10-25,16.37,16.8,16.22,16.74,16.02,257500,0.0,0
2018-10-26,16.12,16.49,15.48,16.12,15.43,416200,0.0,0
2018-10-29,16.01,16.73,16.01,16.6,15.88,162400,0.0,0
2018-10-30,16.6,16.73,16.38,16.59,15.88,471000,0.0,0
2018-10-31,16.58,16.71,15.68,16.12,15.43,279500,0.0,0
2018-11-01,16.13,16.38,16.07,16.32,15.62,179800,0.0,0
2018-11-02,16.33,16.61,16.23,16.47,15.76,143900,0.0,0
2018-11-05,16.28,16.52,16.02,16.27,15.7,331200,0.14,0
2018-11-06,16.23,16.58,16.21,16.5,15.92,156800,0.0,0
2018-11-07,16.51,16.6,16.2,16.37,15.8,425700,0.0,0
2018-11-08,16.35,16.79,16.35,16.67,16.09,98200,0.0,0
2018-11-09,16.64,16.91,16.39,16.39,15.82,161600,0.0,0
2018-11-12,16.36,16.52,16.21,16.35,15.78,181500,0.0,0
2018-11-13,16.45,16.85,16.2,16.62,16.04,257400,0.0,0
2018-11-14,16.8,16.93,16.33,16.5,15.92,139300,0.0,0
2018-11-15,16.38,16.94,16.34,16.94,16.35,132300,0.0,0
2018-11-16,16.83,16.93,16.61,16.84,16.25,253800,0.0,0
2018-11-19,16.85,17.06,16.7,16.93,16.34,150200,0.0,0
2018-11-20,16.9,17.12,16.8,16.83,16.24,158700,0.0,0
2018-11-21,16.79,17.24,16.71,17.01,16.42,131700,0.0,0
2018-11-23,17.01,17.42,17.01,17.22,16.62,93700,0.0,0
2018-11-26,17.35,17.75,17.3,17.7,17.08,270200,0.0,0
2018-11-27,17.62,17.74,17.48,17.66,17.04,177400,0.0,0
2018-11-28,17.65,18.1,17.46,17.96,17.33,209300,0.0,0
2018-11-29,17.85,18.12,17.75,17.94,17.31,212800,0.0,0
2018-11-30,17.94,18.34,17.94,18.25,17.61,204100,0.0,0
2018-12-03,18.35,18.35,17.78,18.1,17.47,194600,0.0,0
2018-12-04,18.0,18.08,17.08,17.1,16.5,212300,0.0,0
2018-12-06,16.83,17.33,16.79,17.26,16.66,210100,0.0,0
2018-12-07,17.29,17.58,17.21,17.34,16.74,188500,0.0,0
2018-12-10,17.25,17.35,17.05,17.25,16.65,186900,0.0,0
2018-12-11,17.41,17.61,17.04,17.15,16.55,146400,0.0,0
2018-12-12,17.3,17.52,17.06,17.3,16.7,137500,0.0,0
2018-12-13,17.3,17.39,16.92,16.92,16.33,100900,0.0,0
2018-12-14,16.78,17.13,16.78,16.9,16.31,116000,0.0,0
2018-12-17,16.95,17.26,16.86,16.99,16.4,151600,0.0,0
2018-12-18,17.07,17.2,16.84,16.86,16.27,114300,0.0,0
2018-12-19,16.86,16.86,16.08,16.2,15.64,152300,0.0,0
2018-12-20,16.18,16.49,16.17,16.26,15.69,142200,0.0,0
2018-12-21,16.31,16.58,16.2,16.21,15.64,727300,0.0,0
2018-12-24,16.2,16.34,15.94,15.95,15.39,153400,0.0,0
2018-12-26,16.02,16.66,15.98,16.62,16.04,142600,0.0,0
2018-12-27,16.34,16.66,16.22,16.59,16.01,124500,0.0,0
2018-12-28,16.58,16.91,16.58,16.83,16.24,143300,0.0,0
2018-12-31,16.84,17.17,16.63,16.98,16.39,128700,0.0,0
2019-01-02,16.8,17.27,16.79,17.24,16.64,118400,0.0,0
2019-01-03,17.11,17.43,17.05,17.27,16.67,139600,0.0,0
2019-01-04,17.42,17.74,17.35,17.68,17.06,192000,0.0,0
2019-01-07,17.58,17.8,17.57,17.75,17.13,154600,0.0,0
2019-01-08,17.84,17.85,17.59,17.83,17.21,130000,0.0,0
2019-01-09,17.85,17.89,17.61,17.66,17.04,195100,0.0,0
2019-01-10,17.58,17.61,17.21,17.36,16.75,138900,0.0,0
2019-01-11,17.32,17.5,17.24,17.45,16.84,166200,0.0,0
2019-01-14,17.37,17.64,17.36,17.36,16.75,97500,0.0,0
2019-01-15,17.35,17.43,17.2,17.43,16.82,82300,0.0,0
2019-01-16,17.48,17.74,17.48,17.68,17.06,117200,0.0,0
2019-01-17,17.59,18.0,17.59,17.96,17.33,131500,0.0,0
2019-01-18,17.96,18.33,17.95,18.31,17.67,186800,0.0,0
2019-01-22,18.17,18.36,18.07,18.27,17.63,171900,0.0,0
2019-01-23,18.26,18.63,18.26,18.61,17.96,148600,0.0,0
2019-01-24,18.52,18.68,18.22,18.61,17.96,144400,0.0,0
2019-01-25,19.5,20.27,19.0,19.76,19.07,338900,0.0,0
2019-01-28,19.7,19.7,19.1,19.52,18.84,144100,0.0,0
2019-01-29,19.69,19.74,19.47,19.56,18.88,219200,0.0,0
2019-01-30,19.53,19.74,19.53,19.66,18.97,116700,0.0,0
2019-01-31,19.61,19.76,19.51,19.72,19.03,161800,0.0,0
2019-02-01,19.72,19.85,19.65,19.72,19.03,140900,0.0,0
2019-02-04,19.71,19.84,19.65,19.84,19.15,104200,0.0,0
2019-02-05,19.72,19.89,19.64,19.86,19.3,115600,0.14,0
2019-02-06,19.82,19.99,19.82,19.86,19.3,94100,0.0,0
2019-02-07,19.9,20.04,19.77,20.04,19.48,273400,0.0,0
2019-02-08,20.04,20.07,19.77,19.84,19.28,124200,0.0,0
2019-02-11,19.89,19.93,19.78,19.83,19.27,180300,0.0,0
2019-02-12,19.94,20.04,19.84,19.94,19.38,131700,0.0,0
2019-02-13,19.72,20.1,19.72,19.95,19.39,293300,0.0,0
2019-02-14,19.92,19.92,19.55,19.62,19.07,271800,0.0,0
2019-02-15,19.72,20.11,19.7,20.08,19.52,816500,0.0,0
2019-02-19,20.02,20.55,19.17,20.28,19.71,208100,0.0,0
2019-02-20,20.29,20.5,20.14,20.33,19.76,207000,0.0,0
2019-02-21,20.32,20.53,20.05,20.22,19.65,165400,0.0,0
2019-02-22,20.21,20.36,20.19,20.33,19.76,117000,0.0,0
2019-02-25,20.37,20.46,20.13,20.21,19.64,109500,0.0,0
2019-02-26,20.18,20.33,19.99,20.04,19.48,93500,0.0,0
2019-02-27,20.03,20.27,19.98,20.26,19.69,64100,0.0,0
2019-02-28,20.21,20.34,19.93,19.98,19.42,190300,0.0,0
2019-03-01,20.12,20.33,19.84,19.97,19.41,130600,0.0,0
2019-03-04,19.96,20.43,19.94,20.17,19.6,206100,0.0,0
2019-03-05,20.18,20.27,20.0,20.11,19.55,122700,0.0,0
2019-03-06,20.1,20.15,19.65,19.72,19.17,149400,0.0,0
2019-03-07,19.7,19.89,19.43,19.48,18.93,404700,0.0,0
2019-03-08,19.39,19.89,19.39,19.73,19.18,162000,0.0,0
2019-03-11,19.68,19.95,19.6,19.95,19.39,108200,0.0,0
2019-03-12,19.96,20.01,19.76,19.85,19.29,79800,0.0,0
2019-03-13,19.86,20.08,19.86,19.94,19.38,76900,0.0,0
2019-03-14,19.94,20.08,19.86,20.01,19.45,81500,0.0,0
2019-03-15,20.0,20.25,19.88,20.01,19.45,253000,0.0,0
2019-03-18,20.0,20.28,19.99,20.21,19.64,106000,0.0,0
2019-03-19,20.27,20.3,19.8,19.9,19.34,70800,0.0,0
2019-03-20,19.85,20.03,19.5,19.51,18.96,112900,0.0,0
2019-03-21,19.42,19.82,19.26,19.47,18.92,163200,0.0,0
2019-03-22,19.31,19.49,18.47,18.53,18.01,160900,0.0,0
2019-03-25,18.46,18.7,18.34,18.45,17.93,104700,0.0,0
2019-03-26,18.45,18.94,18.41,18.91,18.38,99800,0.0,0
2019-03-27,18.84,19.17,18.48,19.06,18.53,85100,0.0,0
2019-03-28,19.01,19.25,18.91,19.18,18.64,77100,0.0,0
2019-03-29,19.25,19.26,18.64,18.73,18.21,269900,0.0,0
2019-04-01,18.77,19.18,18.77,19.14,18.6,173900,0.0,0
2019-04-02,19.14,19.35,19.04,19.17,18.63,76400,0.0,0
2019-04-03,19.36,19.4,19.11,19.12,18.58,80700,0.0,0
2019-04-04,19.16,19.65,19.16,19.57,19.02,237500,0.0,0
2019-04-05,19.62,19.83,19.49,19.7,19.15,489000,0.0,0
2019-04-08,19.67,19.79,19.56,19.78,19.23,85700,0.0,0
2019-04-09,19.74,19.8,19.48,19.49,18.94,92200,0.0,0
2019-04-10,19.49,19.81,19.44,19.81,19.25,119500,0.0,0
2019-04-11,19.85,19.93,19.7,19.77,19.22,51100,0.0,0
2019-04-12,19.87,20.1,19.7,19.82,19.26,53800,0.0,0
2019-04-15,19.84,19.84,19.48,19.54,18.99,55800,0.0,0
2019-04-16,19.58,20.0,19.58,19.98,19.42,66700,0.0,0
2019-04-17,19.99,19.99,19.75,19.88,19.32,80900,0.0,0
2019-04-18,19.76,19.87,19.61,19.61,19.06,48600,0.0,0
2019-04-22,19.63,19.66,19.04,19.13,18.59,77000,0.0,0
2019-04-23,19.16,19.66,19.09,19.6,19.05,95700,0.0,0
2019-04-24,19.51,19.84,19.51,19.79,19.24,68800,0.0,0
2019-04-25,19.66,19.68,19.19,19.54,18.99,37000,0.0,0
2019-04-26,19.51,20.0,19.24,19.96,19.4,70000,0.0,0
2019-04-29,20.03,20.28,19.98,19.98,19.42,66800,0.0,0
2019-04-30,19.97,20.18,19.93,20.15,19.59,114500,0.0,0
2019-05-01,20.11,20.29,19.32,19.5,18.95,406800,0.0,0
2019-05-02,19.51,19.9,19.51,19.79,19.24,96400,0.0,0
2019-05-03,19.84,20.23,19.61,20.21,19.64,166800,0.0,0
2019-05-06,20.01,20.24,19.97,20.21,19.64,210200,0.0,0
2019-05-07,19.91,19.91,19.23,19.41,19.0,362600,0.14,0
2019-05-08,19.42,20.08,19.36,19.84,19.42,149500,0.0,0
2019-05-09,19.71,19.83,19.52,19.76,19.34,91800,0.0,0
2019-05-10,19.76,19.86,19.55,19.83,19.41,71000,0.0,0
2019-05-13,19.57,19.65,19.2,19.28,18.87,77500,0.0,0
2019-05-14,19.28,19.45,19.25,19.34,18.93,65900,0.0,0
2019-05-15,19.31,19.31,18.85,18.93,18.53,97500,0.0,0
2019-05-16,18.9,18.97,18.29,18.34,17.95,232100,0.0,0
2019-05-17,18.17,18.46,18.17,18.2,17.81,136600,0.0,0
2019-05-20,18.07,18.51,18.07,18.33,17.94,103000,0.0,0
2019-05-21,18.4,18.54,18.35,18.46,18.07,209900,0.0,0
2019-05-22,18.39,18.46,18.19,18.24,17.85,76600,0.0,0
2019-05-23,17.98,18.11,17.78,17.88,17.5,99800,0.0,0
2019-05-24,17.95,18.08,17.89,17.94,17.56,146500,0.0,0
2019-05-28,17.9,17.95,17.72,17.75,17.37,251800,0.0,0
2019-05-29,17.78,18.05,17.7,17.94,17.56,238800,0.0,0
2019-05-30,17.96,18.25,17.8,17.87,17.49,208700,0.0,0
2019-05-31,17.68,17.97,17.68,17.78,17.4,195000,0.0,0
2019-06-03,17.77,18.03,17.76,17.93,17.55,158800,0.0,0
2019-06-04,18.12,18.8,18.11,18.75,18.35,180600,0.0,0
2019-06-05,18.78,18.78,18.4,18.63,18.23,89400,0.0,0
2019-06-06,18.66,18.72,18.31,18.49,18.1,97800,0.0,0
2019-06-07,18.48,18.56,18.27,18.36,17.97,88500,0.0,0
2019-06-10,18.43,18.9,18.43,18.79,18.39,134900,0.0,0
2019-06-11,18.86,18.98,18.64,18.78,18.38,92100,0.0,0
2019-06-12,18.74,18.84,18.47,18.49,18.1,124300,0.0,0
2019-06-13,18.53,18.74,18.4,18.5,18.11,113300,0.0,0
2019-06-14,18.49,18.63,18.24,18.37,17.98,91200,0.0,0
2019-06-17,18.37,18.5,18.25,18.28,17.89,91100,0.0,0
2019-06-18,18.34,18.72,18.3,18.58,18.19,92700,0.0,0
2019-06-19,18.6,18.84,18.55,18.69,18.29,139200,0.0,0
2019-06-20,18.79,18.79,18.25,18.43,18.04,118900,0.0,0
2019-06-21,18.32,18.46,18.28,18.3,17.91,205800,0.0,0
2019-06-24,18.31,18.48,18.06,18.2,17.81,121900,0.0,0
2019-06-25,18.18,18.34,17.95,18.21,17.82,116600,0.0,0
2019-06-26,18.28,18.4,18.2,18.22,17.83,59700,0.0,0
2019-06-27,18.24,18.63,18.24,18.63,18.23,91500,0.0,0
2019-06-28,18.63,19.07,18.62,18.99,18.59,236100,0.0,0
2019-07-01,19.13,19.13,18.81,18.87,18.47,85300,0.0,0
2019-07-02,18.85,18.96,18.6,18.71,18.31,55900,0.0,0
2019-07-03,18.8,18.84,18.72,18.84,18.44,70300,0.0,0
2019-07-05,18.84,19.16,18.59,19.15,18.74,51000,0.0,0
2019-07-08,19.13,19.13,18.85,18.89,18.49,60700,0.0,0
2019-07-09,18.81,18.92,18.66,18.86,18.46,79600,0.0,0
2019-07-10,18.92,19.07,18.73,19.0,18.6,89400,0.0,0
2019-07-11,19.01,19.11,18.88,18.94,18.54,74800,0.0,0
2019-07-12,18.99,19.23,18.83,19.14,18.73,87900,0.0,0
2019-07-15,19.14,19.14,18.67,18.79,18.39,117700,0.0,0
2019-07-16,18.68,18.86,18.65,18.71,18.31,80000,0.0,0
2019-07-17,18.69,18.69,18.43,18.56,18.17,132200,0.0,0
2019-07-18,18.62,18.97,18.55,18.9,18.5,92700,0.0,0
2019-07-19,18.8,18.98,18.8,18.84,18.44,84200,0.0,0
2019-07-22,18.82,18.92,18.66,18.82,18.42,48700,0.0,0
2019-07-23,18.86,19.04,18.8,19.01,18.61,43300,0.0,0
2019-07-24,18.89,19.26,18.87,19.23,18.82,112500,0.0,0
2019-07-25,19.18,19.18,18.6,18.79,18.39,96600,0.0,0
2019-07-26,19.38,20.88,19.1,20.4,19.97,342800,0.0,0
2019-07-29,20.39,20.4,19.69,19.72,19.3,145800,0.0,0
2019-07-30,19.42,20.18,19.42,20.17,19.74,166700,0.0,0
2019-07-31,20.18,20.59,20.04,20.18,19.75,184600,0.0,0
2019-08-01,20.17,20.34,19.76,20.0,19.58,288200,0.0,0
2019-08-02,19.91,20.09,19.7,20.01,19.59,127100,0.0,0
2019-08-05,19.72,19.87,19.46,19.8,19.38,178900,0.0,0
2019-08-06,19.72,19.9,19.5,19.87,19.59,127500,0.14,0
2019-08-07,19.58,19.86,19.35,19.8,19.52,112600,0.0,0
2019-08-08,19.91,20.25,19.91,20.1,19.81,118900,0.0,0
2019-08-09,20.14,20.14,19.64,19.95,19.67,94400,0.0,0
2019-08-12,19.85,20.12,19.85,20.01,19.72,72000,0.0,0
2019-08-13,19.96,20.36,19.96,20.27,19.98,89600,0.0,0
2019-08-14,20.03,20.19,19.88,20.12,19.83,133000,0.0,0
2019-08-15,20.2,20.36,19.98,20.14,19.85,97400,0.0,0
2019-08-16,20.23,20.48,20.13,20.24,19.95,188900,0.0,0
2019-08-19,20.39,20.77,20.39,20.51,20.22,124800,0.0,0
2019-08-20,20.49,20.54,20.35,20.38,20.09,101100,0.0,0
2019-08-21,20.37,20.46,20.26,20.3,20.01,55800,0.0,0
2019-08-22,20.38,20.5,20.22,20.34,20.05,46200,0.0,0
2019-08-23,20.28,20.41,19.8,19.84,19.56,105000,0.0,0
2019-08-26,19.96,20.13,19.88,20.11,19.82,70400,0.0,0
2019-08-27,20.22,20.37,19.55,19.62,19.34,114100,0.0,0
2019-08-28,19.55,19.91,19.55,19.65,19.37,93000,0.0,0
2019-08-29,19.83,20.03,19.82,19.87,19.59,73500,0.0,0
2019-08-30,19.96,20.04,19.74,19.83,19.55,65700,0.0,0
2019-09-03,19.74,19.87,19.41,19.81,19.53,77700,0.0,0
2019-09-04,20.04,20.2,19.84,19.9,19.62,56000,0.0,0
2019-09-05,20.09,20.49,19.86,19.91,19.63,154800,0.0,0
2019-09-06,19.96,20.08,19.91,20.01,19.72,72600,0.0,0
2019-09-09,20.1,20.75,20.05,20.73,20.43,119400,0.0,0
2019-09-10,20.75,21.11,20.75,21.0,20.7,89000,0.0,0
2019-09-11,21.03,21.5,21.01,21.48,21.17,129500,0.0,0
2019-09-12,21.5,21.88,21.25,21.72,21.41,127900,0.0,0
2019-09-13,21.91,22.0,21.61,21.77,21.46,86000,0.0,0
2019-09-16,21.67,21.87,21.52,21.75,21.44,64400,0.0,0
2019-09-17,21.65,21.8,21.4,21.78,21.47,73600,0.0,0
2019-09-18,21.84,21.84,21.52,21.68,21.37,91000,0.0,0
2019-09-19,21.73,21.94,21.54,21.55,21.24,97700,0.0,0
2019-09-20,21.52,21.7,21.35,21.43,21.12,209500,0.0,0
2019-09-23,21.52,21.56,21.39,21.42,21.11,64900,0.0,0
2019-09-24,21.52,21.55,21.28,21.31,21.01,119400,0.0,0
2019-09-25,21.4,21.78,21.27,21.74,21.43,107900,0.0,0
2019-09-26,21.77,21.77,21.4,21.46,21.15,92300,0.0,0
2019-09-27,21.4,21.7,21.4,21.55,21.24,93200,0.0,0
2019-09-30,21.53,21.63,21.4,21.41,21.1,79000,0.0,0
2019-10-01,21.53,21.67,21.18,21.19,20.89,147600,0.0,0
2019-10-02,21.12,21.31,21.01,21.29,20.99,92400,0.0,0
2019-10-03,21.17,21.31,21.01,21.29,20.99,140800,0.0,0
2019-10-04,21.31,21.6,21.3,21.5,21.19,55400,0.0,0
2019-10-07,21.42,21.58,21.26,21.36,21.06,145800,0.0,0
2019-10-08,21.33,21.41,21.1,21.31,21.01,100400,0.0,0
2019-10-09,21.4,21.51,21.31,21.42,21.11,56200,0.0,0
2019-10-10,21.46,21.61,21.38,21.42,21.11,79100,0.0,0
2019-10-11,21.66,21.97,21.44,21.61,21.3,77400,0.0,0
2019-10-14,21.53,21.77,21.5,21.7,21.39,55000,0.0,0
2019-10-15,21.74,21.95,21.72,21.84,21.53,79500,0.0,0
2019-10-16,21.93,22.0,21.79,21.89,21.58,101100,0.0,0
2019-10-17,21.96,22.18,21.84,22.14,21.82,111100,0.0,0
2019-10-18,22.03,22.36,22.03,22.21,21.89,71200,0.0,0
2019-10-21,22.43,22.5,22.3,22.47,22.15,80900,0.0,0
2019-10-22,22.37,22.5,22.22,22.26,21.94,79300,0.0,0
2019-10-23,22.25,22.28,22.09,22.26,21.94,37300,0.0,0
2019-10-24,22.2,22.31,22.11,22.21,21.89,109400,0.0,0
2019-10-25,20.13,20.41,18.54,19.08,18.81,663300,0.0,0
2019-10-28,19.08,19.89,18.88,18.94,18.67,244000,0.0,0
2019-10-29,18.77,19.45,18.77,19.35,19.07,211300,0.0,0
2019-10-30,19.27,19.46,19.04,19.09,18.82,136600,0.0,0
2019-10-31,19.24,19.4,18.88,19.29,19.01,236400,0.0,0
2019-11-01,19.39,19.5,18.9,19.08,18.81,254300,0.0,0
2019-11-04,19.25,19.51,18.93,19.49,19.21,260700,0.0,0
2019-11-05,19.39,19.9,19.39,19.86,19.72,175800,0.14,0
2019-11-06,19.85,19.85,19.59,19.74,19.6,212900,0.0,0
2019-11-07,19.86,20.07,19.59,19.62,19.48,152900,0.0,0
2019-11-08,19.51,19.59,19.11,19.41,19.27,173400,0.0,0
2019-11-11,19.36,19.46,18.77,19.43,19.29,172300,0.0,0
2019-11-12,19.45,19.82,19.39,19.75,19.61,172200,0.0,0
2019-11-13,19.72,19.76,19.51,19.56,19.42,168300,0.0,0
2019-11-14,19.53,19.75,19.4,19.67,19.53,181500,0.0,0
2019-11-15,19.79,19.82,19.49,19.75,19.61,1127300,0.0,0
2019-11-18,19.75,20.04,19.72,19.99,19.85,140400,0.0,0
2019-11-19,20.1,20.3,19.99,20.19,20.05,114400,0.0,0
2019-11-20,20.15,20.38,19.92,20.03,19.89,261100,0.0,0
2019-11-21,20.13,20.2,19.78,19.86,19.72,144600,0.0,0
2019-11-22,19.86,19.92,19.65,19.7,19.56,86100,0.0,0
2019-11-25,19.8,20.2,19.74,20.1,19.96,152300,0.0,0
2019-11-26,20.11,20.2,19.93,20.04,19.9,136100,0.0,0
2019-11-27,20.15,20.23,20.06,20.17,20.03,95600,0.0,0
2019-11-29,20.09,20.26,20.09,20.16,20.02,82800,0.0,0
2019-12-02,20.2,20.3,19.94,19.97,19.83,160500,0.0,0
2019-12-03,19.77,19.95,19.73,19.88,19.74,128700,0.0,0
2019-12-04,20.01,20.21,19.96,20.06,19.92,117600,0.0,0
2019-12-05,20.06,20.18,20.04,20.06,19.92,124000,0.0,0
2019-12-06,20.23,20.35,19.99,20.01,19.87,164800,0.0,0
2019-12-09,20.02,20.12,19.91,19.99,19.85,130000,0.0,0
2019-12-10,19.9,20.03,19.78,19.84,19.7,137600,0.0,0
2019-12-11,19.96,20.17,19.85,20.0,19.86,167400,0.0,0
2019-12-12,20.0,20.49,20.0,20.33,20.18,155400,0.0,0
2019-12-13,20.3,20.5,20.23,20.48,20.33,240000,0.0,0
2019-12-16,20.59,20.83,20.42,20.45,20.3,185000,0.0,0
2019-12-17,20.39,20.7,20.35,20.67,20.52,181000,0.0,0
2019-12-18,20.76,20.9,20.58,20.78,20.63,144500,0.0,0
2019-12-19,21.68,21.68,20.84,20.95,20.8,231700,0.0,0
2019-12-20,20.96,21.15,20.92,20.95,20.8,616000,0.0,0
2019-12-23,20.94,20.94,20.69,20.82,20.67,157400,0.0,0
2019-12-24,20.76,20.92,20.7,20.82,20.67,127700,0.0,0
2019-12-26,20.92,21.05,20.72,20.79,20.64,88200,0.0,0
2019-12-27,20.8,20.88,20.67,20.75,20.6,107000,0.0,0
2019-12-30,20.76,21.05,20.73,20.89,20.74,119200,0.0,0
2019-12-31,20.83,21.0,20.8,20.89,20.74,137100,0.0,0
2020-01-02,20.96,20.96,20.44,20.67,20.52,90300,0.0,0
2020-01-03,20.32,20.64,20.32,20.59,20.44,169000,0.0,0
2020-01-06,20.45,20.45,20.24,20.33,20.18,164600,0.0,0
2020-01-07,20.3,20.33,19.84,19.89,19.75,91100,0.0,0
2020-01-08,19.9,20.06,19.89,19.97,19.83,80900,0.0,0
2020-01-09,19.99,20.13,19.92,19.99,19.85,109300,0.0,0
2020-01-10,19.99,19.99,19.78,19.89,19.75,94500,0.0,0
2020-01-13,19.87,20.04,19.79,20.03,19.89,119800,0.0,0
2020-01-14,20.04,20.17,19.87,19.92,19.78,135000,0.0,0
2020-01-15,19.89,20.04,19.84,19.99,19.85,86300,0.0,0
2020-01-16,20.09,20.38,20.08,20.24,20.1,68300,0.0,0
2020-01-17,20.36,20.36,20.14,20.14,20.0,78000,0.0,0
2020-01-21,20.04,20.25,20.04,20.11,19.97,80200,0.0,0
2020-01-22,20.2,20.23,19.95,20.12,19.98,80200,0.0,0
2020-01-23,20.03,20.16,19.84,20.03,19.89,173300,0.0,0
2020-01-24,19.05,19.9,19.02,19.68,19.54,262200,0.0,0
2020-01-27,19.69,19.95,19.51,19.83,19.69,118200,0.0,0
2020-01-28,19.81,20.1,19.81,19.92,19.78,116600,0.0,0
2020-01-29,19.86,19.95,19.56,19.59,19.45,138200,0.0,0
2020-01-30,19.47,19.74,19.47,19.68,19.54,113800,0.0,0
2020-01-31,19.67,19.75,19.38,19.41,19.27,116800,0.0,0
2020-02-03,19.42,19.59,19.24,19.4,19.26,200700,0.0,0
2020-02-04,19.52,19.74,19.4,19.62,19.48,150300,0.0,0
2020-02-05,19.77,19.97,19.59,19.86,19.86,127000,0.14,0
2020-02-06,19.98,20.1,19.67,19.69,19.69,187700,0.0,0
2020-02-07,19.76,19.98,19.72,19.88,19.88,133200,0.0,0
2020-02-10,19.86,19.96,19.73,19.8,19.8,111900,0.0,0
2020-02-11,19.82,20.08,19.64,19.67,19.67,236200,0.0,0
2020-02-12,19.72,19.79,19.63,19.67,19.67,88400,0.0,0
2020-02-13,19.57,19.83,19.57,19.76,19.76,109900,0.0,0
2020-02-14,19.73,19.98,19.5,19.52,19.52,92900,0.0,0
2020-02-18,19.44,19.52,19.29,19.3,19.3,72600,0.0,0
2020-02-19,19.27,19.34,19.19,19.19,19.19,79900,0.0,0
2020-02-20,19.14,19.37,19.14,19.29,19.29,75100,0.0,0
2020-02-21,19.3,19.33,19.14,19.24,19.24,84300,0.0,0
2020-02-24,18.82,19.06,18.82,18.88,18.88,104000,0.0,0
2020-02-25,18.84,18.84,18.19,18.2,18.2,148300,0.0,0
2020-02-26,18.19,18.55,18.11,18.13,18.13,116800,0.0,0
2020-02-27,17.88,18.29,17.35,17.37,17.37,189200,0.0,0
2020-02-28,16.93,17.22,16.55,16.78,16.78,200400,0.0,0
2020-03-02,16.78,17.91,16.74,17.85,17.85,144800,0.0,0
2020-03-03,17.8,17.88,17.34,17.41,17.41,150900,0.0,0
2020-03-04,17.53,17.87,17.31,17.75,17.75,146800,0.0,0
2020-03-05,17.36,17.47,16.83,17.11,17.11,172500,0.0,0
2020-03-06,16.7,17.23,16.48,16.81,16.81,165000,0.0,0
2020-03-09,15.86,16.07,14.95,14.95,14.95,170000,0.0,0
2020-03-10,15.35,15.63,14.82,15.5,15.5,154100,0.0,0
2020-03-11,15.03,15.15,14.38,14.62,14.62,159800,0.0,0
2020-03-12,13.76,14.68,13.15,13.25,13.25,252900,0.0,0
