Date,Open,High,Low,Close,Adj Close,Volume,Dividends,Stock Splits
2010-01-04,13.76,13.89,13.67,13.84,6.06,380400,0.0,0
2010-01-05,13.65,14.09,13.63,14.07,6.16,303900,0.0,0
2010-01-06,14.03,14.09,13.96,14.08,6.16,288800,0.0,0
2010-01-07,14.08,14.11,14.0,14.03,6.14,256600,0.0,0
2010-01-08,14.07,14.25,14.03,14.25,6.24,203400,0.0,0
2010-01-11,14.29,14.29,14.07,14.17,6.2,229500,0.0,0
2010-01-12,14.12,14.17,14.07,14.17,6.2,278300,0.0,0
2010-01-13,14.22,14.3,14.13,14.3,6.26,221100,0.0,0
2010-01-14,14.32,14.44,14.25,14.37,6.29,219700,0.0,0
2010-01-15,14.35,14.35,14.1,14.23,6.23,246100,0.0,0
2010-01-19,13.9,14.45,13.88,14.45,6.32,249300,0.0,0
2010-01-20,14.38,14.51,14.13,14.48,6.34,322900,0.0,0
2010-01-21,14.54,14.54,14.13,14.23,6.23,272400,0.0,0
2010-01-22,14.22,14.23,13.93,14.01,6.13,304200,0.0,0
2010-01-25,14.06,14.08,13.64,13.69,5.99,425700,0.0,0
2010-01-26,13.62,13.66,13.14,13.21,5.78,505400,0.0,0
2010-01-27,13.23,13.28,12.61,13.02,5.7,692500,0.0,0
2010-01-28,13.17,13.17,12.8,13.1,5.73,464800,0.0,0
2010-01-29,13.24,13.24,12.81,12.98,5.68,305600,0.0,0
2010-02-01,13.01,13.18,12.98,13.11,5.74,211300,0.0,0
2010-02-02,13.13,13.41,13.13,13.4,5.86,204500,0.0,0
2010-02-03,13.37,13.46,13.29,13.43,5.88,182300,0.0,0
2010-02-04,13.19,13.31,12.88,12.88,5.64,272600,0.0,0
2010-02-05,12.82,12.86,12.05,12.52,5.48,657000,0.0,0
2010-02-08,12.57,12.57,12.31,12.4,5.43,224300,0.0,0
2010-02-09,12.57,12.65,12.33,12.48,5.46,422200,0.0,0
2010-02-10,12.48,12.56,12.36,12.54,5.49,162500,0.0,0
2010-02-11,12.55,12.81,12.51,12.8,5.6,214800,0.0,0
2010-02-12,12.75,12.86,12.66,12.79,5.6,182000,0.0,0
2010-02-16,12.91,13.01,12.86,12.99,5.68,180900,0.0,0
2010-02-17,13.05,13.23,12.99,13.12,5.79,185500,0.103,0
2010-02-18,13.15,13.24,13.05,13.17,5.81,221000,0.0,0
2010-02-19,13.06,13.29,13.01,13.15,5.8,236700,0.0,0
2010-02-22,13.12,13.14,13.01,13.04,5.75,316100,0.0,0
2010-02-23,13.0,13.06,12.92,12.95,5.71,257200,0.0,0
2010-02-24,12.95,13.15,12.95,13.04,5.75,172800,0.0,0
2010-02-25,12.94,13.06,12.82,13.06,5.76,235700,0.0,0
2010-02-26,13.13,13.22,13.0,13.2,5.82,208100,0.0,0
2010-03-01,13.25,13.39,13.23,13.38,5.9,228800,0.0,0
2010-03-02,13.44,13.56,13.35,13.44,5.93,222200,0.0,0
2010-03-03,13.52,13.63,13.39,13.39,5.91,280200,0.0,0
2010-03-04,13.43,13.52,13.39,13.4,5.91,276500,0.0,0
2010-03-05,13.5,13.72,13.47,13.72,6.05,214100,0.0,0
2010-03-08,13.75,13.84,13.71,13.81,6.09,209100,0.0,0
2010-03-09,13.77,13.95,13.77,13.95,6.15,262100,0.0,0
2010-03-10,13.96,14.13,13.94,14.07,6.21,296200,0.0,0
2010-03-11,14.02,14.14,13.99,14.14,6.24,320800,0.0,0
2010-03-12,14.19,14.2,14.1,14.14,6.24,206900,0.0,0
2010-03-15,14.1,14.12,13.95,14.04,6.19,189500,0.0,0
2010-03-16,14.06,14.25,14.05,14.21,6.27,371900,0.0,0
2010-03-17,14.23,14.35,14.23,14.31,6.31,290800,0.0,0
2010-03-18,14.34,14.34,14.26,14.29,6.3,212500,0.0,0
2010-03-19,14.14,14.32,14.01,14.14,6.24,256700,0.0,0
2010-03-22,14.0,14.1,13.94,14.03,6.23,159200,0.103,0
2010-03-23,14.01,14.14,14.0,14.13,6.28,173400,0.0,0
2010-03-24,13.94,14.13,13.94,14.12,6.27,212300,0.0,0
2010-03-25,14.16,14.24,13.92,13.92,6.19,367600,0.0,0
2010-03-26,13.95,14.06,13.81,13.86,6.16,222300,0.0,0
2010-03-29,13.86,13.96,13.82,13.87,6.16,234000,0.0,0
2010-03-30,13.87,13.99,13.84,13.93,6.19,248500,0.0,0
2010-03-31,13.92,13.96,13.82,13.89,6.17,270500,0.0,0
2010-04-01,13.97,14.04,13.93,14.0,6.22,234900,0.0,0
2010-04-05,14.0,14.21,13.99,14.1,6.27,290500,0.0,0
2010-04-06,14.06,14.28,14.04,14.27,6.34,215000,0.0,0
2010-04-07,14.31,14.39,14.25,14.32,6.36,258600,0.0,0
2010-04-08,14.33,14.34,14.17,14.34,6.37,217300,0.0,0
2010-04-09,14.38,14.5,14.35,14.5,6.44,154800,0.0,0
2010-04-12,14.5,14.65,14.5,14.62,6.5,251300,0.0,0
2010-04-13,14.67,14.68,14.55,14.67,6.52,235800,0.0,0
2010-04-14,14.76,14.78,14.67,14.77,6.56,178800,0.0,0
2010-04-15,14.78,14.8,14.68,14.74,6.55,207600,0.0,0
2010-04-16,14.62,14.7,14.38,14.55,6.47,266000,0.0,0
2010-04-19,14.49,14.54,14.36,14.46,6.43,170900,0.0,0
2010-04-20,14.52,14.67,14.52,14.66,6.51,271400,0.0,0
2010-04-21,14.56,14.64,14.49,14.56,6.52,208400,0.103,0
2010-04-22,14.52,14.61,14.46,14.61,6.54,185200,0.0,0
2010-04-23,14.61,14.66,14.53,14.66,6.56,171300,0.0,0
2010-04-26,14.7,14.76,14.63,14.68,6.57,217400,0.0,0
2010-04-27,14.63,14.68,14.33,14.39,6.44,352400,0.0,0
2010-04-28,14.41,14.5,14.25,14.29,6.39,215700,0.0,0
2010-04-29,14.39,14.49,14.31,14.36,6.43,294600,0.0,0
2010-04-30,14.39,14.45,14.13,14.22,6.36,259400,0.0,0
2010-05-03,14.33,14.44,14.28,14.42,6.45,240300,0.0,0
2010-05-04,14.34,14.34,13.53,13.74,6.15,436000,0.0,0
2010-05-05,13.53,13.59,13.35,13.4,6.0,361800,0.0,0
2010-05-06,13.19,13.38,10.12,12.3,5.5,1483400,0.0,0
2010-05-07,12.35,12.56,11.81,12.18,5.45,644900,0.0,0
2010-05-10,12.84,13.09,12.84,13.05,5.84,509700,0.0,0
2010-05-11,12.98,13.23,12.91,13.0,5.82,371800,0.0,0
2010-05-12,13.11,13.31,13.1,13.23,5.92,300000,0.0,0
2010-05-13,13.21,13.4,13.19,13.25,5.93,322300,0.0,0
2010-05-14,13.2,13.2,12.75,13.0,5.82,390000,0.0,0
2010-05-17,12.99,13.09,12.44,12.9,5.77,426000,0.0,0
2010-05-18,13.08,13.14,12.53,12.77,5.71,247100,0.0,0
2010-05-19,12.62,12.76,12.2,12.39,5.59,338800,0.103,0
2010-05-20,12.07,12.07,11.56,11.69,5.27,509600,0.0,0
2010-05-21,11.46,12.01,11.33,11.92,5.38,330000,0.0,0
2010-05-24,11.84,12.01,11.8,11.88,5.36,171600,0.0,0
2010-05-25,11.45,11.96,11.35,11.95,5.39,347200,0.0,0
2010-05-26,12.12,12.26,11.92,11.96,5.4,209900,0.0,0
2010-05-27,12.31,12.49,12.16,12.49,5.63,251700,0.0,0
2010-05-28,12.53,12.55,12.33,12.44,5.61,249500,0.0,0
2010-06-01,12.27,12.54,12.22,12.35,5.57,200600,0.0,0
2010-06-02,12.37,12.57,12.32,12.53,5.65,150100,0.0,0
2010-06-03,12.57,12.68,12.52,12.61,5.69,184400,0.0,0
2010-06-04,12.37,12.48,12.14,12.19,5.5,153900,0.0,0
2010-06-07,12.25,12.33,11.95,11.97,5.4,198600,0.0,0
2010-06-08,11.98,12.1,11.87,12.06,5.44,286900,0.0,0
2010-06-09,12.1,12.34,12.01,12.06,5.44,127300,0.0,0
2010-06-10,12.3,12.45,12.26,12.43,5.61,161700,0.0,0
2010-06-11,12.35,12.57,12.34,12.55,5.66,129600,0.0,0
2010-06-14,12.72,12.89,12.67,12.68,5.72,161800,0.0,0
2010-06-15,12.71,12.99,12.71,12.96,5.85,199000,0.0,0
2010-06-16,12.92,13.08,12.88,12.97,5.85,194000,0.0,0
2010-06-17,12.98,13.01,12.77,12.89,5.82,231500,0.0,0
2010-06-18,12.91,13.04,12.88,12.93,5.83,170200,0.0,0
2010-06-21,13.08,13.08,12.59,12.66,5.76,291900,0.103,0
2010-06-22,12.64,12.71,12.42,12.42,5.65,187800,0.0,0
2010-06-23,12.49,12.61,12.31,12.46,5.67,195200,0.0,0
2010-06-24,12.41,12.52,12.32,12.35,5.62,170700,0.0,0
2010-06-25,12.43,12.5,12.3,12.41,5.64,138100,0.0,0
2010-06-28,12.4,12.5,12.35,12.39,5.63,151400,0.0,0
2010-06-29,12.26,12.26,11.9,12.01,5.46,318100,0.0,0
2010-06-30,12.04,12.14,11.9,11.93,5.43,195900,0.0,0
2010-07-01,11.95,11.99,11.65,11.71,5.33,211300,0.0,0
2010-07-02,11.67,11.8,11.47,11.61,5.28,320600,0.0,0
2010-07-06,11.77,11.98,11.73,11.87,5.4,282800,0.0,0
2010-07-07,11.9,12.25,11.85,12.24,5.57,147100,0.0,0
2010-07-08,12.34,12.42,12.22,12.42,5.65,190200,0.0,0
2010-07-09,12.43,12.6,12.37,12.6,5.73,134400,0.0,0
2010-07-12,12.57,12.63,12.51,12.56,5.71,134500,0.0,0
2010-07-13,12.67,12.86,12.67,12.8,5.82,203100,0.0,0
2010-07-14,12.79,12.84,12.69,12.81,5.83,174900,0.0,0
2010-07-15,12.8,12.8,12.62,12.76,5.8,183000,0.0,0
2010-07-16,12.74,12.76,12.43,12.51,5.69,279900,0.0,0
2010-07-19,12.61,12.67,12.48,12.63,5.74,192300,0.0,0
2010-07-20,12.5,12.73,12.48,12.71,5.78,192400,0.0,0
2010-07-21,12.68,12.69,12.45,12.53,5.74,235000,0.103,0
2010-07-22,12.68,12.83,12.68,12.8,5.87,181600,0.0,0
2010-07-23,12.8,12.93,12.75,12.93,5.93,203500,0.0,0
2010-07-26,12.92,13.06,12.9,13.06,5.99,177300,0.0,0
2010-07-27,13.08,13.2,13.08,13.17,6.04,188800,0.0,0
2010-07-28,13.09,13.18,13.04,13.07,5.99,125100,0.0,0
2010-07-29,13.14,13.19,12.92,13.04,5.98,210200,0.0,0
2010-07-30,12.98,13.2,12.9,13.18,6.04,212100,0.0,0
2010-08-02,13.28,13.45,13.27,13.37,6.13,291600,0.0,0
2010-08-03,13.35,13.43,13.27,13.42,6.15,132600,0.0,0
2010-08-04,13.42,13.58,13.38,13.53,6.2,215400,0.0,0
2010-08-05,13.45,13.6,13.42,13.49,6.19,167300,0.0,0
2010-08-06,13.42,13.6,13.4,13.56,6.22,228500,0.0,0
2010-08-09,13.59,13.68,13.56,13.63,6.25,158100,0.0,0
2010-08-10,13.59,13.59,13.41,13.52,6.2,139800,0.0,0
2010-08-11,13.34,13.34,13.1,13.11,6.01,240000,0.0,0
2010-08-12,13.01,13.07,12.94,12.98,5.95,230000,0.0,0
2010-08-13,13.03,13.11,13.0,13.03,5.97,165300,0.0,0
2010-08-16,13.02,13.13,12.99,13.07,5.99,127000,0.0,0
2010-08-17,13.17,13.33,13.16,13.28,6.09,177000,0.0,0
2010-08-18,13.34,13.46,13.22,13.43,6.16,236300,0.0,0
2010-08-19,13.41,13.43,13.09,13.18,6.04,204500,0.0,0
2010-08-20,13.07,13.07,12.93,13.03,6.02,160900,0.103,0
2010-08-23,13.1,13.12,12.92,12.92,5.97,179000,0.0,0
2010-08-24,12.68,12.95,12.64,12.8,5.91,311900,0.0,0
2010-08-25,12.75,12.82,12.65,12.81,5.92,218600,0.0,0
2010-08-26,12.86,12.89,12.68,12.75,5.89,218300,0.0,0
2010-08-27,12.83,12.92,12.64,12.91,5.97,127800,0.0,0
2010-08-30,12.95,12.95,12.76,12.78,5.91,168500,0.0,0
2010-08-31,12.77,12.9,12.73,12.82,5.92,152400,0.0,0
2010-09-01,12.95,13.22,12.95,13.14,6.07,222600,0.0,0
2010-09-02,13.17,13.24,13.16,13.21,6.1,161200,0.0,0
2010-09-03,13.3,13.38,13.21,13.35,6.17,189700,0.0,0
2010-09-07,13.31,13.31,13.23,13.28,6.14,153200,0.0,0
2010-09-08,13.29,13.46,13.27,13.41,6.2,174000,0.0,0
2010-09-09,13.5,13.55,13.43,13.48,6.23,119800,0.0,0
2010-09-10,13.5,13.66,13.47,13.62,6.29,176300,0.0,0
2010-09-13,13.69,13.82,13.68,13.75,6.35,320900,0.0,0
2010-09-14,13.75,13.89,13.7,13.88,6.41,246600,0.0,0
2010-09-15,13.84,13.98,13.8,13.82,6.39,283900,0.0,0
2010-09-16,13.74,13.88,13.74,13.8,6.38,182900,0.0,0
2010-09-17,13.88,13.96,13.81,13.95,6.45,230900,0.0,0
2010-09-20,14.0,14.04,13.93,14.01,6.47,248300,0.0,0
2010-09-21,13.88,13.91,13.62,13.67,6.36,385800,0.103,0
2010-09-22,13.67,13.8,13.51,13.6,6.33,295200,0.0,0
2010-09-23,13.55,13.7,13.51,13.56,6.31,276100,0.0,0
2010-09-24,13.66,13.86,13.66,13.86,6.45,203800,0.0,0
2010-09-27,13.91,13.92,13.72,13.75,6.4,391300,0.0,0
2010-09-28,13.8,13.89,13.68,13.87,6.46,258300,0.0,0
2010-09-29,13.84,13.96,13.79,13.96,6.5,230600,0.0,0
2010-09-30,14.01,14.07,13.86,14.04,6.54,219800,0.0,0
2010-10-01,14.09,14.14,14.03,14.14,6.58,167800,0.0,0
2010-10-04,14.08,14.09,13.91,13.95,6.49,241700,0.0,0
2010-10-05,14.06,14.22,14.03,14.18,6.6,340100,0.0,0
2010-10-06,14.2,14.23,14.14,14.17,6.6,187100,0.0,0
2010-10-07,14.23,14.34,14.17,14.29,6.65,376000,0.0,0
2010-10-08,14.31,14.31,14.24,14.28,6.65,270300,0.0,0
2010-10-11,14.28,14.33,14.15,14.21,6.62,293000,0.0,0
2010-10-12,14.15,14.27,14.06,14.21,6.62,278500,0.0,0
2010-10-13,14.28,14.37,14.23,14.24,6.63,475300,0.0,0
2010-10-14,14.29,14.34,14.22,14.34,6.68,411900,0.0,0
2010-10-15,14.39,14.41,14.28,14.36,6.68,250400,0.0,0
2010-10-18,14.25,14.42,14.25,14.42,6.71,282500,0.0,0
2010-10-19,14.35,14.37,14.15,14.24,6.63,326600,0.0,0
2010-10-20,14.15,14.31,14.15,14.19,6.65,257600,0.103,0
2010-10-21,14.28,14.36,14.17,14.19,6.65,239400,0.0,0
2010-10-22,14.26,14.29,14.18,14.22,6.67,207800,0.0,0
2010-10-25,14.31,14.38,14.26,14.3,6.71,202400,0.0,0
2010-10-26,14.22,14.34,14.21,14.34,6.72,212600,0.0,0
2010-10-27,14.29,14.3,14.2,14.3,6.71,219800,0.0,0
2010-10-28,14.3,14.33,14.17,14.26,6.69,203200,0.0,0
2010-10-29,14.27,14.35,14.24,14.34,6.72,220100,0.0,0
2010-11-01,14.34,14.49,14.27,14.38,6.74,280900,0.0,0
2010-11-02,14.46,14.48,14.36,14.36,6.73,277200,0.0,0
2010-11-03,14.41,14.5,14.34,14.5,6.8,281800,0.0,0
2010-11-04,14.57,14.78,14.56,14.7,6.89,394100,0.0,0
2010-11-05,14.7,14.78,14.65,14.74,6.91,205500,0.0,0
2010-11-08,14.77,14.78,14.6,14.63,6.86,284300,0.0,0
2010-11-09,14.67,14.77,14.51,14.59,6.84,269200,0.0,0
2010-11-10,14.61,14.63,14.41,14.61,6.85,246000,0.0,0
2010-11-11,14.45,14.6,14.44,14.52,6.81,184200,0.0,0
2010-11-12,14.48,14.48,14.16,14.2,6.66,248000,0.0,0
2010-11-15,14.2,14.33,14.16,14.17,6.64,164300,0.0,0
2010-11-16,14.11,14.12,13.56,13.8,6.47,374600,0.0,0
2010-11-17,13.9,13.99,13.83,13.92,6.53,207500,0.0,0
2010-11-18,14.06,14.22,14.06,14.2,6.66,213400,0.0,0
2010-11-19,14.07,14.18,13.98,14.17,6.69,202600,0.103,0
2010-11-22,14.03,14.17,13.97,14.13,6.67,207900,0.0,0
2010-11-23,14.05,14.05,13.87,13.98,6.6,174200,0.0,0
2010-11-24,14.06,14.07,13.96,13.97,6.6,144100,0.0,0
2010-11-26,13.89,13.94,13.86,13.89,6.56,80100,0.0,0
2010-11-29,13.86,13.87,13.67,13.86,6.55,156500,0.0,0
2010-11-30,13.78,13.87,13.72,13.75,6.49,206100,0.0,0
2010-12-01,13.87,13.96,13.8,13.81,6.52,241300,0.0,0
2010-12-02,13.85,13.97,13.85,13.95,6.59,209300,0.0,0
2010-12-03,13.86,14.08,13.86,14.07,6.65,176900,0.0,0
2010-12-06,14.06,14.09,14.01,14.08,6.65,196800,0.0,0
2010-12-07,14.2,14.24,14.11,14.12,6.67,227700,0.0,0
2010-12-08,14.15,14.21,14.02,14.08,6.65,196500,0.0,0
2010-12-09,14.11,14.14,13.96,14.03,6.63,151000,0.0,0
2010-12-10,14.05,14.1,13.85,13.95,6.59,319400,0.0,0
2010-12-13,14.0,14.01,13.82,13.84,6.54,275300,0.0,0
2010-12-14,13.88,14.01,13.86,13.96,6.59,215400,0.0,0
2010-12-15,13.93,14.02,13.86,13.9,6.57,277200,0.0,0
2010-12-16,13.9,14.04,13.85,13.96,6.59,223700,0.0,0
2010-12-17,13.97,13.98,13.87,13.95,6.59,274300,0.0,0
2010-12-20,14.03,14.08,13.92,14.08,6.65,196600,0.0,0
2010-12-21,13.96,14.07,13.92,14.03,6.68,257300,0.103,0
2010-12-22,13.97,14.09,13.97,14.0,6.66,196700,0.0,0
2010-12-23,13.95,14.06,13.93,13.98,6.65,227800,0.0,0
2010-12-27,13.91,14.09,13.86,14.0,6.66,222800,0.0,0
2010-12-28,14.0,14.08,14.0,14.04,6.68,234100,0.0,0
2010-12-29,14.0,14.07,14.0,14.02,6.72,185300,0.103,0
2010-12-30,13.98,14.06,13.98,14.02,6.72,228700,0.0,0
2010-12-31,14.11,14.18,14.05,14.11,6.76,193300,0.0,0
2011-01-03,14.22,14.34,14.16,14.31,6.86,194400,0.0,0
2011-01-04,14.4,14.4,14.04,14.14,6.78,290800,0.0,0
2011-01-05,14.1,14.19,14.02,14.17,6.79,177800,0.0,0
2011-01-06,14.22,14.22,14.08,14.1,6.76,202600,0.0,0
2011-01-07,14.11,14.17,14.02,14.09,6.75,221300,0.0,0
2011-01-10,14.09,14.1,13.97,14.07,6.74,188600,0.0,0
2011-01-11,14.13,14.17,14.07,14.13,6.77,175600,0.0,0
2011-01-12,14.23,14.27,14.2,14.23,6.82,235800,0.0,0
2011-01-13,14.23,14.4,14.22,14.29,6.85,301100,0.0,0
2011-01-14,14.29,14.36,14.24,14.32,6.86,161700,0.0,0
2011-01-18,14.31,14.39,14.31,14.32,6.86,236000,0.0,0
2011-01-19,14.33,14.4,14.28,14.32,6.86,142500,0.0,0
2011-01-20,14.3,14.3,14.16,14.26,6.84,208900,0.0,0
2011-01-21,14.31,14.39,14.24,14.32,6.86,172900,0.0,0
2011-01-24,14.26,14.44,14.26,14.36,6.88,212800,0.0,0
2011-01-25,14.36,14.39,14.27,14.34,6.87,137900,0.0,0
2011-01-26,14.36,14.5,14.36,14.47,6.94,228100,0.0,0
2011-01-27,14.48,14.53,14.44,14.5,6.95,133800,0.0,0
2011-01-28,14.49,14.51,14.16,14.28,6.84,265400,0.0,0
2011-01-31,14.29,14.44,14.29,14.35,6.88,168300,0.0,0
2011-02-01,14.42,14.62,14.41,14.57,6.98,283200,0.0,0
2011-02-02,14.55,14.66,14.55,14.66,7.03,152300,0.0,0
2011-02-03,14.61,14.67,14.53,14.66,7.03,122300,0.0,0
2011-02-04,14.68,14.69,14.55,14.58,6.99,164100,0.0,0
2011-02-07,14.58,14.65,14.58,14.62,7.01,175300,0.0,0
2011-02-08,14.63,14.84,14.6,14.84,7.11,250600,0.0,0
2011-02-09,14.69,14.75,14.64,14.69,7.04,196800,0.0,0
2011-02-10,14.61,14.72,14.54,14.7,7.05,167900,0.0,0
2011-02-11,14.64,14.75,14.5,14.74,7.07,218000,0.0,0
2011-02-14,14.71,14.85,14.71,14.83,7.11,140300,0.0,0
2011-02-15,14.76,14.81,14.74,14.78,7.08,186700,0.0,0
2011-02-16,14.66,14.79,14.66,14.75,7.12,172100,0.103,0
2011-02-17,14.74,14.84,14.72,14.84,7.16,118300,0.0,0
2011-02-18,14.81,14.85,14.73,14.81,7.15,182600,0.0,0
2011-02-22,14.71,14.71,14.4,14.48,6.99,263900,0.0,0
2011-02-23,14.44,14.58,14.28,14.45,6.98,243400,0.0,0
2011-02-24,14.45,14.52,14.35,14.47,6.98,205100,0.0,0
2011-02-25,14.53,14.66,14.52,14.65,7.07,167600,0.0,0
2011-02-28,14.71,14.78,14.69,14.78,7.13,260600,0.0,0
2011-03-01,14.79,14.86,14.61,14.67,7.08,203700,0.0,0
2011-03-02,14.67,14.82,14.66,14.74,7.12,189400,0.0,0
2011-03-03,14.86,14.89,14.81,14.86,7.17,262900,0.0,0
2011-03-04,14.86,14.86,14.7,14.85,7.17,204800,0.0,0
2011-03-07,14.88,14.92,14.63,14.74,7.12,258300,0.0,0
2011-03-08,14.78,14.84,14.67,14.8,7.14,138600,0.0,0
2011-03-09,14.82,14.84,14.71,14.82,7.15,141800,0.0,0
2011-03-10,14.75,14.75,14.53,14.58,7.04,281500,0.0,0
2011-03-11,14.53,14.71,14.49,14.71,7.1,191000,0.0,0
2011-03-14,14.65,14.67,14.52,14.65,7.07,231200,0.0,0
2011-03-15,14.29,14.46,14.24,14.41,6.96,288800,0.0,0
2011-03-16,14.41,14.43,13.96,14.08,6.8,304700,0.0,0
2011-03-17,14.22,14.5,14.13,14.24,6.87,413800,0.0,0
2011-03-18,14.4,14.45,14.36,14.44,6.97,240400,0.0,0
2011-03-21,14.59,14.76,14.58,14.75,7.12,301500,0.0,0
2011-03-22,14.65,14.69,14.54,14.64,7.12,169200,0.103,0
2011-03-23,14.62,14.69,14.53,14.68,7.14,145200,0.0,0
2011-03-24,14.71,14.77,14.67,14.74,7.17,189300,0.0,0
2011-03-25,14.73,14.77,14.68,14.75,7.17,185600,0.0,0
2011-03-28,14.77,14.8,14.63,14.63,7.11,139200,0.0,0
2011-03-29,14.65,14.76,14.64,14.72,7.16,177000,0.0,0
2011-03-30,14.77,14.91,14.77,14.88,7.23,165000,0.0,0
2011-03-31,14.91,14.95,14.81,14.85,7.22,261100,0.0,0
2011-04-01,14.89,14.99,14.89,14.97,7.28,175600,0.0,0
2011-04-04,15.0,15.06,14.98,15.04,7.31,151200,0.0,0
2011-04-05,15.02,15.16,14.94,15.13,7.35,235500,0.0,0
2011-04-06,15.17,15.23,15.17,15.21,7.39,132400,0.0,0
2011-04-07,15.19,15.24,15.12,15.18,7.38,174400,0.0,0
2011-04-08,15.31,15.34,15.12,15.19,7.38,166900,0.0,0
2011-04-11,15.21,15.28,15.08,15.13,7.35,206300,0.0,0
2011-04-12,15.05,15.07,14.9,14.99,7.29,235500,0.0,0
2011-04-13,15.07,15.11,14.89,15.0,7.29,231200,0.0,0
2011-04-14,14.9,15.09,14.86,15.09,7.34,154600,0.0,0
2011-04-15,15.12,15.13,15.01,15.11,7.34,173500,0.0,0
2011-04-18,14.97,14.97,14.73,14.91,7.25,362400,0.0,0
2011-04-19,14.84,14.85,14.78,14.84,7.26,142100,0.103,0
2011-04-20,15.0,15.23,14.99,15.21,7.44,340000,0.0,0
2011-04-21,15.25,15.34,15.24,15.28,7.48,174500,0.0,0
2011-04-25,15.22,15.26,15.14,15.19,7.44,167800,0.0,0
2011-04-26,15.1,15.35,15.09,15.33,7.5,185700,0.0,0
2011-04-27,15.35,15.47,15.29,15.46,7.57,131300,0.0,0
2011-04-28,15.41,15.6,15.41,15.6,7.64,202100,0.0,0
2011-04-29,15.66,15.74,15.61,15.67,7.67,228000,0.0,0
2011-05-02,15.71,15.76,15.66,15.67,7.67,192000,0.0,0
2011-05-03,15.67,15.67,15.4,15.52,7.6,205000,0.0,0
2011-05-04,15.54,15.54,15.35,15.41,7.54,148000,0.0,0
2011-05-05,15.3,15.3,15.05,15.13,7.41,247300,0.0,0
2011-05-06,15.33,15.38,15.08,15.19,7.44,209700,0.0,0
2011-05-09,15.21,15.31,15.13,15.27,7.47,155000,0.0,0
2011-05-10,15.36,15.45,15.34,15.44,7.56,155700,0.0,0
2011-05-11,15.44,15.44,15.18,15.31,7.49,203800,0.0,0
2011-05-12,15.29,15.38,15.15,15.37,7.52,176000,0.0,0
2011-05-13,15.41,15.41,15.08,15.22,7.45,218700,0.0,0
2011-05-16,15.22,15.27,15.08,15.15,7.42,133900,0.0,0
2011-05-17,15.12,15.14,14.96,15.08,7.38,225200,0.0,0
2011-05-18,15.11,15.2,15.02,15.16,7.42,225400,0.0,0
2011-05-19,15.22,15.29,15.14,15.29,7.48,205500,0.0,0
2011-05-20,15.2,15.2,15.0,15.18,7.48,221000,0.103,0
2011-05-23,15.03,15.04,14.89,14.95,7.37,273500,0.0,0
2011-05-24,14.97,15.02,14.86,14.94,7.36,178000,0.0,0
2011-05-25,14.91,15.12,14.9,15.01,7.4,222500,0.0,0
2011-05-26,15.01,15.19,15.01,15.18,7.48,119500,0.0,0
2011-05-27,15.24,15.3,15.22,15.28,7.53,127300,0.0,0
2011-05-31,15.37,15.43,15.26,15.35,7.56,249700,0.0,0
2011-06-01,15.32,15.35,15.14,15.2,7.49,181600,0.0,0
2011-06-02,15.19,15.23,15.01,15.09,7.44,175200,0.0,0
2011-06-03,14.94,15.16,14.94,15.09,7.44,149300,0.0,0
2011-06-06,15.11,15.12,14.97,15.0,7.39,224900,0.0,0
2011-06-07,15.09,15.13,15.0,15.02,7.4,167700,0.0,0
2011-06-08,15.0,15.05,14.83,14.92,7.35,207200,0.0,0
2011-06-09,14.95,15.09,14.9,15.06,7.42,132300,0.0,0
2011-06-10,15.04,15.04,14.75,14.79,7.29,181300,0.0,0
2011-06-13,14.85,14.89,14.61,14.67,7.23,157900,0.0,0
2011-06-14,14.85,14.94,14.79,14.86,7.32,190400,0.0,0
2011-06-15,14.76,14.76,14.5,14.6,7.19,231700,0.0,0
2011-06-16,14.52,14.63,14.4,14.45,7.12,245300,0.0,0
2011-06-17,14.62,14.66,14.43,14.53,7.16,153500,0.0,0
2011-06-20,14.52,14.68,14.5,14.67,7.23,146800,0.0,0
2011-06-21,14.67,14.88,14.62,14.79,7.34,184800,0.103,0
2011-06-22,14.79,14.99,14.78,14.84,7.36,206200,0.0,0
2011-06-23,14.65,14.88,14.54,14.88,7.38,167100,0.0,0
2011-06-24,14.89,14.89,14.56,14.69,7.29,175300,0.0,0
2011-06-27,14.7,14.79,14.63,14.67,7.28,202200,0.0,0
2011-06-28,14.68,14.98,14.68,14.98,7.43,191800,0.0,0
2011-06-29,15.03,15.14,14.98,15.08,7.48,178300,0.0,0
2011-06-30,15.18,15.29,15.11,15.29,7.59,190200,0.0,0
2011-07-01,15.22,15.4,15.18,15.39,7.64,220900,0.0,0
2011-07-05,15.37,15.39,15.28,15.38,7.63,161700,0.0,0
2011-07-06,15.4,15.42,15.32,15.37,7.63,147500,0.0,0
2011-07-07,15.52,15.6,15.37,15.39,7.64,181100,0.0,0
2011-07-08,15.28,15.36,15.15,15.22,7.55,193600,0.0,0
2011-07-11,15.09,15.15,14.9,14.95,7.42,197000,0.0,0
2011-07-12,14.92,15.04,14.88,15.0,7.44,183400,0.0,0
2011-07-13,15.03,15.16,14.97,15.04,7.46,135000,0.0,0
2011-07-14,15.02,15.08,14.9,14.97,7.43,141800,0.0,0
2011-07-15,15.05,15.06,14.95,15.06,7.47,134600,0.0,0
2011-07-18,15.03,15.04,14.88,15.03,7.46,141600,0.0,0
2011-07-19,15.1,15.2,15.09,15.19,7.54,147900,0.0,0
2011-07-20,15.15,15.17,15.06,15.07,7.53,133400,0.103,0
2011-07-21,15.15,15.29,15.13,15.22,7.6,175000,0.0,0
2011-07-22,15.26,15.3,15.2,15.26,7.62,125600,0.0,0
2011-07-25,15.08,15.2,14.92,15.09,7.54,292800,0.0,0
2011-07-26,15.09,15.13,14.93,15.08,7.54,273600,0.0,0
2011-07-27,15.01,15.02,14.78,14.81,7.4,280500,0.0,0
2011-07-28,14.83,14.87,14.66,14.73,7.36,209900,0.0,0
2011-07-29,14.71,14.71,14.37,14.44,7.22,369900,0.0,0
2011-08-01,14.7,14.8,14.36,14.56,7.28,276900,0.0,0
2011-08-02,14.42,14.56,14.09,14.27,7.13,284500,0.0,0
2011-08-03,14.36,14.61,14.1,14.55,7.27,408700,0.0,0
2011-08-04,14.28,14.29,13.68,13.7,6.85,592800,0.0,0
2011-08-05,14.11,14.11,13.08,13.62,6.81,728900,0.0,0
2011-08-08,13.03,13.26,12.5,12.5,6.25,667400,0.0,0
2011-08-09,12.75,13.36,12.48,13.36,6.68,440900,0.0,0
2011-08-10,13.01,13.2,12.92,12.93,6.46,302900,0.0,0
2011-08-11,13.0,13.71,12.98,13.58,6.79,294500,0.0,0
2011-08-12,13.74,13.8,13.6,13.71,6.85,211100,0.0,0
2011-08-15,13.84,14.44,13.84,14.39,7.19,282000,0.0,0
2011-08-16,14.25,14.3,13.95,14.05,7.02,157200,0.0,0
2011-08-17,14.17,14.29,13.96,14.14,7.07,192500,0.0,0
2011-08-18,13.9,13.9,13.48,13.71,6.85,185000,0.0,0
2011-08-19,13.57,13.77,13.25,13.31,6.65,209300,0.0,0
2011-08-22,13.64,13.65,12.84,12.94,6.52,237600,0.103,0
2011-08-23,13.1,13.71,13.02,13.71,6.9,295000,0.0,0
2011-08-24,13.7,13.81,13.55,13.74,6.92,164600,0.0,0
2011-08-25,13.87,13.87,13.39,13.74,6.92,190600,0.0,0
2011-08-26,13.62,13.78,13.36,13.69,6.89,239500,0.0,0
2011-08-29,13.89,13.99,13.77,13.85,6.97,208500,0.0,0
2011-08-30,13.8,14.0,13.7,13.93,7.01,154000,0.0,0
2011-08-31,14.09,14.16,13.85,13.87,6.98,149300,0.0,0
2011-09-01,13.89,13.99,13.79,13.85,6.97,147400,0.0,0
2011-09-02,13.62,13.71,13.5,13.55,6.82,127900,0.0,0
2011-09-06,13.26,13.49,12.94,13.46,6.78,275700,0.0,0
2011-09-07,13.65,13.73,13.6,13.73,6.91,142700,0.0,0
2011-09-08,13.63,13.76,13.54,13.57,6.83,114700,0.0,0
2011-09-09,13.48,13.48,13.15,13.24,6.67,174100,0.0,0
2011-09-12,13.1,13.5,12.94,13.5,6.8,154200,0.0,0
2011-09-13,13.42,13.42,13.17,13.27,6.68,153900,0.0,0
2011-09-14,13.31,13.5,13.11,13.41,6.75,153300,0.0,0
2011-09-15,13.48,13.63,13.4,13.59,6.84,132300,0.0,0
2011-09-16,13.67,13.82,13.5,13.55,6.82,160900,0.0,0
2011-09-19,13.44,13.48,13.29,13.4,6.75,162400,0.0,0
2011-09-20,13.48,13.57,13.27,13.35,6.72,223200,0.0,0
2011-09-21,13.27,13.27,12.83,12.83,6.51,223600,0.103,0
2011-09-22,12.54,12.58,12.1,12.3,6.24,356600,0.0,0
2011-09-23,12.3,12.41,12.17,12.25,6.22,182400,0.0,0
2011-09-26,12.38,12.5,12.11,12.49,6.34,241500,0.0,0
2011-09-27,12.73,12.87,12.51,12.56,6.37,247900,0.0,0
2011-09-28,12.67,12.68,12.31,12.32,6.25,201700,0.0,0
2011-09-29,12.5,12.68,12.23,12.42,6.3,276500,0.0,0
2011-09-30,12.29,12.32,12.08,12.18,6.18,256800,0.0,0
2011-10-03,12.1,12.19,11.91,11.94,6.06,328700,0.0,0
2011-10-04,11.78,11.94,11.5,11.9,6.04,355700,0.0,0
2011-10-05,11.87,12.3,11.83,12.3,6.24,211300,0.0,0
2011-10-06,12.32,12.48,12.06,12.48,6.33,178000,0.0,0
2011-10-07,12.53,12.54,12.3,12.38,6.28,127600,0.0,0
2011-10-10,12.51,12.81,12.5,12.7,6.45,153400,0.0,0
2011-10-11,12.64,12.9,12.54,12.78,6.49,172400,0.0,0
2011-10-12,12.89,13.08,12.85,12.93,6.56,153300,0.0,0
2011-10-13,12.82,12.84,12.56,12.79,6.49,178300,0.0,0
2011-10-14,13.01,13.14,12.93,13.01,6.6,162100,0.0,0
2011-10-17,12.98,13.0,12.78,12.83,6.51,126500,0.0,0
2011-10-18,12.87,13.13,12.73,13.09,6.64,114900,0.0,0
2011-10-19,13.11,13.18,12.97,13.0,6.6,169700,0.0,0
2011-10-20,12.92,12.96,12.72,12.85,6.57,136300,0.103,0
2011-10-21,13.05,13.19,13.03,13.18,6.74,283600,0.0,0
2011-10-24,13.16,13.33,13.16,13.31,6.81,262100,0.0,0
2011-10-25,13.25,13.25,12.96,13.02,6.66,152200,0.0,0
2011-10-26,13.17,13.18,12.97,13.18,6.74,168500,0.0,0
2011-10-27,13.5,13.71,13.5,13.54,6.93,235600,0.0,0
2011-10-28,13.48,13.7,13.4,13.7,7.01,190300,0.0,0
2011-10-31,13.5,13.55,13.15,13.34,6.82,296800,0.0,0
2011-11-01,13.01,13.08,12.77,12.98,6.64,208100,0.0,0
2011-11-02,13.15,13.18,13.01,13.07,6.69,184500,0.0,0
2011-11-03,13.22,13.25,13.0,13.18,6.74,226200,0.0,0
2011-11-04,13.1,13.14,13.0,13.11,6.71,229400,0.0,0
2011-11-07,13.06,13.16,12.99,13.09,6.7,201300,0.0,0
2011-11-08,13.15,13.25,13.05,13.24,6.77,191200,0.0,0
2011-11-09,12.82,12.99,12.76,12.83,6.56,270800,0.0,0
2011-11-10,12.97,12.99,12.81,12.85,6.57,206200,0.0,0
2011-11-11,13.01,13.13,12.99,13.06,6.68,163200,0.0,0
2011-11-14,13.05,13.05,12.84,12.9,6.6,174800,0.0,0
2011-11-15,12.84,12.91,12.75,12.87,6.58,287800,0.0,0
2011-11-16,12.73,12.88,12.68,12.72,6.51,268700,0.0,0
2011-11-17,12.71,12.71,12.38,12.47,6.38,254500,0.0,0
2011-11-18,12.55,12.57,12.42,12.51,6.4,178800,0.0,0
2011-11-21,12.2,12.22,11.97,12.16,6.27,356000,0.103,0
2011-11-22,12.23,12.23,12.07,12.15,6.27,247100,0.0,0
2011-11-23,12.07,12.07,11.9,11.97,6.17,310700,0.0,0
2011-11-25,11.93,12.03,11.91,11.97,6.17,133200,0.0,0
2011-11-28,12.25,12.29,11.94,12.01,6.19,310400,0.0,0
2011-11-29,12.05,12.18,12.03,12.06,6.22,217700,0.0,0
2011-11-30,12.4,12.59,12.31,12.43,6.41,365100,0.0,0
2011-12-01,12.45,12.51,12.4,12.48,6.44,238400,0.0,0
2011-12-02,12.6,12.64,12.4,12.42,6.41,307700,0.0,0
2011-12-05,12.56,12.63,12.49,12.58,6.49,240100,0.0,0
2011-12-06,12.62,12.65,12.45,12.61,6.5,269600,0.0,0
2011-12-07,12.5,12.68,12.43,12.67,6.53,300000,0.0,0
2011-12-08,12.54,12.58,12.35,12.38,6.39,172200,0.0,0
2011-12-09,12.47,12.6,12.42,12.53,6.46,237000,0.0,0
2011-12-12,12.38,12.38,12.15,12.26,6.32,237500,0.0,0
2011-12-13,12.27,12.42,12.1,12.14,6.26,230900,0.0,0
2011-12-14,12.1,12.15,12.01,12.09,6.24,244500,0.0,0
2011-12-15,12.17,12.29,12.1,12.11,6.25,264100,0.0,0
2011-12-16,12.14,12.23,12.1,12.23,6.31,282600,0.0,0
2011-12-19,12.25,12.29,12.01,12.09,6.24,250100,0.0,0
2011-12-20,12.29,12.37,12.24,12.36,6.38,350300,0.0,0
2011-12-21,12.23,12.25,12.09,12.22,6.36,220800,0.103,0
2011-12-22,12.23,12.35,12.19,12.31,6.4,342400,0.0,0
2011-12-23,12.39,12.43,12.31,12.43,6.47,263100,0.0,0
2011-12-27,12.74,12.75,12.34,12.41,6.45,339700,0.0,0
2011-12-28,12.26,12.3,12.1,12.16,6.38,307400,0.103,0
2011-12-29,12.15,12.21,12.12,12.2,6.4,285700,0.0,0
2011-12-30,12.24,12.29,12.16,12.22,6.41,356000,0.0,0
2012-01-03,12.47,12.54,12.45,12.48,6.55,276200,0.0,0
2012-01-04,12.31,12.47,12.3,12.45,6.53,264100,0.0,0
2012-01-05,12.38,12.56,12.32,12.55,6.58,310700,0.0,0
2012-01-06,12.55,12.72,12.49,12.72,6.67,234900,0.0,0
2012-01-09,12.72,12.78,12.61,12.72,6.67,273100,0.0,0
2012-01-10,12.82,12.96,12.82,12.92,6.78,187400,0.0,0
2012-01-11,12.87,12.91,12.81,12.9,6.77,194400,0.0,0
2012-01-12,12.87,12.97,12.87,12.93,6.78,353200,0.0,0
2012-01-13,12.82,12.85,12.72,12.81,6.72,193500,0.0,0
2012-01-17,12.89,12.98,12.87,12.87,6.75,265500,0.0,0
2012-01-18,12.83,12.98,12.83,12.96,6.8,188600,0.0,0
2012-01-19,13.02,13.27,13.0,13.26,6.95,291000,0.0,0
2012-01-20,13.26,13.43,13.23,13.43,7.04,323800,0.0,0
2012-01-23,13.46,13.58,13.43,13.51,7.09,233700,0.0,0
2012-01-24,13.41,13.44,13.29,13.38,7.02,205200,0.0,0
2012-01-25,13.36,13.6,13.31,13.6,7.13,266100,0.0,0
2012-01-26,13.65,13.73,13.59,13.67,7.17,329900,0.0,0
2012-01-27,13.58,13.75,13.58,13.72,7.2,167200,0.0,0
2012-01-30,13.63,13.78,13.48,13.72,7.2,285900,0.0,0
2012-01-31,13.79,13.86,13.72,13.81,7.24,196400,0.0,0
2012-02-01,13.89,14.0,13.82,13.83,7.25,219800,0.0,0
2012-02-02,13.77,13.9,13.64,13.9,7.29,214800,0.0,0
2012-02-03,14.08,14.09,14.0,14.03,7.36,235200,0.0,0
2012-02-06,13.96,13.98,13.87,13.97,7.33,232300,0.0,0
2012-02-07,13.95,14.05,13.91,13.96,7.32,236100,0.0,0
2012-02-08,13.95,14.1,13.95,14.08,7.38,240800,0.0,0
2012-02-09,14.08,14.2,14.03,14.2,7.45,245000,0.0,0
2012-02-10,14.06,14.07,13.94,14.0,7.34,293700,0.0,0
2012-02-13,14.14,14.26,14.11,14.25,7.47,229500,0.0,0
2012-02-14,14.25,14.3,14.11,14.27,7.48,276800,0.0,0
2012-02-15,14.32,14.38,14.16,14.18,7.44,310400,0.0,0
2012-02-16,14.21,14.27,14.16,14.27,7.48,214400,0.0,0
2012-02-17,14.24,14.36,14.2,14.36,7.59,160800,0.103,0
2012-02-21,14.35,14.36,14.1,14.1,7.45,267400,0.0,0
2012-02-22,14.1,14.12,13.97,14.01,7.4,238500,0.0,0
2012-02-23,13.97,14.09,13.94,14.05,7.42,220800,0.0,0
2012-02-24,14.12,14.26,14.11,14.26,7.53,206700,0.0,0
2012-02-27,14.26,14.28,14.17,14.28,7.54,236600,0.0,0
2012-02-28,14.27,14.4,14.25,14.39,7.6,165200,0.0,0
2012-02-29,14.47,14.49,14.35,14.4,7.61,236200,0.0,0
2012-03-01,14.43,14.52,14.4,14.52,7.67,326800,0.0,0
2012-03-02,14.5,14.55,14.4,14.4,7.61,437400,0.0,0
2012-03-05,14.43,14.72,14.36,14.71,7.77,426900,0.0,0
2012-03-06,14.6,14.6,14.16,14.51,7.67,557400,0.0,0
2012-03-07,14.6,14.6,14.26,14.4,7.61,249300,0.0,0
2012-03-08,14.59,14.59,14.38,14.39,7.6,179400,0.0,0
2012-03-09,14.4,14.55,14.31,14.31,7.56,148600,0.0,0
2012-03-12,14.36,14.44,14.28,14.29,7.55,179500,0.0,0
2012-03-13,14.34,14.53,14.32,14.39,7.6,202200,0.0,0
2012-03-14,14.43,14.49,14.23,14.23,7.52,312400,0.0,0
2012-03-15,14.3,14.42,14.3,14.33,7.57,202000,0.0,0
2012-03-16,14.38,14.51,14.38,14.5,7.66,151500,0.0,0
2012-03-19,14.5,14.55,14.49,14.55,7.69,160700,0.0,0
2012-03-20,14.44,14.57,14.38,14.57,7.7,157300,0.0,0
2012-03-21,14.43,14.47,14.36,14.41,7.67,121800,0.103,0
2012-03-22,14.3,14.54,14.27,14.33,7.62,283800,0.0,0
2012-03-23,14.35,14.39,14.24,14.31,7.61,180800,0.0,0
2012-03-26,14.46,14.51,14.31,14.39,7.66,230900,0.0,0
2012-03-27,14.39,14.45,14.38,14.38,7.65,167900,0.0,0
2012-03-28,14.41,14.46,14.28,14.46,7.69,144100,0.0,0
2012-03-29,14.35,14.41,14.27,14.4,7.66,166600,0.0,0
2012-03-30,14.5,14.59,14.43,14.47,7.7,189000,0.0,0
2012-04-02,14.33,14.61,14.33,14.56,7.75,156100,0.0,0
2012-04-03,14.51,14.55,14.36,14.41,7.67,233300,0.0,0
2012-04-04,14.35,14.36,14.28,14.34,7.63,196600,0.0,0
2012-04-05,14.3,14.34,14.26,14.27,7.59,169900,0.0,0
2012-04-09,14.2,14.23,14.1,14.19,7.55,214400,0.0,0
2012-04-10,14.18,14.26,13.91,13.99,7.44,254600,0.0,0
2012-04-11,14.05,14.16,14.01,14.05,7.48,191300,0.0,0
2012-04-12,14.05,14.2,14.05,14.18,7.54,153100,0.0,0
2012-04-13,14.11,14.15,14.0,14.09,7.5,168100,0.0,0
2012-04-16,14.12,14.27,14.0,14.22,7.57,249200,0.0,0
2012-04-17,14.25,14.38,14.25,14.35,7.63,141800,0.0,0
2012-04-18,14.32,14.43,14.3,14.43,7.68,161800,0.0,0
2012-04-19,14.33,14.34,14.12,14.22,7.62,126000,0.103,0
2012-04-20,14.25,14.29,14.1,14.12,7.57,118000,0.0,0
2012-04-23,14.03,14.05,13.91,14.05,7.53,203900,0.0,0
2012-04-24,14.02,14.08,13.95,14.07,7.54,172300,0.0,0
2012-04-25,14.16,14.26,14.09,14.16,7.59,173900,0.0,0
2012-04-26,14.16,14.38,14.13,14.35,7.69,201300,0.0,0
2012-04-27,14.39,14.53,14.32,14.52,7.78,195200,0.0,0
2012-04-30,14.52,14.57,14.4,14.46,7.75,197000,0.0,0
2012-05-01,14.46,14.55,14.42,14.42,7.73,172300,0.0,0
2012-05-02,14.37,14.49,14.31,14.49,7.76,149000,0.0,0
2012-05-03,14.49,14.49,14.35,14.47,7.75,132000,0.0,0
2012-05-04,14.37,14.41,14.11,14.24,7.63,235600,0.0,0
2012-05-07,14.16,14.22,14.15,14.2,7.61,150000,0.0,0
2012-05-08,14.14,14.14,13.96,14.12,7.57,199400,0.0,0
2012-05-09,13.97,14.0,13.88,13.89,7.44,231000,0.0,0
2012-05-10,14.03,14.05,13.9,13.93,7.46,124000,0.0,0
2012-05-11,13.89,14.07,13.88,13.88,7.44,189000,0.0,0
2012-05-14,13.79,13.8,13.55,13.6,7.29,244100,0.0,0
2012-05-15,13.56,13.63,13.4,13.46,7.21,241000,0.0,0
2012-05-16,13.49,13.54,13.19,13.25,7.1,293800,0.0,0
2012-05-17,13.26,13.3,13.08,13.1,7.02,408800,0.0,0
2012-05-18,13.16,13.16,12.86,12.94,6.93,210500,0.0,0
2012-05-21,12.97,13.14,12.93,13.13,7.04,206800,0.0,0
2012-05-22,13.11,13.24,13.0,13.03,7.04,167100,0.103,0
2012-05-23,12.95,13.05,12.83,13.03,7.04,171000,0.0,0
2012-05-24,13.09,13.11,12.86,12.89,6.96,178000,0.0,0
2012-05-25,12.72,12.99,12.72,12.97,7.01,97500,0.0,0
2012-05-29,13.08,13.23,13.07,13.18,7.12,157300,0.0,0
2012-05-30,13.08,13.08,12.9,12.98,7.01,136500,0.0,0
2012-05-31,13.04,13.06,12.87,12.93,6.98,187300,0.0,0
2012-06-01,12.77,12.77,12.5,12.53,6.77,370000,0.0,0
2012-06-04,12.53,12.55,12.4,12.41,6.7,410900,0.0,0
2012-06-05,12.45,12.65,12.41,12.6,6.81,154800,0.0,0
2012-06-06,12.65,12.96,12.65,12.9,6.97,169400,0.0,0
2012-06-07,13.05,13.1,12.78,12.83,6.93,219000,0.0,0
2012-06-08,12.77,12.9,12.72,12.9,6.97,162300,0.0,0
2012-06-11,13.01,13.03,12.82,12.82,6.92,121300,0.0,0
2012-06-12,12.85,12.98,12.78,12.95,6.99,119800,0.0,0
2012-06-13,12.91,13.06,12.83,12.88,6.96,109300,0.0,0
2012-06-14,12.94,13.07,12.9,13.07,7.06,124200,0.0,0
2012-06-15,13.08,13.25,13.03,13.24,7.15,182100,0.0,0
2012-06-18,13.14,13.25,13.1,13.24,7.15,164400,0.0,0
2012-06-19,13.27,13.34,13.25,13.34,7.21,198400,0.0,0
2012-06-20,13.21,13.3,13.16,13.26,7.22,146100,0.103,0
2012-06-21,13.23,13.26,12.96,13.01,7.08,173600,0.0,0
2012-06-22,13.05,13.08,13.0,13.06,7.11,94300,0.0,0
2012-06-25,12.97,12.99,12.85,12.95,7.05,128800,0.0,0
2012-06-26,13.01,13.04,12.87,12.87,7.01,188000,0.0,0
2012-06-27,12.94,13.05,12.89,12.93,7.04,169700,0.0,0
2012-06-28,12.87,13.03,12.8,13.0,7.08,201600,0.0,0
2012-06-29,13.28,13.35,13.18,13.3,7.24,307400,0.0,0
2012-07-02,13.27,13.39,13.23,13.38,7.28,187500,0.0,0
2012-07-03,13.41,13.56,13.4,13.56,7.38,171600,0.0,0
2012-07-05,13.47,13.6,13.4,13.59,7.4,144500,0.0,0
2012-07-06,13.49,13.49,13.38,13.48,7.34,157200,0.0,0
2012-07-09,13.49,13.49,13.34,13.36,7.27,135200,0.0,0
2012-07-10,13.42,13.44,13.22,13.32,7.25,125600,0.0,0
2012-07-11,13.25,13.33,13.22,13.29,7.23,170400,0.0,0
2012-07-12,13.16,13.2,13.04,13.04,7.1,185100,0.0,0
2012-07-13,13.03,13.25,13.03,13.23,7.2,167200,0.0,0
2012-07-16,13.2,13.39,13.2,13.39,7.29,189500,0.0,0
2012-07-17,13.4,13.47,13.25,13.45,7.32,174600,0.0,0
2012-07-18,13.35,13.5,13.33,13.49,7.34,209600,0.0,0
2012-07-19,13.48,13.62,13.47,13.58,7.39,199900,0.0,0
2012-07-20,13.42,13.59,13.35,13.49,7.4,180600,0.103,0
2012-07-23,13.35,13.46,13.25,13.44,7.37,202100,0.0,0
2012-07-24,13.41,13.44,13.22,13.34,7.32,226800,0.0,0
2012-07-25,13.36,13.47,13.27,13.41,7.35,274400,0.0,0
2012-07-26,13.58,13.66,13.52,13.61,7.46,176500,0.0,0
2012-07-27,13.65,13.8,13.64,13.65,7.49,204200,0.0,0
2012-07-30,13.59,13.75,13.52,13.66,7.49,139700,0.0,0
2012-07-31,13.65,13.79,13.65,13.76,7.55,125900,0.0,0
2012-08-01,13.82,13.9,13.72,13.76,7.55,152600,0.0,0
2012-08-02,13.7,13.74,13.56,13.64,7.48,130100,0.0,0
2012-08-03,13.75,13.79,13.67,13.7,7.51,151200,0.0,0
2012-08-06,13.7,13.77,13.67,13.67,7.5,119600,0.0,0
2012-08-07,13.69,13.9,13.69,13.9,7.62,174600,0.0,0
2012-08-08,13.79,13.96,13.75,13.96,7.66,148900,0.0,0
2012-08-09,13.93,13.96,13.86,13.94,7.65,164700,0.0,0
2012-08-10,13.91,14.0,13.86,13.99,7.67,97400,0.0,0
2012-08-13,13.94,13.97,13.9,13.94,7.65,126000,0.0,0
2012-08-14,13.96,14.02,13.9,13.96,7.66,162500,0.0,0
2012-08-15,13.96,14.03,13.95,14.02,7.69,135700,0.0,0
2012-08-16,14.02,14.09,14.0,14.01,7.68,145000,0.0,0
2012-08-17,14.05,14.15,14.05,14.15,7.76,78700,0.0,0
2012-08-20,14.15,14.2,13.95,14.02,7.69,195600,0.0,0
2012-08-21,14.05,14.14,14.0,14.08,7.72,141300,0.0,0
2012-08-22,13.93,13.95,13.82,13.87,7.66,190800,0.103,0
2012-08-23,13.82,13.86,13.72,13.72,7.58,190200,0.0,0
2012-08-24,13.72,13.76,13.64,13.75,7.6,108200,0.0,0
2012-08-27,13.76,13.78,13.69,13.72,7.58,190300,0.0,0
2012-08-28,13.72,13.86,13.67,13.86,7.66,137000,0.0,0
2012-08-29,13.86,13.93,13.83,13.86,7.66,120800,0.0,0
2012-08-30,13.77,13.77,13.67,13.75,7.6,102100,0.0,0
2012-08-31,13.81,13.88,13.7,13.73,7.59,186100,0.0,0
2012-09-04,13.7,13.76,13.7,13.71,7.57,193300,0.0,0
2012-09-05,13.67,13.73,13.65,13.65,7.54,164800,0.0,0
2012-09-06,13.7,13.89,13.7,13.89,7.67,268300,0.0,0
2012-09-07,13.92,13.99,13.91,13.95,7.71,142400,0.0,0
2012-09-10,13.92,13.99,13.84,13.93,7.7,157400,0.0,0
2012-09-11,13.92,14.0,13.88,13.98,7.72,161600,0.0,0
2012-09-12,13.97,14.08,13.97,14.0,7.74,205500,0.0,0
2012-09-13,14.0,14.21,13.93,14.12,7.8,214500,0.0,0
2012-09-14,14.12,14.3,14.12,14.27,7.88,355000,0.0,0
2012-09-17,14.22,14.26,14.12,14.16,7.82,191400,0.0,0
2012-09-18,14.12,14.24,14.12,14.23,7.86,172900,0.0,0
2012-09-19,14.15,14.21,14.06,14.12,7.86,158100,0.103,0
2012-09-20,14.01,14.18,13.89,14.15,7.88,293200,0.0,0
2012-09-21,14.19,14.23,14.12,14.12,7.86,153600,0.0,0
2012-09-24,14.04,14.14,14.0,14.12,7.86,233900,0.0,0
2012-09-25,14.12,14.2,14.08,14.08,7.84,266700,0.0,0
2012-09-26,14.08,14.08,13.9,13.93,7.75,171500,0.0,0
2012-09-27,13.95,14.07,13.93,14.0,7.79,112600,0.0,0
2012-09-28,14.0,14.06,13.92,13.97,7.77,184000,0.0,0
2012-10-01,14.05,14.16,13.99,14.04,7.81,183100,0.0,0
2012-10-02,14.1,14.12,13.96,14.08,7.84,177000,0.0,0
2012-10-03,14.1,14.14,14.02,14.1,7.85,219000,0.0,0
2012-10-04,14.09,14.14,14.07,14.08,7.84,231100,0.0,0
2012-10-05,14.13,14.23,14.08,14.12,7.86,109000,0.0,0
2012-10-08,14.1,14.12,14.07,14.09,7.84,155500,0.0,0
2012-10-09,14.07,14.09,13.92,14.04,7.81,225700,0.0,0
2012-10-10,14.0,14.08,13.9,13.93,7.75,178700,0.0,0
2012-10-11,13.99,14.07,13.99,13.99,7.79,114600,0.0,0
2012-10-12,13.95,14.01,13.91,13.91,7.74,102100,0.0,0
2012-10-15,13.93,14.03,13.93,14.01,7.8,123800,0.0,0
2012-10-16,14.05,14.16,14.05,14.11,7.85,179100,0.0,0
2012-10-17,14.21,14.25,14.15,14.25,7.93,149000,0.0,0
2012-10-18,14.19,14.24,14.09,14.13,7.86,172400,0.0,0
2012-10-19,14.12,14.12,13.92,14.0,7.79,212900,0.0,0
2012-10-22,14.0,14.01,13.8,13.87,7.78,179000,0.103,0
2012-10-23,13.79,13.82,13.69,13.81,7.74,155700,0.0,0
2012-10-24,13.85,13.9,13.8,13.82,7.75,164600,0.0,0
2012-10-25,13.86,13.93,13.75,13.85,7.77,190800,0.0,0
2012-10-26,13.89,13.99,13.83,13.97,7.83,274100,0.0,0
2012-10-31,13.96,14.06,13.96,14.01,7.85,254300,0.0,0
2012-11-01,14.04,14.23,14.04,14.19,7.96,277600,0.0,0
2012-11-02,14.27,14.27,14.07,14.12,7.92,169100,0.0,0
2012-11-05,14.06,14.06,13.95,13.99,7.84,173000,0.0,0
2012-11-06,14.05,14.17,14.03,14.14,7.93,124700,0.0,0
2012-11-07,14.02,14.03,13.76,13.88,7.78,264100,0.0,0
2012-11-08,13.88,13.94,13.74,13.74,7.7,168400,0.0,0
2012-11-09,13.67,13.76,13.62,13.71,7.69,136300,0.0,0
2012-11-12,13.71,13.72,13.46,13.53,7.59,210500,0.0,0
2012-11-13,13.49,13.6,13.45,13.48,7.56,225800,0.0,0
2012-11-14,13.55,13.6,13.1,13.17,7.38,366900,0.0,0
2012-11-15,13.17,13.19,12.42,12.81,7.18,551200,0.0,0
2012-11-16,12.87,13.1,12.67,13.04,7.31,262600,0.0,0
2012-11-19,13.24,13.45,13.2,13.31,7.46,251000,0.0,0
2012-11-20,13.25,13.3,13.2,13.26,7.49,138700,0.102,0
2012-11-21,13.28,13.39,13.25,13.33,7.53,159000,0.0,0
2012-11-23,13.41,13.52,13.41,13.5,7.63,91200,0.0,0
2012-11-26,13.47,13.57,13.43,13.52,7.64,210000,0.0,0
2012-11-27,13.56,13.65,13.52,13.65,7.71,255700,0.0,0
2012-11-28,13.59,13.75,13.48,13.63,7.7,267600,0.0,0
2012-11-29,13.67,13.76,13.56,13.65,7.71,377500,0.0,0
2012-11-30,13.68,13.83,13.66,13.82,7.81,217800,0.0,0
2012-12-03,13.82,13.84,13.64,13.71,7.75,250800,0.0,0
2012-12-04,13.65,13.7,13.63,13.7,7.74,188800,0.0,0
2012-12-05,13.86,13.86,13.62,13.64,7.71,157500,0.0,0
2012-12-06,13.6,13.7,13.56,13.66,7.72,237900,0.0,0
2012-12-07,13.69,13.82,13.6,13.66,7.72,179800,0.0,0
2012-12-10,13.64,13.71,13.6,13.69,7.73,216900,0.0,0
2012-12-11,13.72,13.79,13.67,13.71,7.75,184300,0.0,0
2012-12-12,13.78,13.79,13.67,13.7,7.74,295600,0.0,0
2012-12-13,13.71,13.72,13.61,13.65,7.71,268500,0.0,0
2012-12-14,13.61,13.74,13.59,13.73,7.76,165100,0.0,0
2012-12-17,13.71,13.82,13.66,13.72,7.75,300700,0.0,0
2012-12-18,13.69,13.85,13.69,13.83,7.81,200700,0.0,0
2012-12-19,13.88,13.93,13.84,13.93,7.87,246300,0.0,0
2012-12-20,13.85,13.86,13.75,13.8,7.85,232000,0.103,0
2012-12-21,13.67,13.73,13.6,13.73,7.82,258700,0.0,0
2012-12-24,13.68,13.77,13.55,13.64,7.76,134200,0.0,0
2012-12-26,13.6,13.69,13.57,13.63,7.76,175400,0.0,0
2012-12-27,13.56,13.62,13.45,13.58,7.79,208600,0.103,0
2012-12-28,13.49,13.51,13.37,13.37,7.67,266300,0.0,0
2012-12-31,13.41,13.58,13.34,13.58,7.79,342300,0.0,0
2013-01-02,13.8,13.95,13.77,13.95,8.0,261600,0.0,0
2013-01-03,13.87,14.0,13.85,13.97,8.01,253400,0.0,0
2013-01-04,13.97,14.15,13.96,14.13,8.1,241900,0.0,0
2013-01-07,14.05,14.22,14.04,14.19,8.14,335200,0.0,0
2013-01-08,14.2,14.24,14.13,14.19,8.14,189700,0.0,0
2013-01-09,14.25,14.43,14.23,14.4,8.26,397700,0.0,0
2013-01-10,14.48,14.78,14.45,14.78,8.48,561700,0.0,0
2013-01-11,14.8,14.86,14.65,14.84,8.51,411100,0.0,0
2013-01-14,14.84,14.86,14.73,14.81,8.49,357700,0.0,0
2013-01-15,14.79,14.79,14.57,14.65,8.4,305000,0.0,0
2013-01-16,14.65,14.83,14.58,14.81,8.49,379000,0.0,0
2013-01-17,14.86,15.11,14.79,15.05,8.63,386800,0.0,0
2013-01-18,15.08,15.35,15.04,15.27,8.76,563700,0.0,0
2013-01-22,15.25,15.33,15.06,15.13,8.68,515900,0.0,0
2013-01-23,15.19,15.2,15.01,15.08,8.65,333700,0.0,0
2013-01-24,15.12,15.3,15.1,15.25,8.75,377400,0.0,0
2013-01-25,15.3,15.56,15.28,15.56,8.92,415500,0.0,0
2013-01-28,15.56,15.62,15.4,15.47,8.87,408300,0.0,0
2013-01-29,15.48,15.49,15.3,15.47,8.87,362400,0.0,0
2013-01-30,15.46,15.47,15.36,15.45,8.86,234000,0.0,0
2013-01-31,15.45,15.45,15.32,15.36,8.81,214200,0.0,0
2013-02-01,15.37,15.48,15.32,15.32,8.79,367900,0.0,0
2013-02-04,15.3,15.3,15.06,15.1,8.66,187000,0.0,0
2013-02-05,15.2,15.3,15.14,15.18,8.71,313100,0.0,0
2013-02-06,15.16,15.42,15.14,15.39,8.83,200800,0.0,0
2013-02-07,15.4,15.49,15.26,15.49,8.88,256100,0.0,0
2013-02-08,15.45,15.56,15.42,15.52,8.9,260800,0.0,0
2013-02-11,15.54,15.66,15.47,15.47,8.87,354500,0.0,0
2013-02-12,15.47,15.65,15.45,15.62,8.96,301300,0.0,0
2013-02-13,15.62,15.88,15.56,15.81,9.07,426600,0.0,0
2013-02-14,15.76,15.84,15.7,15.8,9.06,362500,0.0,0
2013-02-15,15.86,15.87,15.51,15.56,8.92,306600,0.0,0
2013-02-19,15.47,15.52,15.32,15.42,8.9,325400,0.102,0
2013-02-20,15.45,15.57,15.27,15.3,8.83,302200,0.0,0
2013-02-21,15.6,15.6,15.14,15.18,8.76,241800,0.0,0
2013-02-22,15.21,15.25,15.04,15.13,8.73,224900,0.0,0
2013-02-25,15.2,15.31,14.95,14.95,8.63,282800,0.0,0
2013-02-26,15.02,15.16,14.95,15.09,8.71,210300,0.0,0
2013-02-27,15.03,15.24,15.03,15.22,8.79,296500,0.0,0
2013-02-28,15.21,15.44,15.17,15.26,8.81,279700,0.0,0
2013-03-01,15.29,15.48,15.16,15.39,8.88,259900,0.0,0
2013-03-04,15.37,15.66,15.33,15.66,9.04,224800,0.0,0
2013-03-05,15.75,15.86,15.72,15.81,9.13,341200,0.0,0
2013-03-06,15.9,15.92,15.76,15.86,9.16,242800,0.0,0
2013-03-07,15.82,15.95,15.82,15.93,9.2,237500,0.0,0
2013-03-08,15.91,16.04,15.91,16.0,9.24,289900,0.0,0
2013-03-11,15.98,15.99,15.86,15.91,9.19,148300,0.0,0
2013-03-12,15.86,15.94,15.72,15.76,9.1,182100,0.0,0
2013-03-13,15.75,15.77,15.0,15.64,9.03,386400,0.0,0
2013-03-14,15.69,15.79,15.63,15.79,9.12,257400,0.0,0
2013-03-15,15.79,15.95,15.77,15.9,9.18,218700,0.0,0
2013-03-18,15.95,15.95,15.64,15.72,9.08,196100,0.0,0
2013-03-19,15.65,15.66,15.39,15.53,9.02,223200,0.102,0
2013-03-20,15.58,15.67,15.53,15.67,9.11,144000,0.0,0
2013-03-21,15.68,15.84,15.65,15.77,9.16,158300,0.0,0
2013-03-22,15.77,15.89,15.73,15.85,9.21,162400,0.0,0
2013-03-25,15.89,15.95,15.7,15.71,9.13,186800,0.0,0
2013-03-26,15.78,15.88,15.78,15.88,9.23,117400,0.0,0
2013-03-27,15.8,16.09,15.72,16.03,9.31,288300,0.0,0
2013-03-28,16.0,16.09,15.86,15.88,9.23,272800,0.0,0
2013-04-01,15.88,15.97,15.7,15.73,9.14,212400,0.0,0
2013-04-02,15.82,15.94,15.5,15.55,9.04,489800,0.0,0
2013-04-03,15.53,15.63,15.49,15.55,9.04,186200,0.0,0
2013-04-04,15.55,15.58,15.46,15.53,9.02,160200,0.0,0
2013-04-05,15.37,15.51,15.3,15.45,8.98,297300,0.0,0
2013-04-08,15.42,15.42,15.33,15.41,8.95,347200,0.0,0
2013-04-09,15.42,15.46,15.38,15.43,8.97,232700,0.0,0
2013-04-10,15.43,15.7,15.39,15.65,9.09,259200,0.0,0
2013-04-11,15.61,15.73,15.61,15.73,9.14,134700,0.0,0
2013-04-12,15.62,15.67,15.41,15.51,9.01,273200,0.0,0
2013-04-15,15.5,15.55,15.37,15.39,8.94,189300,0.0,0
2013-04-16,15.49,15.59,15.46,15.55,9.04,152400,0.0,0
2013-04-17,15.49,15.55,15.43,15.53,9.02,195000,0.0,0
2013-04-18,15.51,15.53,15.31,15.37,8.93,182300,0.0,0
2013-04-19,15.28,15.38,15.22,15.35,8.98,144200,0.102,0
2013-04-22,15.35,15.4,15.23,15.32,8.96,136100,0.0,0
2013-04-23,15.4,15.55,15.39,15.45,9.04,184100,0.0,0
2013-04-24,15.45,15.54,15.43,15.5,9.07,146100,0.0,0
2013-04-25,15.49,15.77,15.49,15.73,9.2,253500,0.0,0
2013-04-26,15.72,15.91,15.69,15.89,9.3,142000,0.0,0
2013-04-29,15.88,15.98,15.76,15.9,9.3,179500,0.0,0
2013-04-30,15.88,15.99,15.86,15.89,9.3,181700,0.0,0
2013-05-01,15.84,15.96,15.77,15.77,9.23,162100,0.0,0
2013-05-02,15.78,16.05,15.78,16.02,9.37,186100,0.0,0
2013-05-03,16.1,16.23,16.07,16.15,9.45,185400,0.0,0
2013-05-06,16.12,16.25,16.1,16.24,9.5,190200,0.0,0
2013-05-07,16.22,16.24,16.03,16.21,9.48,296200,0.0,0
2013-05-08,16.3,16.38,16.2,16.35,9.56,171700,0.0,0
2013-05-09,16.3,16.3,16.11,16.2,9.48,204800,0.0,0
2013-05-10,16.24,16.3,16.11,16.21,9.48,152600,0.0,0
2013-05-13,16.13,16.35,16.12,16.34,9.56,161200,0.0,0
2013-05-14,16.29,16.52,16.25,16.49,9.65,214500,0.0,0
2013-05-15,16.49,16.53,16.29,16.5,9.65,286800,0.0,0
2013-05-16,16.49,16.7,16.47,16.61,9.72,215100,0.0,0
2013-05-17,16.79,16.79,16.71,16.75,9.8,178000,0.0,0
2013-05-20,16.71,16.94,16.6,16.91,9.89,306400,0.0,0
2013-05-21,16.91,17.04,16.85,16.89,9.88,236400,0.0,0
2013-05-22,16.86,17.0,16.71,16.73,9.85,292000,0.102,0
2013-05-23,16.57,16.93,16.34,16.9,9.95,260800,0.0,0
2013-05-24,16.86,16.86,16.6,16.66,9.8,197500,0.0,0
2013-05-28,16.76,16.85,16.6,16.73,9.85,230200,0.0,0
2013-05-29,16.69,16.75,16.17,16.29,9.59,312400,0.0,0
2013-05-30,16.23,16.46,16.23,16.38,9.64,271000,0.0,0
2013-05-31,16.32,16.46,15.85,15.88,9.35,329300,0.0,0
2013-06-03,15.87,15.89,15.22,15.43,9.08,802000,0.0,0
2013-06-04,15.48,15.63,15.16,15.41,9.07,927700,0.0,0
2013-06-05,15.3,15.35,15.01,15.07,8.87,589100,0.0,0
2013-06-06,15.1,15.44,15.07,15.44,9.09,281700,0.0,0
2013-06-07,15.43,15.7,15.43,15.69,9.23,241100,0.0,0
2013-06-10,15.75,15.78,15.55,15.69,9.23,200800,0.0,0
2013-06-11,15.55,15.65,15.38,15.49,9.12,180900,0.0,0
2013-06-12,15.49,15.52,15.16,15.22,8.96,184600,0.0,0
2013-06-13,15.2,15.37,15.03,15.37,9.05,236800,0.0,0
2013-06-14,15.32,15.46,15.3,15.3,9.0,158000,0.0,0
2013-06-17,15.44,15.52,15.28,15.3,9.0,217100,0.0,0
2013-06-18,15.27,15.67,15.27,15.55,9.15,234300,0.0,0
2013-06-19,15.47,15.55,15.32,15.32,9.08,132800,0.102,0
2013-06-20,15.18,15.18,14.42,14.65,8.68,566000,0.0,0
2013-06-21,14.78,14.78,14.51,14.71,8.71,215500,0.0,0
2013-06-24,14.49,14.5,13.78,14.18,8.4,587900,0.0,0
2013-06-25,14.23,14.54,14.21,14.52,8.6,298400,0.0,0
2013-06-26,14.66,14.85,14.59,14.8,8.77,266500,0.0,0
2013-06-27,14.9,15.09,14.84,15.06,8.92,271200,0.0,0
2013-06-28,15.04,15.15,14.93,15.08,8.93,172700,0.0,0
2013-07-01,15.13,15.2,15.03,15.12,8.96,179500,0.0,0
2013-07-02,15.3,15.3,15.02,15.16,8.98,252000,0.0,0
2013-07-03,15.1,15.22,15.06,15.17,8.99,113400,0.0,0
2013-07-05,15.33,15.46,15.17,15.25,9.03,203800,0.0,0
2013-07-08,15.41,15.49,15.31,15.35,9.09,212500,0.0,0
2013-07-09,15.51,15.54,15.41,15.5,9.18,171400,0.0,0
2013-07-10,15.5,15.56,15.42,15.53,9.2,150400,0.0,0
2013-07-11,15.78,15.84,15.6,15.78,9.35,219300,0.0,0
2013-07-12,15.78,15.99,15.78,15.93,9.44,174200,0.0,0
2013-07-15,15.97,16.15,15.95,16.07,9.52,174800,0.0,0
2013-07-16,16.06,16.13,15.95,15.97,9.46,193000,0.0,0
2013-07-17,16.0,16.09,15.97,16.05,9.51,126200,0.0,0
2013-07-18,16.08,16.26,16.07,16.22,9.61,209700,0.0,0
2013-07-19,16.17,16.21,16.04,16.1,9.54,190500,0.0,0
2013-07-22,16.65,16.81,15.91,15.93,9.5,135400,0.102,0
2013-07-23,16.02,16.33,15.8,16.17,9.64,193600,0.0,0
2013-07-24,16.24,16.27,16.0,16.16,9.63,190100,0.0,0
2013-07-25,16.02,16.2,16.0,16.02,9.55,134300,0.0,0
2013-07-26,15.84,16.1,15.68,15.78,9.41,298700,0.0,0
2013-07-29,15.69,15.97,15.69,15.92,9.49,155000,0.0,0
2013-07-30,16.0,16.07,15.89,16.05,9.57,170800,0.0,0
2013-07-31,16.15,16.25,16.08,16.17,9.64,223700,0.0,0
2013-08-01,16.26,16.42,16.17,16.22,9.67,167300,0.0,0
2013-08-02,16.19,16.24,16.03,16.03,9.56,143700,0.0,0
2013-08-05,16.0,16.1,15.89,15.96,9.52,173300,0.0,0
2013-08-06,15.91,15.98,15.85,15.95,9.51,112300,0.0,0
2013-08-07,15.91,16.01,15.88,15.95,9.51,149400,0.0,0
2013-08-08,16.04,16.04,15.89,15.96,9.52,91100,0.0,0
2013-08-09,15.93,15.97,15.8,15.83,9.44,106900,0.0,0
2013-08-12,15.76,15.86,15.75,15.82,9.43,104300,0.0,0
2013-08-13,15.87,15.88,15.73,15.88,9.47,98800,0.0,0
2013-08-14,15.85,15.9,15.77,15.81,9.43,93400,0.0,0
2013-08-15,15.57,15.66,15.28,15.65,9.33,347100,0.0,0
2013-08-16,15.56,15.87,15.46,15.83,9.44,245700,0.0,0
2013-08-19,15.82,15.88,15.77,15.86,9.46,206300,0.0,0
2013-08-20,15.9,15.92,15.8,15.83,9.44,140300,0.0,0
2013-08-21,15.7,15.7,15.46,15.48,9.29,114800,0.102,0
2013-08-22,15.53,15.67,15.53,15.58,9.35,105300,0.0,0
2013-08-23,15.63,15.75,15.59,15.72,9.43,73800,0.0,0
2013-08-26,15.74,15.78,15.66,15.69,9.41,96400,0.0,0
2013-08-27,15.5,15.57,15.35,15.44,9.26,159000,0.0,0
2013-08-28,15.37,15.41,15.22,15.36,9.22,207900,0.0,0
2013-08-29,15.31,15.36,15.17,15.18,9.11,283600,0.0,0
2013-08-30,15.26,15.32,15.15,15.3,9.18,140600,0.0,0
2013-09-03,15.45,15.45,15.28,15.3,9.18,108000,0.0,0
2013-09-04,15.34,15.52,15.31,15.48,9.29,135600,0.0,0
2013-09-05,15.48,15.61,15.43,15.61,9.37,140900,0.0,0
2013-09-06,15.65,15.79,15.43,15.72,9.43,160200,0.0,0
2013-09-09,15.72,15.89,15.69,15.89,9.53,111000,0.0,0
2013-09-10,15.95,16.09,15.86,16.06,9.64,200200,0.0,0
2013-09-11,15.99,16.09,15.95,16.09,9.65,115700,0.0,0
2013-09-12,16.03,16.05,15.88,15.92,9.55,202300,0.0,0
2013-09-13,15.91,16.03,15.91,15.99,9.59,94700,0.0,0
2013-09-16,16.1,16.16,15.99,16.01,9.61,132800,0.0,0
2013-09-17,16.0,16.19,16.0,16.09,9.65,188200,0.0,0
2013-09-18,16.05,16.22,16.03,16.18,9.71,182700,0.0,0
2013-09-19,16.1,16.15,15.95,16.01,9.67,165900,0.103,0
2013-09-20,15.95,15.95,15.74,15.74,9.51,170400,0.0,0
2013-09-23,15.73,15.84,15.69,15.78,9.53,180000,0.0,0
2013-09-24,15.81,15.81,15.7,15.73,9.5,151200,0.0,0
2013-09-25,15.76,15.76,15.59,15.63,9.44,140100,0.0,0
2013-09-26,15.6,15.72,15.58,15.65,9.45,148900,0.0,0
2013-09-27,15.54,15.69,15.54,15.66,9.46,93200,0.0,0
2013-09-30,15.58,15.67,15.53,15.61,9.43,123200,0.0,0
2013-10-01,15.64,15.75,15.6,15.74,9.51,126900,0.0,0
2013-10-02,15.6,15.68,15.55,15.65,9.45,88300,0.0,0
2013-10-03,15.59,15.69,15.5,15.51,9.37,121600,0.0,0
2013-10-04,15.47,15.62,15.47,15.55,9.39,131000,0.0,0
2013-10-07,15.48,15.5,15.3,15.32,9.25,169300,0.0,0
2013-10-08,15.28,15.35,15.17,15.18,9.17,168500,0.0,0
2013-10-09,15.22,15.22,15.06,15.16,9.16,153100,0.0,0
2013-10-10,15.27,15.56,15.25,15.56,9.4,117700,0.0,0
2013-10-11,15.5,15.73,15.5,15.73,9.5,124700,0.0,0
2013-10-14,15.65,15.82,15.57,15.8,9.54,68400,0.0,0
2013-10-15,15.74,15.75,15.61,15.66,9.46,146000,0.0,0
2013-10-16,15.7,15.87,15.7,15.87,9.58,131300,0.0,0
2013-10-17,15.81,16.05,15.8,16.05,9.69,129400,0.0,0
2013-10-18,16.04,16.1,15.97,16.03,9.68,180500,0.0,0
2013-10-21,16.08,16.11,16.01,16.06,9.7,133700,0.0,0
2013-10-22,16.04,16.2,16.04,16.18,9.83,154000,0.102,0
2013-10-23,16.16,16.22,16.05,16.19,9.84,125400,0.0,0
2013-10-24,16.18,16.25,16.14,16.14,9.81,138400,0.0,0
2013-10-25,16.19,16.21,16.09,16.14,9.81,104700,0.0,0
2013-10-28,16.15,16.22,16.08,16.14,9.81,106100,0.0,0
2013-10-29,16.15,16.21,16.13,16.21,9.85,130700,0.0,0
2013-10-30,16.19,16.24,16.01,16.05,9.75,175000,0.0,0
2013-10-31,16.04,16.12,15.99,16.04,9.75,143900,0.0,0
2013-11-01,16.03,16.15,16.01,16.14,9.81,132400,0.0,0
2013-11-04,16.16,16.24,16.14,16.19,9.84,118600,0.0,0
2013-11-05,16.18,16.18,16.09,16.12,9.8,129900,0.0,0
2013-11-06,16.13,16.28,16.13,16.23,9.86,134900,0.0,0
2013-11-07,16.25,16.31,16.16,16.16,9.82,152800,0.0,0
2013-11-08,16.16,16.21,16.12,16.14,9.81,104000,0.0,0
2013-11-11,16.1,16.25,16.1,16.24,9.87,86200,0.0,0
2013-11-12,16.14,16.18,16.03,16.14,9.81,159800,0.0,0
2013-11-13,16.1,16.31,16.05,16.29,9.9,117800,0.0,0
2013-11-14,16.25,16.38,16.24,16.28,9.89,93500,0.0,0
2013-11-15,16.34,16.52,16.3,16.31,9.91,205100,0.0,0
2013-11-18,16.38,16.47,16.31,16.31,9.91,185800,0.0,0
2013-11-19,16.32,16.47,16.32,16.41,9.97,186900,0.0,0
2013-11-20,16.39,16.4,16.17,16.19,9.9,128600,0.102,0
2013-11-21,16.32,16.41,16.24,16.41,10.04,178000,0.0,0
2013-11-22,16.38,16.4,16.31,16.31,9.97,118300,0.0,0
2013-11-25,16.31,16.37,16.28,16.33,9.99,130900,0.0,0
2013-11-26,16.31,16.31,16.24,16.25,9.94,89400,0.0,0
2013-11-27,16.28,16.38,16.24,16.32,9.98,113500,0.0,0
2013-11-29,16.37,16.49,16.35,16.4,10.03,95700,0.0,0
2013-12-02,16.39,16.4,16.28,16.31,9.97,183300,0.0,0
2013-12-03,16.23,16.33,16.17,16.31,9.97,122800,0.0,0
2013-12-04,16.25,16.28,16.16,16.2,9.91,107900,0.0,0
2013-12-05,16.2,16.25,16.04,16.09,9.84,142900,0.0,0
2013-12-06,16.18,16.24,16.17,16.21,9.91,114200,0.0,0
2013-12-09,16.2,16.27,16.18,16.27,9.95,144000,0.0,0
2013-12-10,16.24,16.24,16.13,16.15,9.88,122900,0.0,0
2013-12-11,16.1,16.17,15.88,15.92,9.74,215800,0.0,0
2013-12-12,15.93,15.94,15.73,15.93,9.74,211600,0.0,0
2013-12-13,15.9,15.91,15.75,15.84,9.69,182200,0.0,0
2013-12-16,15.87,15.94,15.84,15.85,9.69,198100,0.0,0
2013-12-17,15.93,16.03,15.85,16.02,9.8,231000,0.0,0
2013-12-18,16.05,16.3,16.0,16.3,9.97,231500,0.0,0
2013-12-19,16.34,16.36,16.23,16.34,9.99,164600,0.0,0
2013-12-20,16.26,16.39,16.25,16.33,10.05,175400,0.103,0
2013-12-23,16.4,16.64,16.4,16.64,10.24,317000,0.0,0
2013-12-24,16.76,16.78,16.62,16.71,10.28,180500,0.0,0
2013-12-26,16.7,16.85,16.7,16.84,10.36,192900,0.0,0
2013-12-27,16.87,17.04,16.87,17.03,10.48,172600,0.0,0
2013-12-30,17.05,17.05,16.95,16.98,10.45,246800,0.0,0
2013-12-31,17.05,17.06,16.85,16.94,10.43,266900,0.0,0
2014-01-02,16.87,16.87,16.67,16.83,10.36,165000,0.0,0
2014-01-03,16.83,16.88,16.61,16.74,10.3,179700,0.0,0
2014-01-06,16.8,16.81,16.65,16.7,10.28,217800,0.0,0
2014-01-07,16.75,16.93,16.71,16.92,10.41,244600,0.0,0
2014-01-08,16.94,16.94,16.84,16.94,10.43,223900,0.0,0
2014-01-09,16.95,16.98,16.79,16.89,10.39,303500,0.0,0
2014-01-10,16.88,16.93,16.75,16.93,10.42,149800,0.0,0
2014-01-13,16.9,16.94,16.63,16.72,10.29,181700,0.0,0
2014-01-14,16.91,16.91,16.72,16.82,10.35,184000,0.0,0
2014-01-15,16.84,16.95,16.8,16.86,10.38,214000,0.0,0
2014-01-16,16.8,17.0,16.8,17.0,10.46,185700,0.0,0
2014-01-17,17.0,17.03,16.99,17.02,10.47,134800,0.0,0
2014-01-21,17.05,17.07,16.82,17.07,10.51,254600,0.0,0
2014-01-22,17.08,17.09,16.86,16.99,10.52,211900,0.103,0
2014-01-23,16.87,16.94,16.65,16.78,10.39,250300,0.0,0
2014-01-24,16.65,16.7,16.28,16.3,10.09,216100,0.0,0
2014-01-27,16.49,16.93,16.0,16.0,9.91,295900,0.0,0
2014-01-28,16.2,16.3,16.11,16.23,10.05,241800,0.0,0
2014-01-29,16.14,16.23,16.01,16.06,9.94,144700,0.0,0
2014-01-30,16.12,16.37,16.08,16.35,10.12,202500,0.0,0
2014-01-31,16.27,16.32,16.12,16.23,10.05,196200,0.0,0
2014-02-03,16.28,16.29,15.82,15.85,9.81,278100,0.0,0
2014-02-04,15.88,16.08,15.88,16.07,9.95,139900,0.0,0
2014-02-05,16.07,16.1,15.89,16.05,9.94,126800,0.0,0
2014-02-06,16.1,16.26,16.1,16.21,10.04,182800,0.0,0
2014-02-07,16.33,16.43,16.27,16.43,10.17,159500,0.0,0
2014-02-10,16.47,16.57,16.42,16.57,10.26,134100,0.0,0
2014-02-11,16.56,16.75,16.56,16.68,10.33,132700,0.0,0
2014-02-12,16.77,16.77,16.67,16.77,10.38,132900,0.0,0
2014-02-13,16.72,16.87,16.68,16.84,10.43,139700,0.0,0
2014-02-14,16.94,16.94,16.8,16.92,10.48,101900,0.0,0
2014-02-18,16.86,16.98,16.83,16.96,10.5,174500,0.0,0
2014-02-19,16.95,16.99,16.79,16.81,10.47,159000,0.103,0
2014-02-20,16.82,16.9,16.76,16.86,10.5,139500,0.0,0
2014-02-21,16.97,16.99,16.86,16.89,10.52,115100,0.0,0
2014-02-24,16.97,17.02,16.86,16.89,10.52,191800,0.0,0
2014-02-25,16.54,17.0,16.54,16.92,10.54,135000,0.0,0
2014-02-26,17.0,17.02,16.8,16.92,10.54,145900,0.0,0
2014-02-27,16.89,17.01,16.84,16.99,10.58,190400,0.0,0
2014-02-28,17.0,17.06,16.95,16.99,10.58,159200,0.0,0
2014-03-03,16.81,16.93,16.76,16.9,10.53,162600,0.0,0
2014-03-04,16.99,17.06,16.95,16.97,10.57,186500,0.0,0
2014-03-05,17.0,17.05,16.89,17.0,10.59,135400,0.0,0
2014-03-06,17.01,17.19,17.01,17.08,10.64,147900,0.0,0
2014-03-07,17.08,17.1,16.99,17.02,10.6,109600,0.0,0
2014-03-10,16.98,17.07,16.92,16.99,10.58,104600,0.0,0
2014-03-11,16.98,17.05,16.85,16.9,10.53,191100,0.0,0
2014-03-12,16.82,16.92,16.77,16.91,10.53,93600,0.0,0
2014-03-13,16.94,17.0,16.64,16.71,10.41,130400,0.0,0
2014-03-14,16.66,16.75,16.58,16.71,10.41,157500,0.0,0
2014-03-17,16.83,16.87,16.73,16.76,10.44,124600,0.0,0
2014-03-18,16.77,16.93,16.77,16.92,10.54,87600,0.0,0
2014-03-19,16.88,16.91,16.8,16.8,10.47,119800,0.0,0
2014-03-20,16.69,16.76,16.59,16.73,10.49,112800,0.103,0
2014-03-21,16.71,16.76,16.61,16.64,10.43,109200,0.0,0
2014-03-24,16.7,16.74,16.46,16.57,10.39,206000,0.0,0
2014-03-25,16.62,16.73,16.6,16.71,10.47,131400,0.0,0
2014-03-26,16.72,16.81,16.65,16.66,10.44,99400,0.0,0
2014-03-27,16.65,16.69,16.56,16.69,10.46,80300,0.0,0
2014-03-28,16.69,16.81,16.68,16.75,10.5,132100,0.0,0
2014-03-31,16.91,16.91,16.76,16.77,10.51,198600,0.0,0
2014-04-01,16.78,16.88,16.77,16.88,10.58,185600,0.0,0
2014-04-02,16.83,16.88,16.7,16.76,10.51,415200,0.0,0
2014-04-03,16.85,16.86,16.76,16.82,10.54,143600,0.0,0
2014-04-04,16.96,16.99,16.7,16.77,10.51,174100,0.0,0
2014-04-07,16.71,16.72,16.55,16.57,10.39,164900,0.0,0
2014-04-08,16.55,16.65,16.46,16.62,10.42,154000,0.0,0
2014-04-09,16.67,16.82,16.58,16.8,10.53,205700,0.0,0
2014-04-10,16.78,16.84,16.57,16.58,10.39,177700,0.0,0
2014-04-11,16.55,16.55,16.4,16.45,10.31,122400,0.0,0
2014-04-14,16.54,16.66,16.44,16.51,10.35,150100,0.0,0
2014-04-15,16.51,16.6,16.4,16.51,10.35,178400,0.0,0
2014-04-16,16.58,16.74,16.55,16.74,10.49,145100,0.0,0
2014-04-17,16.74,16.88,16.74,16.84,10.56,127300,0.0,0
2014-04-21,16.7,16.85,16.69,16.78,10.58,130200,0.103,0
2014-04-22,16.82,16.93,16.77,16.92,10.67,170600,0.0,0
2014-04-23,16.98,16.98,16.68,16.74,10.56,305800,0.0,0
2014-04-24,16.79,16.82,16.61,16.71,10.54,328900,0.0,0
2014-04-25,16.7,16.73,16.63,16.73,10.55,150800,0.0,0
2014-04-28,16.81,16.84,16.72,16.8,10.6,131400,0.0,0
2014-04-29,16.81,16.9,16.77,16.87,10.64,125700,0.0,0
2014-04-30,16.93,17.09,16.91,17.08,10.77,191300,0.0,0
2014-05-01,17.12,17.15,17.07,17.11,10.79,167700,0.0,0
2014-05-02,17.14,17.19,17.08,17.1,10.78,120800,0.0,0
2014-05-05,17.09,17.09,16.95,17.07,10.77,167900,0.0,0
2014-05-06,17.07,17.08,16.96,17.04,10.75,108600,0.0,0
2014-05-07,17.1,17.18,17.01,17.17,10.83,118700,0.0,0
2014-05-08,17.18,17.3,17.16,17.21,10.85,131300,0.0,0
2014-05-09,17.18,17.29,17.14,17.29,10.9,141200,0.0,0
2014-05-12,17.35,17.41,17.3,17.39,10.97,129000,0.0,0
2014-05-13,17.39,17.44,17.26,17.3,10.91,154200,0.0,0
2014-05-14,17.33,17.42,17.14,17.16,10.82,217600,0.0,0
2014-05-15,17.18,17.22,16.97,17.1,10.78,165500,0.0,0
2014-05-16,17.1,17.19,17.09,17.12,10.8,115800,0.0,0
2014-05-19,17.13,17.19,17.08,17.12,10.8,161900,0.0,0
2014-05-20,17.15,17.18,17.06,17.12,10.8,149700,0.0,0
2014-05-21,17.0,17.1,16.97,17.08,10.84,241400,0.103,0
2014-05-22,17.12,17.2,17.1,17.2,10.91,132100,0.0,0
2014-05-23,17.21,17.23,17.15,17.21,10.92,126700,0.0,0
2014-05-27,17.28,17.35,17.2,17.28,10.96,140500,0.0,0
2014-05-28,17.33,17.33,17.26,17.32,10.99,175100,0.0,0
2014-05-29,17.35,17.37,17.27,17.35,11.01,145400,0.0,0
2014-05-30,17.39,17.45,17.36,17.42,11.05,152400,0.0,0
2014-06-02,17.47,17.49,17.38,17.44,11.07,123700,0.0,0
2014-06-03,17.44,17.49,17.39,17.49,11.1,104700,0.0,0
2014-06-04,17.52,17.52,17.44,17.5,11.1,116800,0.0,0
2014-06-05,17.52,17.59,17.48,17.56,11.14,141400,0.0,0
2014-06-06,17.6,17.68,17.58,17.59,11.16,129700,0.0,0
2014-06-09,17.63,17.68,17.52,17.54,11.13,138100,0.0,0
2014-06-10,17.56,17.76,17.55,17.72,11.24,187800,0.0,0
2014-06-11,17.7,17.83,17.69,17.75,11.26,143000,0.0,0
2014-06-12,17.71,17.75,17.49,17.52,11.12,103300,0.0,0
2014-06-13,17.57,17.69,17.54,17.68,11.22,143600,0.0,0
2014-06-16,17.71,17.76,17.62,17.65,11.2,105100,0.0,0
2014-06-17,17.67,17.69,17.57,17.63,11.19,99900,0.0,0
2014-06-18,17.63,17.68,17.44,17.51,11.11,277200,0.0,0
2014-06-19,17.5,17.53,17.43,17.47,11.15,133800,0.103,0
2014-06-20,17.5,17.51,17.44,17.44,11.13,112600,0.0,0
2014-06-23,17.47,17.49,17.36,17.44,11.13,209000,0.0,0
2014-06-24,17.38,17.51,17.37,17.42,11.12,120900,0.0,0
2014-06-25,17.43,17.46,17.4,17.46,11.14,144600,0.0,0
2014-06-26,17.5,17.51,17.38,17.51,11.18,85400,0.0,0
2014-06-27,17.5,17.58,17.45,17.58,11.22,131800,0.0,0
2014-06-30,17.61,17.65,17.53,17.58,11.22,135600,0.0,0
2014-07-01,17.59,17.79,17.58,17.76,11.34,140800,0.0,0
2014-07-02,17.8,17.84,17.7,17.75,11.33,146500,0.0,0
2014-07-03,17.8,17.96,17.8,17.87,11.41,144200,0.0,0
2014-07-07,17.88,17.97,17.83,17.97,11.47,204500,0.0,0
2014-07-08,17.94,17.97,17.81,17.83,11.38,158900,0.0,0
2014-07-09,17.81,17.82,17.72,17.77,11.34,135000,0.0,0
2014-07-10,17.57,17.83,17.57,17.59,11.23,213600,0.0,0
2014-07-11,17.61,17.66,17.45,17.47,11.15,288400,0.0,0
2014-07-14,17.53,17.73,17.53,17.72,11.31,129700,0.0,0
2014-07-15,17.69,17.74,17.57,17.6,11.23,112000,0.0,0
2014-07-16,17.66,17.79,17.63,17.79,11.35,97500,0.0,0
2014-07-17,17.78,17.84,17.67,17.73,11.32,165600,0.0,0
2014-07-18,17.7,17.76,17.6,17.7,11.3,152100,0.0,0
2014-07-21,17.69,17.85,17.66,17.85,11.39,147000,0.0,0
2014-07-22,17.83,17.83,17.67,17.69,11.36,110800,0.103,0
2014-07-23,17.72,17.8,17.68,17.72,11.38,95300,0.0,0
2014-07-24,17.76,17.83,17.73,17.75,11.39,88700,0.0,0
2014-07-25,17.77,17.84,17.64,17.65,11.33,119000,0.0,0
2014-07-28,17.7,17.72,17.59,17.6,11.3,101700,0.0,0
2014-07-29,17.65,17.76,17.59,17.63,11.32,87200,0.0,0
2014-07-30,17.62,17.65,17.5,17.58,11.29,78500,0.0,0
2014-07-31,17.54,17.6,17.31,17.33,11.12,116900,0.0,0
2014-08-01,17.22,17.27,17.02,17.02,10.93,160900,0.0,0
2014-08-04,17.02,17.04,16.76,16.9,10.85,202800,0.0,0
2014-08-05,16.8,16.87,16.65,16.65,10.69,221900,0.0,0
2014-08-06,16.54,16.66,16.33,16.6,10.66,272700,0.0,0
2014-08-07,16.6,16.67,16.51,16.54,10.62,169000,0.0,0
2014-08-08,16.53,16.64,16.5,16.62,10.67,140400,0.0,0
2014-08-11,16.64,16.93,16.64,16.79,10.78,92800,0.0,0
2014-08-12,16.78,16.87,16.61,16.84,10.81,204500,0.0,0
2014-08-13,16.9,17.04,16.9,17.01,10.92,138800,0.0,0
2014-08-14,16.99,17.15,16.99,17.11,10.98,92300,0.0,0
2014-08-15,17.16,17.17,16.95,17.1,10.98,146200,0.0,0
2014-08-18,17.2,17.29,17.18,17.26,11.08,108100,0.0,0
2014-08-19,17.32,17.53,17.29,17.53,11.25,139200,0.0,0
2014-08-20,17.45,17.47,17.24,17.3,11.17,149700,0.103,0
2014-08-21,17.27,17.31,17.21,17.21,11.11,202400,0.0,0
2014-08-22,17.23,17.28,17.17,17.26,11.15,130500,0.0,0
2014-08-25,17.3,17.39,17.26,17.28,11.16,122900,0.0,0
2014-08-26,17.33,17.52,17.33,17.47,11.28,141300,0.0,0
2014-08-27,17.49,17.61,17.47,17.52,11.31,157900,0.0,0
2014-08-28,17.43,17.43,17.35,17.43,11.26,94700,0.0,0
2014-08-29,17.5,17.5,17.42,17.49,11.29,72900,0.0,0
2014-09-02,17.58,17.58,17.5,17.54,11.33,137300,0.0,0
2014-09-03,17.62,17.63,17.45,17.47,11.28,91500,0.0,0
2014-09-04,17.46,17.58,17.46,17.49,11.29,131500,0.0,0
2014-09-05,17.51,17.58,17.46,17.47,11.28,105900,0.0,0
2014-09-08,17.5,17.5,17.32,17.34,11.2,109900,0.0,0
2014-09-09,17.3,17.37,17.21,17.31,11.18,115700,0.0,0
2014-09-10,17.34,17.35,17.23,17.35,11.2,83400,0.0,0
2014-09-11,17.33,17.4,17.32,17.4,11.24,81600,0.0,0
2014-09-12,17.4,17.4,17.24,17.31,11.18,71300,0.0,0
2014-09-15,17.35,17.35,17.17,17.21,11.11,119000,0.0,0
2014-09-16,17.16,17.43,17.16,17.42,11.25,128100,0.0,0
2014-09-17,17.38,17.49,17.34,17.46,11.27,123100,0.0,0
2014-09-18,17.46,17.62,17.46,17.53,11.32,129100,0.0,0
2014-09-19,17.48,17.58,17.48,17.52,11.38,135400,0.103,0
2014-09-22,17.46,17.54,17.2,17.25,11.2,89400,0.0,0
2014-09-23,17.19,17.26,17.19,17.24,11.2,99400,0.0,0
2014-09-24,17.24,17.33,17.19,17.31,11.24,86100,0.0,0
2014-09-25,17.33,17.34,17.07,17.17,11.15,224900,0.0,0
2014-09-26,17.13,17.25,17.07,17.17,11.15,111500,0.0,0
2014-09-29,17.1,17.1,16.68,17.03,11.06,133300,0.0,0
2014-09-30,17.1,17.1,16.96,17.02,11.06,133900,0.0,0
2014-10-01,17.04,17.04,16.75,16.78,10.9,131000,0.0,0
2014-10-02,16.69,16.72,16.3,16.52,10.73,272400,0.0,0
2014-10-03,16.63,16.68,16.52,16.67,10.83,138100,0.0,0
2014-10-06,16.73,16.77,16.67,16.68,10.83,129100,0.0,0
2014-10-07,16.65,16.68,16.53,16.53,10.74,127400,0.0,0
2014-10-08,16.53,16.72,16.4,16.7,10.85,139100,0.0,0
2014-10-09,16.68,16.7,16.45,16.53,10.74,147400,0.0,0
2014-10-10,16.52,16.52,16.06,16.07,10.44,203700,0.0,0
2014-10-13,16.01,16.08,15.57,15.76,10.24,350600,0.0,0
2014-10-14,15.81,15.87,15.48,15.55,10.1,222700,0.0,0
2014-10-15,15.26,15.34,14.9,15.26,9.91,589600,0.0,0
2014-10-16,15.0,15.72,15.0,15.58,10.12,730900,0.0,0
2014-10-17,15.69,15.98,15.69,15.87,10.31,242400,0.0,0
2014-10-20,15.81,15.98,15.79,15.94,10.35,120700,0.0,0
2014-10-21,16.01,16.6,16.01,16.6,10.78,229800,0.0,0
2014-10-22,16.54,16.58,16.4,16.52,10.8,131200,0.103,0
2014-10-23,16.69,16.74,16.61,16.63,10.87,175200,0.0,0
2014-10-24,16.59,16.75,16.48,16.75,10.95,137100,0.0,0
2014-10-27,16.64,16.7,16.52,16.57,10.83,99500,0.0,0
2014-10-28,16.65,16.77,16.65,16.77,10.96,81400,0.0,0
2014-10-29,16.75,16.86,16.71,16.77,10.96,114400,0.0,0
2014-10-30,16.69,16.85,16.69,16.83,11.0,86200,0.0,0
2014-10-31,17.0,17.02,16.94,16.98,11.1,130500,0.0,0
2014-11-03,17.04,17.07,16.96,16.99,11.1,147100,0.0,0
2014-11-04,16.98,16.98,16.73,16.84,11.01,120400,0.0,0
2014-11-05,16.9,17.04,16.84,16.96,11.09,121600,0.0,0
2014-11-06,16.96,17.12,16.9,17.04,11.14,151000,0.0,0
2014-11-07,17.04,17.06,16.84,16.87,11.03,129900,0.0,0
2014-11-10,16.92,17.01,16.88,16.98,11.1,102100,0.0,0
2014-11-11,17.0,17.1,16.95,17.05,11.14,129400,0.0,0
2014-11-12,17.02,17.07,16.99,17.05,11.14,69800,0.0,0
2014-11-13,17.05,17.07,16.92,16.94,11.07,111700,0.0,0
2014-11-14,16.9,16.94,16.84,16.88,11.03,109500,0.0,0
2014-11-17,16.79,16.96,16.76,16.88,11.03,153600,0.0,0
2014-11-18,16.85,17.03,16.85,17.02,11.12,124700,0.0,0
2014-11-19,16.97,16.97,16.87,16.93,11.13,139900,0.103,0
2014-11-20,16.88,17.01,16.88,16.99,11.17,141500,0.0,0
2014-11-21,17.13,17.16,16.9,16.99,11.17,217200,0.0,0
2014-11-24,17.0,17.03,16.93,16.99,11.17,174900,0.0,0
2014-11-25,17.01,17.06,16.97,17.04,11.21,114400,0.0,0
2014-11-26,17.06,17.18,17.03,17.16,11.28,128700,0.0,0
2014-11-28,17.2,17.3,17.17,17.27,11.36,91600,0.0,0
2014-12-01,17.16,17.16,16.92,16.93,11.13,154300,0.0,0
2014-12-02,16.94,17.23,16.92,17.14,11.27,128700,0.0,0
2014-12-03,17.13,17.21,17.12,17.18,11.3,90800,0.0,0
2014-12-04,17.13,17.18,17.06,17.12,11.26,104900,0.0,0
2014-12-05,17.1,17.16,17.09,17.1,11.24,81600,0.0,0
2014-12-08,17.06,17.13,16.96,16.98,11.17,112200,0.0,0
2014-12-09,16.81,16.87,16.65,16.8,11.05,165700,0.0,0
2014-12-10,16.66,16.74,16.45,16.49,10.84,238800,0.0,0
2014-12-11,16.45,16.71,16.42,16.56,10.89,154100,0.0,0
2014-12-12,16.45,16.51,16.18,16.18,10.64,279300,0.0,0
2014-12-15,16.24,16.34,15.98,16.09,10.58,186100,0.0,0
2014-12-16,15.95,16.24,15.85,15.9,10.46,215900,0.0,0
2014-12-17,15.87,16.21,15.87,16.2,10.65,231200,0.0,0
2014-12-18,16.47,16.62,16.4,16.61,10.92,173900,0.0,0
2014-12-19,16.62,16.76,16.58,16.71,10.99,194300,0.0,0
2014-12-22,16.58,16.62,16.46,16.57,10.96,175300,0.103,0
2014-12-23,16.54,16.6,16.5,16.57,10.96,181200,0.0,0
2014-12-24,16.54,16.57,16.4,16.54,10.94,134300,0.0,0
2014-12-26,16.54,16.6,16.49,16.49,10.91,127900,0.0,0
2014-12-29,16.42,16.47,16.13,16.31,10.79,287600,0.0,0
2014-12-30,16.21,16.29,16.17,16.28,10.77,295500,0.0,0
2014-12-31,16.28,16.3,16.13,16.17,10.7,320700,0.0,0
2015-01-02,16.19,16.22,16.04,16.17,10.7,161800,0.0,0
2015-01-05,16.02,16.03,15.67,15.79,10.45,298300,0.0,0
2015-01-06,15.77,15.85,15.62,15.68,10.37,188700,0.0,0
2015-01-07,15.75,15.85,15.73,15.82,10.47,255400,0.0,0
2015-01-08,15.94,16.15,15.93,16.12,10.67,213600,0.0,0
2015-01-09,16.13,16.16,15.98,16.04,10.61,141100,0.0,0
2015-01-12,16.08,16.08,15.92,16.01,10.59,185500,0.0,0
2015-01-13,16.14,16.2,15.83,15.92,10.53,256400,0.0,0
2015-01-14,15.71,15.85,15.68,15.78,10.44,211300,0.0,0
2015-01-15,15.78,15.92,15.73,15.79,10.45,140000,0.0,0
2015-01-16,15.78,15.98,15.74,15.94,10.55,319100,0.0,0
2015-01-20,16.01,16.07,15.91,16.07,10.63,218900,0.0,0
2015-01-21,15.95,16.07,15.92,16.03,10.67,148900,0.102,0
2015-01-22,16.13,16.32,16.06,16.26,10.83,133500,0.0,0
2015-01-23,16.24,16.26,16.13,16.15,10.75,170200,0.0,0
2015-01-26,16.17,16.21,16.07,16.16,10.76,136900,0.0,0
2015-01-27,16.04,16.2,15.98,16.15,10.75,230100,0.0,0
2015-01-28,16.24,16.24,16.0,16.0,10.65,159600,0.0,0
2015-01-29,16.05,16.05,15.9,15.99,10.65,237500,0.0,0
2015-01-30,15.94,16.08,15.86,15.86,10.56,131600,0.0,0
2015-02-02,15.96,16.11,15.86,16.09,10.71,162100,0.0,0
2015-02-03,16.13,16.38,16.13,16.34,10.88,235200,0.0,0
2015-02-04,16.25,16.46,16.25,16.3,10.85,110900,0.0,0
2015-02-05,16.38,16.48,16.31,16.48,10.97,158200,0.0,0
2015-02-06,16.44,16.51,16.33,16.36,10.89,135500,0.0,0
2015-02-09,16.34,16.4,16.18,16.23,10.81,158800,0.0,0
2015-02-10,16.34,16.46,16.24,16.41,10.93,126500,0.0,0
2015-02-11,16.39,16.45,16.34,16.38,10.91,203800,0.0,0
2015-02-12,16.43,16.56,16.43,16.51,10.99,187800,0.0,0
2015-02-13,16.57,16.63,16.53,16.61,11.06,113200,0.0,0
2015-02-17,16.63,16.63,16.55,16.61,11.06,190800,0.0,0
2015-02-18,16.51,16.57,16.44,16.54,11.08,134400,0.102,0
2015-02-19,16.5,16.63,16.46,16.6,11.12,119000,0.0,0
2015-02-20,16.59,16.71,16.53,16.66,11.16,135700,0.0,0
2015-02-23,16.67,16.72,16.64,16.69,11.18,191700,0.0,0
2015-02-24,16.74,16.88,16.72,16.86,11.3,140100,0.0,0
2015-02-25,16.81,16.96,16.79,16.93,11.34,103100,0.0,0
2015-02-26,16.93,16.96,16.86,16.92,11.34,141500,0.0,0
2015-02-27,16.96,17.02,16.92,16.94,11.35,224900,0.0,0
2015-03-02,16.96,17.06,16.95,17.0,11.39,194000,0.0,0
2015-03-03,16.98,17.04,16.96,17.04,11.42,116600,0.0,0
2015-03-04,17.0,17.06,16.92,16.98,11.38,118100,0.0,0
2015-03-05,17.05,17.1,17.0,17.08,11.44,127900,0.0,0
2015-03-06,17.02,17.04,16.85,16.9,11.32,93700,0.0,0
2015-03-09,16.92,16.97,16.88,16.91,11.33,139500,0.0,0
2015-03-10,16.81,16.81,16.66,16.68,11.18,140500,0.0,0
2015-03-11,16.67,16.75,16.6,16.64,11.15,132500,0.0,0
2015-03-12,16.75,16.86,16.75,16.84,11.28,110300,0.0,0
2015-03-13,16.78,16.83,16.62,16.76,11.23,129300,0.0,0
2015-03-16,16.8,16.93,16.8,16.86,11.3,126000,0.0,0
2015-03-17,16.81,16.84,16.74,16.83,11.28,110900,0.0,0
2015-03-18,16.8,17.06,16.77,17.03,11.41,105800,0.0,0
2015-03-19,16.98,17.08,16.94,17.08,11.44,167700,0.0,0
2015-03-20,17.07,17.07,16.9,16.95,11.42,170400,0.102,0
2015-03-23,16.98,17.09,16.97,17.0,11.46,157600,0.0,0
2015-03-24,17.03,17.07,16.98,17.03,11.48,107500,0.0,0
2015-03-25,17.05,17.09,16.95,16.95,11.42,128800,0.0,0
2015-03-26,16.95,17.01,16.87,16.94,11.42,177500,0.0,0
2015-03-27,16.92,16.95,16.9,16.93,11.41,69400,0.0,0
2015-03-30,16.99,17.08,16.99,17.05,11.49,137000,0.0,0
2015-03-31,17.01,17.02,16.87,16.96,11.43,110500,0.0,0
2015-04-01,16.95,16.95,16.8,16.92,11.4,141300,0.0,0
2015-04-02,16.8,16.91,16.8,16.89,11.38,210800,0.0,0
2015-04-06,16.85,17.07,16.84,17.06,11.5,114400,0.0,0
2015-04-07,17.01,17.17,17.01,17.12,11.54,134000,0.0,0
2015-04-08,17.18,17.2,17.13,17.16,11.57,118000,0.0,0
2015-04-09,17.14,17.3,17.14,17.3,11.66,129600,0.0,0
2015-04-10,17.33,17.38,17.29,17.37,11.71,87800,0.0,0
2015-04-13,17.34,17.42,17.27,17.3,11.66,100400,0.0,0
2015-04-14,17.29,17.39,17.25,17.37,11.71,118700,0.0,0
2015-04-15,17.4,17.56,17.39,17.55,11.83,231500,0.0,0
2015-04-16,17.53,17.59,17.49,17.58,11.85,150300,0.0,0
2015-04-17,17.5,17.54,17.36,17.41,11.73,173700,0.0,0
2015-04-20,17.5,17.5,17.37,17.41,11.73,138100,0.0,0
2015-04-21,17.36,17.36,17.21,17.31,11.74,249400,0.103,0
2015-04-22,17.36,17.47,17.34,17.44,11.83,134300,0.0,0
2015-04-23,17.46,17.56,17.43,17.55,11.9,232400,0.0,0
2015-04-24,17.52,17.55,17.48,17.52,11.88,86900,0.0,0
2015-04-27,17.58,17.62,17.38,17.43,11.82,144600,0.0,0
2015-04-28,17.42,17.58,17.34,17.54,11.89,125500,0.0,0
2015-04-29,17.39,17.54,17.36,17.5,11.87,117200,0.0,0
2015-04-30,17.42,17.42,17.27,17.31,11.74,187000,0.0,0
2015-05-01,17.41,17.45,17.33,17.42,11.81,87300,0.0,0
2015-05-04,17.4,17.56,17.39,17.53,11.89,111900,0.0,0
2015-05-05,17.52,17.55,17.41,17.54,11.89,128000,0.0,0
2015-05-06,17.58,17.64,17.4,17.63,11.95,244600,0.0,0
2015-05-07,17.55,17.62,17.35,17.42,11.81,178700,0.0,0
2015-05-08,17.47,17.63,17.47,17.59,11.93,137000,0.0,0
2015-05-11,17.59,17.63,17.54,17.57,11.91,197700,0.0,0
2015-05-12,17.53,17.62,17.46,17.57,11.91,190200,0.0,0
2015-05-13,17.57,17.64,17.52,17.59,11.93,112000,0.0,0
2015-05-14,17.36,17.75,17.36,17.73,12.02,137200,0.0,0
2015-05-15,17.67,17.73,17.65,17.67,11.98,143500,0.0,0
2015-05-18,17.66,17.72,17.6,17.64,11.96,239000,0.0,0
2015-05-19,17.7,17.78,17.66,17.72,12.01,160600,0.0,0
2015-05-20,17.68,17.77,17.64,17.68,12.06,153400,0.103,0
2015-05-21,17.71,17.74,17.61,17.7,12.07,133300,0.0,0
2015-05-22,17.69,17.8,17.66,17.79,12.13,112000,0.0,0
2015-05-26,17.74,17.75,17.62,17.64,12.03,146600,0.0,0
2015-05-27,17.7,17.76,17.66,17.75,12.11,137900,0.0,0
2015-05-28,17.69,17.8,17.67,17.8,12.14,100600,0.0,0
2015-05-29,17.82,17.88,17.7,17.85,12.17,191800,0.0,0
2015-06-01,17.89,17.93,17.75,17.9,12.21,233000,0.0,0
2015-06-02,17.9,17.99,17.75,17.99,12.27,196100,0.0,0
2015-06-03,17.96,18.03,17.89,17.93,12.23,248900,0.0,0
2015-06-04,17.84,17.89,17.7,17.8,12.14,169900,0.0,0
2015-06-05,17.77,17.8,17.6,17.6,12.0,157100,0.0,0
2015-06-08,17.61,17.63,17.41,17.43,11.89,151400,0.0,0
2015-06-09,17.48,17.51,17.35,17.51,11.94,178000,0.0,0
2015-06-10,17.56,17.76,17.55,17.56,11.98,159300,0.0,0
2015-06-11,17.69,17.83,17.67,17.75,12.11,144600,0.0,0
2015-06-12,17.65,17.73,17.57,17.65,12.04,155100,0.0,0
2015-06-15,17.51,17.55,17.41,17.45,11.9,214100,0.0,0
2015-06-16,17.36,17.56,17.27,17.54,11.96,277400,0.0,0
2015-06-17,17.52,17.58,17.45,17.53,11.96,148900,0.0,0
2015-06-18,17.5,17.73,17.5,17.67,12.05,179400,0.0,0
2015-06-19,17.49,17.56,17.34,17.38,11.92,175700,0.103,0
2015-06-22,17.54,17.6,17.46,17.46,11.98,243500,0.0,0
2015-06-23,17.44,17.61,17.44,17.58,12.06,144700,0.0,0
2015-06-24,17.63,17.67,17.55,17.55,12.04,204800,0.0,0
2015-06-25,17.62,17.63,17.38,17.39,11.93,151700,0.0,0
2015-06-26,17.46,17.46,17.16,17.16,11.77,264400,0.0,0
2015-06-29,17.04,17.06,16.57,16.6,11.39,299900,0.0,0
2015-06-30,16.8,16.88,16.68,16.87,11.57,213500,0.0,0
2015-07-01,17.04,17.06,16.96,17.0,11.66,129100,0.0,0
2015-07-02,16.97,16.98,16.75,16.85,11.56,221400,0.0,0
2015-07-06,16.7,16.74,16.6,16.67,11.44,179500,0.0,0
2015-07-07,16.69,16.69,16.34,16.53,11.34,235000,0.0,0
2015-07-08,16.4,16.42,16.22,16.26,11.15,132800,0.0,0
2015-07-09,16.34,16.43,16.29,16.4,11.25,264000,0.0,0
2015-07-10,16.57,16.75,16.53,16.7,11.46,171900,0.0,0
2015-07-13,16.79,16.9,16.79,16.82,11.54,124400,0.0,0
2015-07-14,16.85,17.02,16.85,17.02,11.68,102200,0.0,0
2015-07-15,16.99,17.03,16.93,16.96,11.63,86700,0.0,0
2015-07-16,16.96,17.15,16.96,17.15,11.76,158200,0.0,0
2015-07-17,17.15,17.21,17.13,17.21,11.81,90000,0.0,0
2015-07-20,17.25,17.35,17.2,17.28,11.85,139500,0.0,0
2015-07-21,17.26,17.29,17.19,17.29,11.86,156000,0.0,0
2015-07-22,17.06,17.15,16.96,17.11,11.81,191700,0.103,0
2015-07-23,17.13,17.14,16.91,16.94,11.69,154900,0.0,0
2015-07-24,16.99,16.99,16.78,16.82,11.61,75600,0.0,0
2015-07-27,16.65,16.69,16.53,16.55,11.42,129000,0.0,0
2015-07-28,16.6,16.79,16.59,16.73,11.55,120800,0.0,0
2015-07-29,16.73,16.85,16.7,16.79,11.59,142000,0.0,0
2015-07-30,16.79,16.87,16.75,16.85,11.63,112900,0.0,0
2015-07-31,16.94,16.99,16.88,16.93,11.68,97600,0.0,0
2015-08-03,16.91,16.91,16.66,16.66,11.5,93000,0.0,0
2015-08-04,16.72,16.78,16.68,16.7,11.52,127400,0.0,0
2015-08-05,16.73,16.85,16.71,16.72,11.54,129600,0.0,0
2015-08-06,16.74,16.75,16.5,16.55,11.42,154600,0.0,0
2015-08-07,16.51,16.55,16.42,16.46,11.36,111500,0.0,0
2015-08-10,16.53,16.64,16.53,16.62,11.47,81000,0.0,0
2015-08-11,16.43,16.55,16.39,16.48,11.37,125300,0.0,0
2015-08-12,16.36,16.59,16.28,16.53,11.41,173300,0.0,0
2015-08-13,16.53,16.58,16.42,16.55,11.42,124100,0.0,0
2015-08-14,16.54,16.54,16.47,16.51,11.39,100800,0.0,0
2015-08-17,16.5,16.61,16.37,16.6,11.46,153000,0.0,0
2015-08-18,16.54,16.6,16.46,16.57,11.44,78100,0.0,0
2015-08-19,16.52,16.56,16.46,16.56,11.43,206800,0.0,0
2015-08-20,16.3,16.37,16.16,16.16,11.22,282200,0.103,0
2015-08-21,16.02,16.02,15.54,15.55,10.8,270700,0.0,0
2015-08-24,14.78,15.16,11.68,14.56,10.11,715400,0.0,0
2015-08-25,14.79,15.19,14.7,14.86,10.32,257100,0.0,0
2015-08-26,15.13,15.38,14.79,15.38,10.68,244900,0.0,0
2015-08-27,15.48,15.81,15.42,15.68,10.89,159100,0.0,0
2015-08-28,15.68,15.89,15.61,15.85,11.01,150200,0.0,0
2015-08-31,15.82,15.88,15.77,15.79,10.97,126500,0.0,0
2015-09-01,15.45,15.61,15.45,15.58,10.82,126000,0.0,0
2015-09-02,15.75,15.75,15.47,15.52,10.78,132000,0.0,0
2015-09-03,15.63,15.7,15.56,15.62,10.85,122800,0.0,0
2015-09-04,15.42,15.56,15.37,15.44,10.72,122500,0.0,0
2015-09-08,15.69,15.74,15.51,15.56,10.81,122400,0.0,0
2015-09-09,15.78,15.78,15.57,15.58,10.82,151800,0.0,0
2015-09-10,15.55,15.66,15.53,15.54,10.79,117400,0.0,0
2015-09-11,15.5,15.61,15.43,15.59,10.83,98700,0.0,0
2015-09-14,15.54,15.54,15.41,15.45,10.73,71000,0.0,0
2015-09-15,15.44,15.66,15.43,15.64,10.86,112400,0.0,0
2015-09-16,15.68,15.74,15.56,15.63,10.85,171500,0.0,0
2015-09-17,15.61,15.9,15.55,15.8,10.97,110000,0.0,0
2015-09-18,15.6,15.74,15.48,15.56,10.81,102200,0.0,0
2015-09-21,15.57,15.57,15.45,15.5,10.84,130400,0.103,0
2015-09-22,15.31,15.61,15.25,15.61,10.91,165800,0.0,0
2015-09-23,15.63,15.63,15.44,15.5,10.84,108300,0.0,0
2015-09-24,15.39,15.39,15.16,15.28,10.68,154400,0.0,0
2015-09-25,15.45,15.51,15.28,15.32,10.71,163300,0.0,0
2015-09-28,15.26,15.29,14.72,14.74,10.3,167000,0.0,0
2015-09-29,14.75,14.87,14.57,14.57,10.19,134500,0.0,0
2015-09-30,14.79,14.91,14.73,14.8,10.35,188000,0.0,0
2015-10-01,14.84,14.94,14.8,14.94,10.44,94200,0.0,0
2015-10-02,14.72,14.95,14.6,14.92,10.43,159400,0.0,0
2015-10-05,15.07,15.36,15.05,15.35,10.73,136400,0.0,0
2015-10-06,15.36,15.63,15.31,15.63,10.93,148600,0.0,0
2015-10-07,15.68,15.82,15.65,15.82,11.06,99300,0.0,0
2015-10-08,15.7,15.96,15.68,15.91,11.12,96400,0.0,0
2015-10-09,15.96,16.03,15.85,15.92,11.13,79300,0.0,0
2015-10-12,15.86,15.95,15.86,15.94,11.14,60700,0.0,0
2015-10-13,15.81,15.91,15.81,15.84,11.07,88500,0.0,0
2015-10-14,15.85,15.86,15.6,15.6,10.91,65600,0.0,0
2015-10-15,15.71,15.76,15.65,15.73,11.0,150400,0.0,0
2015-10-16,15.72,15.93,15.69,15.89,11.11,137900,0.0,0
2015-10-19,15.88,16.0,15.82,15.99,11.18,130300,0.0,0
2015-10-20,15.99,16.1,15.94,16.08,11.24,118400,0.0,0
2015-10-21,16.08,16.08,15.93,15.95,11.22,99900,0.103,0
2015-10-22,16.0,16.21,15.97,16.17,11.38,108000,0.0,0
2015-10-23,16.36,16.47,16.27,16.37,11.52,130400,0.0,0
2015-10-26,16.42,16.42,16.18,16.2,11.4,86500,0.0,0
2015-10-27,16.23,16.34,16.17,16.28,11.45,204300,0.0,0
2015-10-28,16.37,16.39,16.24,16.33,11.49,129600,0.0,0
2015-10-29,16.32,16.32,16.18,16.28,11.45,128300,0.0,0
2015-10-30,16.34,16.55,16.3,16.54,11.64,179200,0.0,0
2015-11-02,16.48,16.7,16.48,16.64,11.71,172400,0.0,0
2015-11-03,16.63,16.9,16.52,16.89,11.88,204200,0.0,0
2015-11-04,16.88,16.88,16.67,16.68,11.74,95200,0.0,0
2015-11-05,16.73,16.79,16.61,16.71,11.76,137400,0.0,0
2015-11-06,16.64,16.72,16.52,16.69,11.74,114700,0.0,0
2015-11-09,16.68,16.68,16.39,16.41,11.55,120600,0.0,0
2015-11-10,16.36,16.49,16.34,16.45,11.57,101300,0.0,0
2015-11-11,16.43,16.54,16.43,16.43,11.56,105700,0.0,0
2015-11-12,16.31,16.32,16.19,16.26,11.44,116100,0.0,0
2015-11-13,16.22,16.29,16.0,16.08,11.31,134300,0.0,0
2015-11-16,15.99,16.45,15.97,16.44,11.57,126700,0.0,0
2015-11-17,15.99,16.59,15.99,16.07,11.31,261400,0.0,0
2015-11-18,16.06,16.52,16.01,16.48,11.59,225000,0.0,0
2015-11-19,16.35,16.45,16.29,16.32,11.55,203500,0.103,0
2015-11-20,16.38,16.46,16.24,16.26,11.51,137500,0.0,0
2015-11-23,16.25,16.32,16.18,16.18,11.46,137400,0.0,0
2015-11-24,16.01,16.29,16.01,16.28,11.53,121200,0.0,0
2015-11-25,16.24,16.29,16.2,16.29,11.53,77600,0.0,0
2015-11-27,16.28,16.29,16.23,16.28,11.53,27100,0.0,0
2015-11-30,16.23,16.32,16.22,16.29,11.53,146100,0.0,0
2015-12-01,16.33,16.37,16.29,16.34,11.57,129900,0.0,0
2015-12-02,16.34,16.4,16.32,16.35,11.58,111900,0.0,0
2015-12-03,16.32,16.36,16.19,16.19,11.46,119100,0.0,0
2015-12-04,16.19,16.32,16.19,16.29,11.53,129200,0.0,0
2015-12-07,16.23,16.26,15.89,15.91,11.26,258800,0.0,0
2015-12-08,15.8,15.99,15.71,15.89,11.25,187600,0.0,0
2015-12-09,15.88,15.95,15.71,15.73,11.14,95100,0.0,0
2015-12-10,15.76,15.98,15.73,15.98,11.31,125600,0.0,0
2015-12-11,15.84,15.87,15.4,15.54,11.0,239500,0.0,0
2015-12-14,15.41,15.45,15.15,15.24,10.79,227300,0.0,0
2015-12-15,15.24,15.45,15.21,15.36,10.87,204600,0.0,0
2015-12-16,15.46,15.67,15.41,15.64,11.07,186600,0.0,0
2015-12-17,15.68,15.71,15.47,15.59,11.04,214600,0.0,0
2015-12-18,15.54,15.58,15.46,15.53,11.0,108900,0.0,0
2015-12-21,15.48,15.48,15.28,15.36,10.95,185600,0.103,0
2015-12-22,15.38,15.43,15.28,15.36,10.95,246900,0.0,0
2015-12-23,15.49,15.54,15.44,15.52,11.06,253600,0.0,0
2015-12-24,15.57,15.68,15.57,15.66,11.16,100200,0.0,0
2015-12-28,15.55,15.6,15.45,15.51,11.05,265200,0.0,0
2015-12-29,15.5,15.65,15.46,15.6,11.12,241300,0.0,0
2015-12-30,15.62,15.7,15.58,15.59,11.11,198100,0.0,0
2015-12-31,15.52,15.66,15.46,15.52,11.06,168300,0.0,0
2016-01-04,15.24,15.34,15.0,15.31,10.91,324100,0.0,0
2016-01-05,15.31,15.35,15.24,15.31,10.91,178800,0.0,0
2016-01-06,15.17,15.3,15.09,15.14,10.79,223000,0.0,0
2016-01-07,14.99,15.02,14.76,14.8,10.55,260500,0.0,0
2016-01-08,14.85,14.9,14.67,14.67,10.46,282500,0.0,0
2016-01-11,14.71,14.71,14.31,14.46,10.31,277900,0.0,0
2016-01-12,14.55,14.63,14.41,14.53,10.36,158400,0.0,0
2016-01-13,14.63,14.68,14.06,14.14,10.08,282100,0.0,0
2016-01-14,14.14,14.36,13.89,14.12,10.06,353300,0.0,0
2016-01-15,13.76,13.78,13.36,13.58,9.68,487500,0.0,0
2016-01-19,13.77,13.77,13.36,13.39,9.54,339600,0.0,0
2016-01-20,13.01,13.23,12.63,12.99,9.33,466200,0.103,0
2016-01-21,12.98,13.43,12.98,13.34,9.58,351600,0.0,0
2016-01-22,13.49,13.83,13.49,13.82,9.93,262200,0.0,0
2016-01-25,13.8,13.8,13.46,13.51,9.7,289000,0.0,0
2016-01-26,13.51,13.75,13.51,13.66,9.81,264600,0.0,0
2016-01-27,13.57,13.78,13.51,13.57,9.75,258700,0.0,0
2016-01-28,13.63,13.9,13.61,13.78,9.9,214800,0.0,0
2016-01-29,13.89,14.13,13.87,14.13,10.15,234400,0.0,0
2016-02-01,14.08,14.16,13.97,14.16,10.17,158000,0.0,0
2016-02-02,13.95,14.0,13.84,13.92,10.0,176000,0.0,0
2016-02-03,13.97,14.03,13.77,13.97,10.03,148600,0.0,0
2016-02-04,13.87,14.02,13.82,13.9,9.98,190100,0.0,0
2016-02-05,13.85,13.85,13.59,13.63,9.79,137000,0.0,0
2016-02-08,13.45,13.45,13.1,13.33,9.57,205100,0.0,0
2016-02-09,13.07,13.21,13.0,13.08,9.39,256000,0.0,0
2016-02-10,13.11,13.25,13.05,13.05,9.37,129800,0.0,0
2016-02-11,12.9,12.94,12.6,12.87,9.24,326800,0.0,0
2016-02-12,12.8,13.06,12.7,13.05,9.37,257700,0.0,0
2016-02-16,13.23,13.26,13.1,13.18,9.47,174000,0.0,0
2016-02-17,13.3,13.51,13.23,13.49,9.69,180800,0.0,0
2016-02-18,13.42,13.5,13.34,13.36,9.67,254600,0.103,0
2016-02-19,13.29,13.44,13.23,13.34,9.66,145400,0.0,0
2016-02-22,13.44,13.62,13.42,13.56,9.81,225200,0.0,0
2016-02-23,13.51,13.55,13.38,13.43,9.72,181600,0.0,0
2016-02-24,13.29,13.55,13.17,13.49,9.76,158600,0.0,0
2016-02-25,13.55,13.64,13.49,13.6,9.84,86000,0.0,0
2016-02-26,13.67,13.8,13.64,13.78,9.97,178500,0.0,0
2016-02-29,13.79,13.85,13.57,13.59,9.84,184600,0.0,0
2016-03-01,13.67,13.96,13.67,13.96,10.1,163900,0.0,0
2016-03-02,13.91,14.08,13.9,14.02,10.15,133500,0.0,0
2016-03-03,14.07,14.09,13.99,14.06,10.18,130900,0.0,0
2016-03-04,14.04,14.22,14.02,14.13,10.23,176900,0.0,0
2016-03-07,14.03,14.2,14.03,14.14,10.23,181800,0.0,0
2016-03-08,14.08,14.09,13.99,14.01,10.14,131300,0.0,0
2016-03-09,14.04,14.15,14.01,14.07,10.18,92400,0.0,0
2016-03-10,14.18,14.22,14.0,14.06,10.18,93600,0.0,0
2016-03-11,14.11,14.33,14.11,14.32,10.36,102200,0.0,0
2016-03-14,14.31,14.42,14.21,14.38,10.41,132000,0.0,0
2016-03-15,14.26,14.32,14.24,14.3,10.35,116800,0.0,0
2016-03-16,14.3,14.47,14.29,14.47,10.47,149300,0.0,0
2016-03-17,14.5,14.62,14.45,14.58,10.55,123800,0.0,0
2016-03-18,14.57,14.66,14.53,14.6,10.57,125000,0.0,0
2016-03-21,14.61,14.66,14.55,14.62,10.58,164300,0.0,0
2016-03-22,14.46,14.61,14.46,14.52,10.58,102600,0.103,0
2016-03-23,14.46,14.5,14.25,14.31,10.43,213300,0.0,0
2016-03-24,14.2,14.27,14.09,14.2,10.35,124700,0.0,0
2016-03-28,14.22,14.29,14.22,14.26,10.39,97600,0.0,0
2016-03-29,14.26,14.4,14.21,14.38,10.48,196400,0.0,0
2016-03-30,14.41,14.54,14.38,14.49,10.56,168800,0.0,0
2016-03-31,14.52,14.65,14.45,14.45,10.53,267500,0.0,0
2016-04-01,14.35,14.56,14.31,14.54,10.6,216500,0.0,0
2016-04-04,14.49,14.53,14.25,14.37,10.47,247800,0.0,0
2016-04-05,14.31,14.34,14.2,14.2,10.35,133600,0.0,0
2016-04-06,14.3,14.42,14.19,14.4,10.5,154400,0.0,0
2016-04-07,14.3,14.34,14.21,14.26,10.39,135300,0.0,0
2016-04-08,14.4,14.4,14.26,14.28,10.41,156500,0.0,0
2016-04-11,14.38,14.44,14.31,14.32,10.44,130900,0.0,0
2016-04-12,14.3,14.42,14.3,14.37,10.47,109100,0.0,0
2016-04-13,14.45,14.56,14.45,14.54,10.6,167400,0.0,0
2016-04-14,14.53,14.63,14.53,14.62,10.66,93100,0.0,0
2016-04-15,14.5,14.58,14.49,14.58,10.63,119600,0.0,0
2016-04-18,14.58,14.69,14.51,14.69,10.71,119000,0.0,0
2016-04-19,14.71,14.84,14.69,14.79,10.78,132400,0.0,0
2016-04-20,14.71,14.79,14.67,14.75,10.83,102700,0.103,0
2016-04-21,14.79,14.84,14.75,14.78,10.85,155300,0.0,0
2016-04-22,14.78,14.79,14.73,14.75,10.83,123900,0.0,0
2016-04-25,14.72,14.74,14.61,14.65,10.75,195100,0.0,0
2016-04-26,14.7,14.79,14.66,14.78,10.85,164000,0.0,0
2016-04-27,14.81,14.83,14.73,14.82,10.88,154000,0.0,0
2016-04-28,14.7,14.79,14.61,14.62,10.73,121700,0.0,0
2016-04-29,14.58,14.69,14.48,14.56,10.69,191400,0.0,0
2016-05-02,14.64,14.71,14.61,14.63,10.74,169000,0.0,0
2016-05-03,14.51,14.54,14.43,14.54,10.67,247300,0.0,0
2016-05-04,14.47,14.49,14.43,14.47,10.62,185400,0.0,0
2016-05-05,14.54,14.54,14.45,14.47,10.62,173300,0.0,0
2016-05-06,14.45,14.51,14.43,14.49,10.64,130500,0.0,0
2016-05-09,14.52,14.55,14.39,14.41,10.58,176100,0.0,0
2016-05-10,14.45,14.57,14.45,14.56,10.69,103700,0.0,0
2016-05-11,14.52,14.58,14.5,14.56,10.69,132000,0.0,0
2016-05-12,14.58,14.61,14.46,14.48,10.63,93700,0.0,0
2016-05-13,14.49,14.61,14.35,14.4,10.57,95900,0.0,0
2016-05-16,14.44,14.51,14.4,14.47,10.62,169700,0.0,0
2016-05-17,14.43,14.49,14.36,14.36,10.54,162300,0.0,0
2016-05-18,14.38,14.47,14.32,14.36,10.54,202300,0.0,0
2016-05-19,14.36,14.37,14.25,14.28,10.48,145100,0.0,0
2016-05-20,14.24,14.33,14.24,14.3,10.57,91500,0.103,0
2016-05-23,14.34,14.37,14.32,14.35,10.61,308000,0.0,0
2016-05-24,14.48,14.5,14.4,14.49,10.71,276200,0.0,0
2016-05-25,14.52,14.64,14.52,14.62,10.81,211800,0.0,0
2016-05-26,14.7,14.7,14.61,14.68,10.85,158100,0.0,0
2016-05-27,14.7,14.77,14.67,14.75,10.91,154000,0.0,0
2016-05-31,14.79,14.8,14.66,14.68,10.85,231900,0.0,0
2016-06-01,14.68,14.76,14.63,14.76,10.91,167300,0.0,0
2016-06-02,14.7,14.8,14.67,14.78,10.93,158500,0.0,0
2016-06-03,14.77,14.85,14.71,14.79,10.93,200700,0.0,0
2016-06-06,14.89,15.0,14.87,14.97,11.07,187700,0.0,0
2016-06-07,14.99,15.1,14.99,15.06,11.13,232200,0.0,0
2016-06-08,15.08,15.21,15.04,15.21,11.25,254300,0.0,0
2016-06-09,15.15,15.16,15.05,15.09,11.16,146700,0.0,0
2016-06-10,15.01,15.01,14.84,14.9,11.02,179800,0.0,0
2016-06-13,14.83,14.83,14.47,14.47,10.7,321000,0.0,0
2016-06-14,14.4,14.53,14.34,14.5,10.72,201600,0.0,0
2016-06-15,14.51,14.63,14.42,14.43,10.67,175800,0.0,0
2016-06-16,14.38,14.45,14.28,14.44,10.68,158800,0.0,0
2016-06-17,14.44,14.47,14.37,14.44,10.68,123100,0.0,0
2016-06-20,14.63,14.78,14.6,14.65,10.83,190200,0.0,0
2016-06-21,14.55,14.66,14.47,14.64,10.9,227300,0.103,0
2016-06-22,14.61,14.67,14.58,14.59,10.86,126700,0.0,0
2016-06-23,14.67,14.81,14.66,14.79,11.01,223000,0.0,0
2016-06-24,14.32,14.49,14.07,14.08,10.48,656900,0.0,0
2016-06-27,14.0,14.0,13.5,13.61,10.13,641000,0.0,0
2016-06-28,13.8,13.87,13.7,13.86,10.32,311700,0.0,0
2016-06-29,14.0,14.2,14.0,14.09,10.49,262100,0.0,0
2016-06-30,14.15,14.39,14.12,14.39,10.71,292700,0.0,0
2016-07-01,14.39,14.46,14.33,14.43,10.74,187400,0.0,0
2016-07-05,14.31,14.32,14.13,14.26,10.62,282400,0.0,0
2016-07-06,14.23,14.29,14.13,14.27,10.63,214100,0.0,0
2016-07-07,14.3,14.42,14.29,14.38,10.71,255300,0.0,0
2016-07-08,14.43,14.58,14.43,14.57,10.85,209600,0.0,0
2016-07-11,14.63,14.68,14.6,14.67,10.92,165600,0.0,0
2016-07-12,14.79,14.81,14.7,14.79,11.01,190700,0.0,0
2016-07-13,14.77,14.82,14.72,14.75,10.98,176800,0.0,0
2016-07-14,14.88,14.88,14.83,14.87,11.07,167300,0.0,0
2016-07-15,14.84,14.85,14.78,14.8,11.02,148200,0.0,0
2016-07-18,14.79,14.88,14.76,14.85,11.06,128700,0.0,0
2016-07-19,14.8,14.85,14.76,14.83,11.04,224100,0.0,0
2016-07-20,14.8,14.85,14.74,14.81,11.1,126400,0.103,0
2016-07-21,14.84,14.85,14.7,14.72,11.04,121700,0.0,0
2016-07-22,14.77,14.82,14.7,14.81,11.1,111400,0.0,0
2016-07-25,14.78,14.78,14.7,14.76,11.07,131600,0.0,0
2016-07-26,14.79,14.83,14.72,14.8,11.1,172200,0.0,0
2016-07-27,14.87,14.88,14.79,14.85,11.13,113900,0.0,0
2016-07-28,14.86,14.89,14.76,14.88,11.16,125600,0.0,0
2016-07-29,14.89,15.02,14.87,15.01,11.25,196000,0.0,0
2016-08-01,14.99,15.0,14.92,14.94,11.2,135900,0.0,0
2016-08-02,14.97,14.97,14.8,14.85,11.13,143300,0.0,0
2016-08-03,14.84,14.98,14.82,14.98,11.23,232200,0.0,0
2016-08-04,14.94,15.04,14.86,15.02,11.26,193300,0.0,0
2016-08-05,15.07,15.14,15.07,15.1,11.32,163600,0.0,0
2016-08-08,15.15,15.15,15.07,15.12,11.34,106600,0.0,0
2016-08-09,15.09,15.19,15.07,15.18,11.38,203500,0.0,0
2016-08-10,15.19,15.25,15.11,15.23,11.42,201900,0.0,0
2016-08-11,15.26,15.33,15.21,15.33,11.49,215700,0.0,0
2016-08-12,15.3,15.36,15.22,15.36,11.52,175400,0.0,0
2016-08-15,15.44,15.44,15.34,15.38,11.53,158600,0.0,0
2016-08-16,15.37,15.37,15.3,15.35,11.51,162700,0.0,0
2016-08-17,15.32,15.35,15.22,15.35,11.51,142700,0.0,0
2016-08-18,15.35,15.41,15.31,15.4,11.55,173500,0.0,0
2016-08-19,15.35,15.4,15.29,15.4,11.55,149500,0.0,0
2016-08-22,15.32,15.32,15.19,15.3,11.55,112500,0.103,0
2016-08-23,15.37,15.39,15.3,15.3,11.55,174600,0.0,0
2016-08-24,15.35,15.37,15.26,15.26,11.52,105200,0.0,0
2016-08-25,15.25,15.25,15.2,15.21,11.48,84800,0.0,0
2016-08-26,15.21,15.26,15.11,15.19,11.47,124400,0.0,0
2016-08-29,15.18,15.19,15.11,15.15,11.44,122100,0.0,0
2016-08-30,15.11,15.16,15.09,15.14,11.43,111600,0.0,0
2016-08-31,15.15,15.17,15.03,15.08,11.38,136200,0.0,0
2016-09-01,15.1,15.12,15.0,15.12,11.41,91300,0.0,0
2016-09-02,15.22,15.27,15.17,15.21,11.48,105200,0.0,0
2016-09-06,15.25,15.27,15.2,15.27,11.53,112100,0.0,0
2016-09-07,15.28,15.31,15.22,15.27,11.53,169600,0.0,0
2016-09-08,15.25,15.29,15.21,15.26,11.52,117100,0.0,0
2016-09-09,15.16,15.2,15.05,15.07,11.38,174900,0.0,0
2016-09-12,14.96,15.14,14.88,15.13,11.42,204400,0.0,0
2016-09-13,15.05,15.06,14.91,14.99,11.32,170600,0.0,0
2016-09-14,15.04,15.07,14.85,14.95,11.28,115900,0.0,0
2016-09-15,14.95,15.09,14.87,15.06,11.37,81600,0.0,0
2016-09-16,14.98,15.01,14.92,14.95,11.28,100800,0.0,0
2016-09-19,15.06,15.15,15.04,15.08,11.38,89300,0.0,0
2016-09-20,15.17,15.18,15.07,15.09,11.39,76100,0.0,0
2016-09-21,15.08,15.14,15.02,15.09,11.47,85800,0.103,0
2016-09-22,15.22,15.28,15.1,15.11,11.48,153300,0.0,0
2016-09-23,15.07,15.14,15.07,15.12,11.49,79100,0.0,0
2016-09-26,15.04,15.04,14.95,15.01,11.41,143000,0.0,0
2016-09-27,15.01,15.18,14.98,15.18,11.54,151300,0.0,0
2016-09-28,15.16,15.19,14.89,15.05,11.44,323400,0.0,0
2016-09-29,15.0,15.04,14.9,14.91,11.33,115200,0.0,0
2016-09-30,15.01,15.01,14.89,14.9,11.32,309300,0.0,0
2016-10-03,14.85,14.96,14.85,14.94,11.35,119200,0.0,0
2016-10-04,14.93,15.0,14.8,14.82,11.26,116800,0.0,0
2016-10-05,14.89,14.92,14.83,14.89,11.32,94000,0.0,0
2016-10-06,14.86,14.96,14.83,14.95,11.36,134100,0.0,0
2016-10-07,14.95,14.95,14.85,14.85,11.29,87800,0.0,0
2016-10-10,14.89,15.09,14.89,15.05,11.44,160400,0.0,0
2016-10-11,14.98,14.98,14.68,14.7,11.17,171000,0.0,0
2016-10-12,14.78,14.9,14.74,14.8,11.25,126700,0.0,0
2016-10-13,14.65,14.68,14.42,14.47,11.0,285300,0.0,0
2016-10-14,14.56,14.61,14.52,14.58,11.08,79600,0.0,0
2016-10-17,14.56,14.6,14.46,14.58,11.08,175700,0.0,0
2016-10-18,14.72,14.76,14.62,14.71,11.18,229900,0.0,0
2016-10-19,14.78,14.79,14.66,14.76,11.22,151900,0.0,0
2016-10-20,14.63,14.67,14.57,14.6,11.17,122300,0.103,0
2016-10-21,14.54,14.68,14.53,14.66,11.22,120400,0.0,0
2016-10-24,14.66,14.82,14.64,14.66,11.22,175100,0.0,0
2016-10-25,14.64,14.67,14.61,14.62,11.19,170600,0.0,0
2016-10-26,14.55,14.65,14.52,14.56,11.14,118100,0.0,0
2016-10-27,14.57,14.58,14.35,14.37,11.0,148400,0.0,0
2016-10-28,14.4,14.41,14.31,14.34,10.98,207900,0.0,0
2016-10-31,14.34,14.39,14.31,14.34,10.98,135000,0.0,0
2016-11-01,14.36,14.36,14.11,14.15,10.83,232900,0.0,0
2016-11-02,14.08,14.12,13.84,13.89,10.63,268400,0.0,0
2016-11-03,13.86,13.92,13.73,13.76,10.53,201000,0.0,0
2016-11-04,13.75,13.84,13.65,13.66,10.45,178000,0.0,0
2016-11-07,13.88,13.98,13.85,13.95,10.68,268700,0.0,0
2016-11-08,13.93,14.12,13.86,14.04,10.75,254900,0.0,0
2016-11-09,13.92,14.19,13.83,14.18,10.85,341000,0.0,0
2016-11-10,14.15,14.23,14.05,14.15,10.83,292600,0.0,0
2016-11-11,14.02,14.1,13.97,14.05,10.75,185100,0.0,0
2016-11-14,13.99,14.02,13.86,13.89,10.63,203500,0.0,0
2016-11-15,13.88,13.99,13.88,13.94,10.67,147300,0.0,0
2016-11-16,14.0,14.02,13.9,13.98,10.7,154500,0.0,0
2016-11-17,13.97,14.08,13.95,14.04,10.75,177000,0.0,0
2016-11-18,14.05,14.11,14.0,14.04,10.75,172900,0.0,0
2016-11-21,14.04,14.06,13.9,13.97,10.77,253300,0.103,0
2016-11-22,14.02,14.06,13.98,14.01,10.8,206100,0.0,0
2016-11-23,13.94,14.01,13.9,13.97,10.77,243900,0.0,0
2016-11-25,13.96,14.08,13.96,14.08,10.86,133900,0.0,0
2016-11-28,14.04,14.04,13.96,13.96,10.76,200300,0.0,0
2016-11-29,13.93,14.02,13.93,13.99,10.79,170200,0.0,0
2016-11-30,14.01,14.05,13.91,13.91,10.72,208700,0.0,0
2016-12-01,13.9,13.93,13.78,13.8,10.64,297700,0.0,0
2016-12-02,13.84,13.87,13.78,13.82,10.66,208700,0.0,0
2016-12-05,13.87,13.94,13.86,13.92,10.73,268700,0.0,0
2016-12-06,13.9,14.04,13.9,13.96,10.76,274800,0.0,0
2016-12-07,13.95,14.16,13.95,14.15,10.91,244400,0.0,0
2016-12-08,14.11,14.19,14.08,14.1,10.87,374800,0.0,0
2016-12-09,14.15,14.18,14.08,14.14,10.9,309800,0.0,0
2016-12-12,14.12,14.14,14.07,14.08,10.86,294500,0.0,0
2016-12-13,14.09,14.21,14.09,14.14,10.9,435200,0.0,0
2016-12-14,14.11,14.17,14.07,14.07,10.85,308100,0.0,0
2016-12-15,14.08,14.14,14.0,14.03,10.82,405100,0.0,0
2016-12-16,14.0,14.13,14.0,14.08,10.86,272500,0.0,0
2016-12-19,14.1,14.2,14.1,14.13,10.89,286700,0.0,0
2016-12-20,14.14,14.2,14.13,14.14,10.9,455400,0.0,0
2016-12-21,14.02,14.14,14.02,14.14,10.98,476600,0.103,0
2016-12-22,14.14,14.15,14.09,14.14,10.98,412700,0.0,0
2016-12-23,14.13,14.18,14.11,14.15,10.99,278700,0.0,0
2016-12-27,14.13,14.2,14.11,14.11,10.96,402400,0.0,0
2016-12-28,14.13,14.18,14.09,14.11,10.96,443000,0.0,0
2016-12-29,14.15,14.17,14.07,14.1,10.95,355100,0.0,0
2016-12-30,14.09,14.15,14.07,14.07,10.93,322600,0.0,0
2017-01-03,14.09,14.42,14.09,14.42,11.2,873600,0.0,0
2017-01-04,14.43,14.66,14.38,14.65,11.38,851700,0.0,0
2017-01-05,14.57,14.62,14.49,14.6,11.34,1039600,0.0,0
2017-01-06,14.61,14.69,14.49,14.6,11.34,387600,0.0,0
2017-01-09,14.59,14.59,14.52,14.59,11.33,277300,0.0,0
2017-01-10,14.61,14.65,14.55,14.61,11.35,268300,0.0,0
2017-01-11,14.61,14.83,14.6,14.73,11.44,366100,0.0,0
2017-01-12,14.74,14.75,14.63,14.65,11.38,276500,0.0,0
2017-01-13,14.7,14.75,14.65,14.72,11.43,165000,0.0,0
2017-01-17,14.65,14.72,14.64,14.66,11.39,157600,0.0,0
2017-01-18,14.71,14.84,14.64,14.76,11.46,243700,0.0,0
2017-01-19,14.8,14.81,14.61,14.67,11.39,202700,0.0,0
2017-01-20,14.65,14.66,14.58,14.64,11.45,130100,0.103,0
2017-01-23,14.65,14.7,14.61,14.7,11.5,157800,0.0,0
2017-01-24,14.75,14.86,14.67,14.84,11.61,236800,0.0,0
2017-01-25,14.96,14.99,14.9,14.98,11.72,224000,0.0,0
2017-01-26,14.99,15.01,14.95,14.97,11.71,159900,0.0,0
2017-01-27,14.95,14.97,14.93,14.96,11.7,157600,0.0,0
2017-01-30,14.9,14.91,14.78,14.91,11.66,131100,0.0,0
2017-01-31,14.91,14.97,14.86,14.96,11.7,217100,0.0,0
2017-02-01,14.99,15.09,14.96,15.05,11.77,230900,0.0,0
2017-02-02,15.04,15.06,14.99,14.99,11.72,160800,0.0,0
2017-02-03,15.09,15.12,15.05,15.09,11.8,166200,0.0,0
2017-02-06,15.06,15.08,15.01,15.04,11.76,145600,0.0,0
2017-02-07,15.06,15.16,15.02,15.15,11.85,296600,0.0,0
2017-02-08,15.16,15.18,15.1,15.18,11.87,174700,0.0,0
2017-02-09,15.2,15.24,15.15,15.16,11.86,141700,0.0,0
2017-02-10,15.25,15.3,15.19,15.28,11.95,230700,0.0,0
2017-02-13,15.36,15.42,15.31,15.38,12.03,253200,0.0,0
2017-02-14,15.38,15.47,15.35,15.47,12.1,170500,0.0,0
2017-02-15,15.45,15.58,15.43,15.55,12.16,304900,0.0,0
2017-02-16,15.48,15.48,15.29,15.3,12.05,199500,0.103,0
2017-02-17,15.3,15.3,15.18,15.18,11.95,222200,0.0,0
2017-02-21,15.18,15.4,15.18,15.33,12.07,218500,0.0,0
2017-02-22,15.34,15.44,15.28,15.42,12.14,193500,0.0,0
2017-02-23,15.49,15.52,15.38,15.47,12.18,189500,0.0,0
2017-02-24,15.37,15.43,15.35,15.37,12.1,119800,0.0,0
2017-02-27,15.41,15.46,15.35,15.45,12.17,167700,0.0,0
2017-02-28,15.5,15.52,15.41,15.47,12.18,176200,0.0,0
2017-03-01,15.6,15.67,15.57,15.61,12.29,205700,0.0,0
2017-03-02,15.65,15.65,15.51,15.53,12.23,209100,0.0,0
2017-03-03,15.57,15.57,15.45,15.5,12.2,104600,0.0,0
2017-03-06,15.48,15.6,15.41,15.58,12.27,197500,0.0,0
2017-03-07,15.54,15.58,15.5,15.54,12.24,154700,0.0,0
2017-03-08,15.54,15.56,15.35,15.36,12.09,178200,0.0,0
2017-03-09,15.36,15.43,15.23,15.25,12.01,171600,0.0,0
2017-03-10,15.35,15.38,15.25,15.34,12.08,142500,0.0,0
2017-03-13,15.35,15.38,15.31,15.36,12.09,84600,0.0,0
2017-03-14,15.34,15.45,15.25,15.43,12.15,138400,0.0,0
2017-03-15,15.44,15.47,15.37,15.44,12.16,135500,0.0,0
2017-03-16,15.49,15.58,15.47,15.53,12.23,155900,0.0,0
2017-03-17,15.6,15.66,15.6,15.63,12.31,170200,0.0,0
2017-03-20,15.63,15.68,15.59,15.68,12.35,127100,0.0,0
2017-03-21,15.72,15.74,15.47,15.5,12.2,152900,0.0,0
2017-03-22,15.4,15.41,15.3,15.39,12.2,127400,0.103,0
2017-03-23,15.35,15.54,15.35,15.52,12.3,184100,0.0,0
2017-03-24,15.5,15.55,15.43,15.48,12.27,126900,0.0,0
2017-03-27,15.41,15.51,15.37,15.5,12.29,110500,0.0,0
2017-03-28,15.48,15.63,15.48,15.59,12.36,172600,0.0,0
2017-03-29,15.6,15.69,15.59,15.69,12.44,187900,0.0,0
2017-03-30,15.64,15.7,15.6,15.68,12.43,153600,0.0,0
2017-03-31,15.68,15.73,15.63,15.67,12.42,217100,0.0,0
2017-04-03,15.68,15.72,15.5,15.6,12.37,135800,0.0,0
2017-04-04,15.53,15.58,15.39,15.46,12.25,224100,0.0,0
2017-04-05,15.51,15.57,15.42,15.43,12.23,289200,0.0,0
2017-04-06,15.48,15.62,15.43,15.6,12.37,179400,0.0,0
2017-04-07,15.57,15.67,15.51,15.63,12.39,133900,0.0,0
2017-04-10,15.63,15.77,15.63,15.71,12.45,186000,0.0,0
2017-04-11,15.74,15.76,15.66,15.74,12.48,150000,0.0,0
2017-04-12,15.73,15.78,15.69,15.78,12.51,109000,0.0,0
2017-04-13,15.76,15.81,15.74,15.76,12.49,114500,0.0,0
2017-04-17,15.81,15.85,15.71,15.77,12.5,126200,0.0,0
2017-04-18,15.76,15.9,15.74,15.84,12.56,259300,0.0,0
2017-04-19,15.8,15.94,15.8,15.85,12.65,211900,0.103,0
2017-04-20,15.91,15.96,15.87,15.95,12.73,144600,0.0,0
2017-04-21,15.96,16.0,15.88,15.98,12.75,197600,0.0,0
2017-04-24,16.22,16.26,16.1,16.13,12.87,245600,0.0,0
2017-04-25,16.2,16.47,16.17,16.37,13.06,259500,0.0,0
2017-04-26,16.43,16.47,16.4,16.42,13.1,101300,0.0,0
2017-04-27,16.48,16.6,16.42,16.59,13.24,265400,0.0,0
2017-04-28,16.64,16.75,16.56,16.75,13.36,229300,0.0,0
2017-05-01,16.79,16.79,16.63,16.65,13.28,186700,0.0,0
2017-05-02,16.73,16.76,16.69,16.7,13.32,143800,0.0,0
2017-05-03,16.7,16.78,16.7,16.77,13.38,133200,0.0,0
2017-05-04,16.82,16.84,16.72,16.81,13.41,185600,0.0,0
2017-05-05,16.87,17.0,16.85,17.0,13.56,196900,0.0,0
2017-05-08,17.0,17.0,16.89,16.91,13.49,221900,0.0,0
2017-05-09,16.9,16.96,16.8,16.83,13.43,202400,0.0,0
2017-05-10,16.83,16.91,16.76,16.79,13.4,204300,0.0,0
2017-05-11,16.83,16.83,16.58,16.66,13.29,342000,0.0,0
2017-05-12,16.65,16.65,16.44,16.52,13.18,305100,0.0,0
2017-05-15,16.7,16.76,16.63,16.66,13.29,286900,0.0,0
2017-05-16,16.75,16.76,16.64,16.7,13.32,260100,0.0,0
2017-05-17,16.54,16.67,16.42,16.46,13.13,280600,0.0,0
2017-05-18,16.51,16.61,16.41,16.59,13.24,203600,0.0,0
2017-05-19,16.57,16.76,16.57,16.66,13.29,174200,0.0,0
2017-05-22,16.68,16.87,16.62,16.86,13.54,177600,0.103,0
2017-05-23,16.92,16.93,16.84,16.9,13.57,214800,0.0,0
2017-05-24,16.9,16.9,16.82,16.9,13.57,104800,0.0,0
2017-05-25,16.95,16.95,16.86,16.9,13.57,282700,0.0,0
2017-05-26,16.9,16.9,16.82,16.88,13.55,173100,0.0,0
2017-05-30,16.88,16.96,16.81,16.9,13.57,215400,0.0,0
2017-05-31,16.92,16.97,16.81,16.86,13.54,190000,0.0,0
2017-06-01,16.91,17.0,16.88,17.0,13.65,253600,0.0,0
2017-06-02,16.99,17.0,16.91,16.93,13.59,228100,0.0,0
2017-06-05,16.92,16.99,16.91,16.95,13.61,184800,0.0,0
2017-06-06,16.92,16.96,16.9,16.95,13.61,164000,0.0,0
2017-06-07,16.98,17.0,16.92,16.97,13.62,154200,0.0,0
2017-06-08,17.0,17.0,16.95,16.99,13.64,149200,0.0,0
2017-06-09,17.0,17.06,16.89,16.93,13.59,170000,0.0,0
2017-06-12,16.93,16.93,16.72,16.83,13.51,186700,0.0,0
2017-06-13,16.85,16.94,16.81,16.91,13.58,96100,0.0,0
2017-06-14,16.93,16.95,16.81,16.89,13.56,114700,0.0,0
2017-06-15,16.81,16.93,16.72,16.8,13.49,128000,0.0,0
2017-06-16,16.82,16.89,16.75,16.87,13.54,125800,0.0,0
2017-06-19,16.94,17.09,16.89,17.04,13.68,142500,0.0,0
2017-06-20,17.04,17.06,16.92,17.04,13.68,192900,0.0,0
2017-06-21,16.95,16.96,16.85,16.92,13.67,103800,0.103,0
2017-06-22,16.91,16.94,16.83,16.86,13.62,119900,0.0,0
2017-06-23,16.89,16.97,16.85,16.95,13.69,113600,0.0,0
2017-06-26,17.01,17.05,16.93,16.97,13.71,105700,0.0,0
2017-06-27,16.98,16.99,16.88,16.94,13.68,162200,0.0,0
2017-06-28,16.94,17.02,16.93,16.98,13.71,144200,0.0,0
2017-06-29,16.98,16.98,16.79,16.85,13.61,104300,0.0,0
2017-06-30,16.94,17.11,16.88,17.07,13.79,160200,0.0,0
2017-07-03,17.09,17.23,17.07,17.23,13.92,41900,0.0,0
2017-07-05,17.15,17.19,17.06,17.08,13.8,169900,0.0,0
2017-07-06,17.03,17.1,16.94,17.03,13.75,120300,0.0,0
2017-07-07,17.05,17.17,17.01,17.12,13.83,148200,0.0,0
2017-07-10,17.03,17.15,17.02,17.02,13.75,140700,0.0,0
2017-07-11,17.07,17.18,17.02,17.15,13.85,101000,0.0,0
2017-07-12,17.24,17.38,17.18,17.19,13.88,136500,0.0,0
2017-07-13,17.25,17.31,17.18,17.18,13.88,129400,0.0,0
2017-07-14,17.22,17.36,17.16,17.28,13.96,126300,0.0,0
2017-07-17,17.38,17.52,17.38,17.42,14.07,147400,0.0,0
2017-07-18,17.36,17.47,17.27,17.47,14.11,138400,0.0,0
2017-07-19,17.45,17.6,17.4,17.59,14.21,135700,0.0,0
2017-07-20,17.48,17.58,17.4,17.5,14.22,136000,0.103,0
2017-07-21,17.47,17.55,17.41,17.55,14.26,92200,0.0,0
2017-07-24,17.57,17.6,17.46,17.5,14.22,146700,0.0,0
2017-07-25,17.58,17.59,17.5,17.56,14.27,104200,0.0,0
2017-07-26,17.59,17.59,17.52,17.54,14.25,138300,0.0,0
2017-07-27,17.6,17.61,17.3,17.33,14.08,185500,0.0,0
2017-07-28,17.32,17.4,17.3,17.36,14.1,116200,0.0,0
2017-07-31,17.42,17.53,17.34,17.39,14.13,246600,0.0,0
2017-08-01,17.41,17.43,17.31,17.36,14.1,146800,0.0,0
2017-08-02,17.34,17.39,17.31,17.33,14.08,150700,0.0,0
2017-08-03,17.32,17.5,17.27,17.43,14.16,160700,0.0,0
2017-08-04,17.41,17.42,17.3,17.38,14.12,139700,0.0,0
2017-08-07,17.34,17.55,17.34,17.54,14.25,118200,0.0,0
2017-08-08,17.49,17.53,17.41,17.48,14.2,119600,0.0,0
2017-08-09,17.38,17.38,17.13,17.17,13.95,315800,0.0,0
2017-08-10,16.97,16.99,16.44,16.49,13.4,463200,0.0,0
2017-08-11,16.38,16.8,16.19,16.8,13.65,286200,0.0,0
2017-08-14,16.95,16.98,16.84,16.84,13.68,126300,0.0,0
2017-08-15,16.91,16.94,16.8,16.8,13.65,109600,0.0,0
2017-08-16,16.87,16.89,16.8,16.8,13.65,140100,0.0,0
2017-08-17,16.76,16.79,16.52,16.53,13.43,198800,0.0,0
2017-08-18,16.53,16.68,16.45,16.63,13.51,122100,0.0,0
2017-08-21,16.68,16.69,16.56,16.59,13.48,109000,0.0,0
2017-08-22,16.57,16.67,16.5,16.61,13.58,78800,0.103,0
2017-08-23,16.55,16.73,16.55,16.68,13.64,143200,0.0,0
2017-08-24,16.68,16.74,16.64,16.64,13.6,113800,0.0,0
2017-08-25,16.72,16.74,16.62,16.63,13.6,118500,0.0,0
2017-08-28,16.64,16.73,16.57,16.71,13.66,139800,0.0,0
2017-08-29,16.58,16.68,16.55,16.63,13.6,119000,0.0,0
2017-08-30,16.64,16.72,16.59,16.65,13.61,135800,0.0,0
2017-08-31,16.68,16.82,16.64,16.64,13.6,205200,0.0,0
2017-09-01,16.68,16.89,16.64,16.85,13.78,135000,0.0,0
2017-09-05,16.8,16.81,16.55,16.66,13.62,186600,0.0,0
2017-09-06,16.67,16.76,16.65,16.76,13.7,94600,0.0,0
2017-09-07,16.8,16.83,16.74,16.76,13.7,99100,0.0,0
2017-09-08,16.76,16.91,16.74,16.79,13.73,132600,0.0,0
2017-09-11,16.88,16.99,16.81,16.98,13.88,123000,0.0,0
2017-09-12,17.0,17.01,16.91,16.92,13.83,87500,0.0,0
2017-09-13,16.92,16.96,16.81,16.89,13.81,166600,0.0,0
2017-09-14,16.88,16.92,16.8,16.92,13.83,119300,0.0,0
2017-09-15,16.89,16.94,16.81,16.87,13.79,152600,0.0,0
2017-09-18,16.92,16.94,16.83,16.92,13.83,91000,0.0,0
2017-09-19,16.96,17.02,16.88,16.95,13.86,117700,0.0,0
2017-09-20,16.94,17.0,16.93,16.96,13.87,72300,0.0,0
2017-09-21,16.9,16.95,16.84,16.88,13.88,52900,0.103,0
2017-09-22,16.9,16.95,16.83,16.95,13.94,72700,0.0,0
2017-09-25,16.89,16.97,16.84,16.97,13.96,127300,0.0,0
2017-09-26,16.98,17.0,16.9,16.96,13.95,91100,0.0,0
2017-09-27,17.0,17.03,16.93,16.97,13.96,103200,0.0,0
2017-09-28,16.97,17.0,16.9,16.97,13.96,96400,0.0,0
2017-09-29,17.03,17.2,16.94,17.2,14.15,148700,0.0,0
2017-10-02,17.26,17.26,17.13,17.18,14.13,81700,0.0,0
2017-10-03,17.2,17.35,17.14,17.31,14.24,203600,0.0,0
2017-10-04,17.23,17.25,17.1,17.15,14.11,164200,0.0,0
2017-10-05,17.13,17.25,17.13,17.22,14.16,126600,0.0,0
2017-10-06,17.19,17.22,17.13,17.18,14.13,89400,0.0,0
2017-10-09,17.2,17.35,17.14,17.24,14.18,119700,0.0,0
2017-10-10,17.26,17.37,17.24,17.32,14.25,148000,0.0,0
2017-10-11,17.3,17.36,17.25,17.31,14.24,98000,0.0,0
2017-10-12,17.3,17.39,17.29,17.36,14.28,135600,0.0,0
2017-10-13,17.39,17.4,17.35,17.38,14.3,82000,0.0,0
2017-10-16,17.4,17.4,17.35,17.4,14.31,126700,0.0,0
2017-10-17,17.4,17.4,17.32,17.4,14.31,84300,0.0,0
2017-10-18,17.4,17.41,17.34,17.34,14.26,119900,0.0,0
2017-10-19,17.27,17.37,17.26,17.31,14.24,117800,0.0,0
2017-10-20,17.39,17.46,17.24,17.28,14.21,263000,0.0,0
2017-10-23,17.22,17.27,17.13,17.18,14.22,153200,0.103,0
2017-10-24,17.21,17.26,17.1,17.17,14.21,226900,0.0,0
2017-10-25,17.14,17.21,16.94,17.03,14.09,147700,0.0,0
2017-10-26,17.03,17.08,16.95,16.99,14.06,121500,0.0,0
2017-10-27,17.04,17.21,17.04,17.18,14.22,108900,0.0,0
2017-10-30,17.18,17.2,16.98,17.13,14.17,128000,0.0,0
2017-10-31,17.21,17.32,17.19,17.19,14.22,169800,0.0,0
2017-11-01,17.26,17.35,17.26,17.34,14.35,111600,0.0,0
2017-11-02,17.37,17.38,17.24,17.38,14.38,92600,0.0,0
2017-11-03,17.31,17.35,17.21,17.24,14.27,103000,0.0,0
2017-11-06,17.19,17.39,17.19,17.32,14.33,116900,0.0,0
2017-11-07,17.34,17.4,17.27,17.3,14.31,89800,0.0,0
2017-11-08,17.3,17.31,17.2,17.28,14.3,102800,0.0,0
2017-11-09,17.17,17.26,17.02,17.21,14.24,193400,0.0,0
2017-11-10,17.17,17.26,17.16,17.26,14.28,117500,0.0,0
2017-11-13,17.16,17.22,16.92,16.93,14.01,158200,0.0,0
2017-11-14,16.89,16.94,16.72,16.75,13.86,183800,0.0,0
2017-11-15,16.6,16.8,16.51,16.77,13.88,177500,0.0,0
2017-11-16,16.86,17.04,16.82,17.01,14.07,179500,0.0,0
2017-11-17,17.02,17.04,16.88,16.96,14.03,176200,0.0,0
2017-11-20,16.98,17.09,16.93,17.04,14.1,148000,0.0,0
2017-11-21,17.01,17.12,16.98,17.09,14.23,132700,0.103,0
2017-11-22,17.11,17.17,17.01,17.02,14.17,119100,0.0,0
2017-11-24,17.06,17.18,17.06,17.14,14.27,43900,0.0,0
2017-11-27,17.11,17.18,17.05,17.05,14.19,97300,0.0,0
2017-11-28,17.04,17.2,17.04,17.12,14.25,135600,0.0,0
2017-11-29,17.18,17.22,17.11,17.21,14.33,134300,0.0,0
2017-11-30,17.22,17.29,17.15,17.16,14.29,212900,0.0,0
2017-12-01,17.2,17.3,17.05,17.29,14.39,175600,0.0,0
2017-12-04,17.36,17.41,17.29,17.29,14.39,162200,0.0,0
2017-12-05,17.29,17.35,17.23,17.27,14.38,108500,0.0,0
2017-12-06,17.24,17.34,17.22,17.31,14.41,113200,0.0,0
2017-12-07,17.26,17.33,17.2,17.2,14.32,132900,0.0,0
2017-12-08,17.23,17.31,17.2,17.2,14.32,177300,0.0,0
2017-12-11,17.2,17.34,17.2,17.29,14.39,96700,0.0,0
2017-12-12,17.27,17.44,17.25,17.39,14.48,81600,0.0,0
2017-12-13,17.36,17.49,17.36,17.46,14.54,83600,0.0,0
2017-12-14,17.43,17.49,17.4,17.4,14.49,116500,0.0,0
2017-12-15,17.43,17.5,17.39,17.48,14.55,132300,0.0,0
2017-12-18,17.5,17.65,17.46,17.62,14.67,139500,0.0,0
2017-12-19,17.66,17.7,17.56,17.57,14.63,112800,0.0,0
2017-12-20,17.54,17.6,17.52,17.54,14.6,113100,0.0,0
2017-12-21,17.4,17.45,17.32,17.32,14.5,200700,0.103,0
2017-12-22,17.34,17.49,17.34,17.43,14.6,121800,0.0,0
2017-12-26,17.33,17.41,17.15,17.26,14.45,511900,0.0,0
2017-12-27,17.3,17.35,17.23,17.33,14.51,199700,0.0,0
2017-12-28,17.38,17.41,17.3,17.33,14.51,221600,0.0,0
2017-12-29,17.43,17.48,17.33,17.33,14.51,198800,0.0,0
2018-01-02,17.4,17.47,17.18,17.18,14.39,1213900,0.0,0
2018-01-03,17.22,17.37,17.18,17.32,14.5,1442400,0.0,0
2018-01-04,17.4,17.71,17.37,17.49,14.65,1196900,0.0,0
2018-01-05,17.65,17.69,17.54,17.65,14.78,233700,0.0,0
2018-01-08,17.75,17.82,17.66,17.8,14.91,268500,0.0,0
2018-01-09,17.91,17.91,17.8,17.86,14.96,257700,0.0,0
2018-01-10,17.84,17.93,17.8,17.87,14.96,238600,0.0,0
2018-01-11,17.92,17.97,17.87,17.89,14.98,196700,0.0,0
2018-01-12,17.94,18.0,17.92,17.97,15.05,175500,0.0,0
2018-01-16,18.05,18.16,17.9,17.94,15.02,186600,0.0,0
2018-01-17,18.04,18.08,17.96,18.02,15.09,184800,0.0,0
2018-01-18,18.02,18.07,17.94,17.95,15.03,159000,0.0,0
2018-01-19,17.96,18.04,17.92,18.0,15.07,194300,0.0,0
2018-01-22,17.96,18.21,17.96,18.2,15.24,317900,0.0,0
2018-01-23,18.15,18.33,18.14,18.31,15.42,265600,0.103,0
2018-01-24,18.4,18.45,18.24,18.24,15.36,303400,0.0,0
2018-01-25,18.37,18.4,18.28,18.29,15.4,295200,0.0,0
2018-01-26,18.35,18.39,18.23,18.27,15.39,325400,0.0,0
2018-01-29,18.26,18.31,18.23,18.26,15.38,188100,0.0,0
2018-01-30,18.1,18.2,17.86,17.86,15.04,331100,0.0,0
2018-01-31,17.97,18.05,17.93,18.0,15.16,214500,0.0,0
2018-02-01,17.95,18.01,17.81,17.87,15.05,252000,0.0,0
2018-02-02,17.79,17.82,17.46,17.47,14.71,334200,0.0,0
2018-02-05,17.38,17.38,16.75,16.8,14.15,608400,0.0,0
2018-02-06,16.5,17.12,16.28,17.07,14.38,504400,0.0,0
2018-02-07,17.09,17.3,17.09,17.11,14.41,300000,0.0,0
2018-02-08,17.13,17.13,16.51,16.51,13.9,323400,0.0,0
2018-02-09,16.61,16.68,16.06,16.46,13.86,435100,0.0,0
2018-02-12,16.6,16.84,16.53,16.76,14.11,214300,0.0,0
2018-02-13,16.76,16.88,16.76,16.78,14.13,210900,0.0,0
2018-02-14,16.75,17.06,16.75,17.02,14.33,307200,0.0,0
2018-02-15,17.19,17.2,17.04,17.16,14.45,181300,0.0,0
2018-02-16,17.2,17.37,17.17,17.32,14.59,157200,0.0,0
2018-02-20,17.21,17.21,17.02,17.07,14.46,210100,0.103,0
2018-02-21,17.1,17.16,17.0,17.0,14.4,147900,0.0,0
2018-02-22,17.09,17.11,16.94,16.96,14.37,96200,0.0,0
2018-02-23,17.04,17.12,17.01,17.09,14.48,119100,0.0,0
2018-02-26,17.18,17.28,17.18,17.25,14.61,120200,0.0,0
2018-02-27,17.27,17.36,17.1,17.1,14.49,113600,0.0,0
2018-02-28,17.18,17.19,16.94,16.94,14.35,138400,0.0,0
2018-03-01,16.9,17.0,16.63,16.73,14.17,183600,0.0,0
2018-03-02,16.64,16.76,16.5,16.74,14.18,149700,0.0,0
2018-03-05,16.67,16.89,16.63,16.83,14.26,109300,0.0,0
2018-03-06,16.92,17.03,16.89,16.91,14.33,167600,0.0,0
2018-03-07,16.82,17.01,16.78,16.99,14.39,181900,0.0,0
2018-03-08,17.05,17.05,16.9,16.97,14.38,203900,0.0,0
2018-03-09,17.07,17.38,17.07,17.37,14.72,289500,0.0,0
2018-03-12,17.44,17.53,17.32,17.36,14.71,167100,0.0,0
2018-03-13,17.38,17.47,17.22,17.22,14.59,133900,0.0,0
2018-03-14,17.32,17.38,17.16,17.16,14.54,87700,0.0,0
2018-03-15,17.26,17.29,17.2,17.25,14.61,89400,0.0,0
2018-03-16,17.23,17.27,17.12,17.15,14.53,107400,0.0,0
2018-03-19,17.09,17.18,16.97,17.1,14.49,156900,0.0,0
2018-03-20,17.17,17.17,17.08,17.14,14.52,74700,0.0,0
2018-03-21,17.05,17.05,16.92,16.92,14.42,104100,0.103,0
2018-03-22,16.8,16.91,16.72,16.73,14.26,253000,0.0,0
2018-03-23,16.8,16.81,16.45,16.45,14.02,173500,0.0,0
2018-03-26,16.67,16.71,16.47,16.62,14.17,217300,0.0,0
2018-03-27,16.66,16.87,16.46,16.49,14.05,314000,0.0,0
2018-03-28,16.61,16.63,16.43,16.53,14.09,153000,0.0,0
2018-03-29,16.62,16.76,16.53,16.71,14.24,101300,0.0,0
2018-04-02,16.63,16.71,16.39,16.47,14.04,193400,0.0,0
2018-04-03,16.52,16.62,16.33,16.45,14.02,238800,0.0,0
2018-04-04,16.33,16.69,16.32,16.69,14.23,154900,0.0,0
2018-04-05,16.77,16.92,16.73,16.9,14.4,138300,0.0,0
2018-04-06,16.86,16.96,16.61,16.69,14.23,154600,0.0,0
2018-04-09,16.78,16.92,16.74,16.75,14.28,132900,0.0,0
2018-04-10,16.91,16.95,16.85,16.89,14.4,168700,0.0,0
2018-04-11,16.85,16.97,16.85,16.88,14.39,145000,0.0,0
2018-04-12,16.91,17.04,16.91,16.94,14.44,112100,0.0,0
2018-04-13,16.98,16.99,16.86,16.88,14.39,80700,0.0,0
2018-04-16,16.92,17.05,16.88,16.94,14.44,178300,0.0,0
2018-04-17,17.08,17.21,17.08,17.12,14.59,141900,0.0,0
2018-04-18,17.2,17.23,17.08,17.08,14.56,172800,0.0,0
2018-04-19,17.11,17.19,17.06,17.16,14.63,165600,0.0,0
2018-04-20,17.06,17.06,16.85,16.88,14.47,120900,0.103,0
2018-04-23,16.88,16.94,16.78,16.83,14.43,148400,0.0,0
2018-04-24,16.83,16.91,16.63,16.7,14.32,212100,0.0,0
2018-04-25,16.66,16.73,16.58,16.66,14.29,113500,0.0,0
2018-04-26,16.76,16.84,16.7,16.75,14.36,115200,0.0,0
2018-04-27,16.85,16.91,16.79,16.89,14.48,83100,0.0,0
2018-04-30,16.91,16.96,16.84,16.84,14.44,122800,0.0,0
2018-05-01,16.83,16.83,16.73,16.8,14.41,106700,0.0,0
2018-05-02,16.87,16.93,16.78,16.8,14.41,135900,0.0,0
2018-05-03,16.8,16.9,16.57,16.72,14.34,130400,0.0,0
2018-05-04,16.63,16.88,16.61,16.84,14.44,154800,0.0,0
2018-05-07,16.88,16.99,16.86,16.87,14.47,113700,0.0,0
2018-05-08,16.84,16.93,16.75,16.78,14.39,137800,0.0,0
2018-05-09,16.82,16.98,16.82,16.97,14.55,144300,0.0,0
2018-05-10,17.04,17.09,16.99,17.04,14.61,170900,0.0,0
2018-05-11,17.1,17.16,17.07,17.13,14.69,95000,0.0,0
2018-05-14,17.17,17.23,17.14,17.21,14.76,97100,0.0,0
2018-05-15,17.13,17.14,17.07,17.08,14.65,195700,0.0,0
2018-05-16,17.07,17.18,17.05,17.13,14.69,97800,0.0,0
2018-05-17,17.14,17.17,17.07,17.12,14.68,137600,0.0,0
2018-05-18,17.14,17.19,17.13,17.19,14.74,113600,0.0,0
2018-05-21,17.25,17.33,17.22,17.22,14.77,94000,0.0,0
2018-05-22,17.26,17.31,17.2,17.23,14.77,135800,0.0,0
2018-05-23,17.05,17.11,17.0,17.1,14.75,103500,0.103,0
2018-05-24,17.08,17.09,16.97,17.07,14.73,100600,0.0,0
2018-05-25,17.03,17.06,16.96,16.99,14.66,135800,0.0,0
2018-05-29,16.95,16.97,16.75,16.81,14.5,167400,0.0,0
2018-05-30,16.96,16.97,16.81,16.96,14.63,167600,0.0,0
2018-05-31,17.0,17.0,16.9,16.92,14.6,172400,0.0,0
2018-06-01,17.02,17.04,16.94,16.96,14.63,166500,0.0,0
2018-06-04,17.07,17.11,16.96,17.09,14.74,280600,0.0,0
2018-06-05,17.11,17.19,17.1,17.16,14.8,141600,0.0,0
2018-06-06,17.2,17.24,17.12,17.19,14.83,124800,0.0,0
2018-06-07,17.21,17.29,17.2,17.25,14.88,90600,0.0,0
2018-06-08,17.24,17.26,17.17,17.22,14.85,77500,0.0,0
2018-06-11,17.26,17.3,17.26,17.27,14.9,73900,0.0,0
2018-06-12,17.3,17.36,17.27,17.32,14.94,115400,0.0,0
2018-06-13,17.38,17.39,17.28,17.38,14.99,180000,0.0,0
2018-06-14,17.41,17.46,17.34,17.46,15.06,172600,0.0,0
2018-06-15,17.44,17.48,17.38,17.47,15.07,156100,0.0,0
2018-06-18,17.43,17.44,17.35,17.42,15.03,119900,0.0,0
2018-06-19,17.37,17.38,17.26,17.3,14.92,134000,0.0,0
2018-06-20,17.41,17.44,17.31,17.38,14.99,160900,0.0,0
2018-06-21,17.28,17.28,17.1,17.12,14.86,139100,0.103,0
2018-06-22,17.28,17.34,17.2,17.2,14.93,117700,0.0,0
2018-06-25,17.11,17.15,16.92,16.96,14.72,142000,0.0,0
2018-06-26,16.98,17.05,16.96,16.99,14.74,111400,0.0,0
2018-06-27,17.06,17.1,16.87,16.87,14.64,103300,0.0,0
2018-06-28,16.87,16.92,16.81,16.91,14.67,108800,0.0,0
2018-06-29,17.03,17.12,16.99,17.0,14.75,147000,0.0,0
2018-07-02,16.94,17.02,16.91,17.02,14.77,127500,0.0,0
2018-07-03,17.15,17.17,17.02,17.04,14.79,61300,0.0,0
2018-07-05,17.12,17.14,17.05,17.08,14.82,98000,0.0,0
2018-07-06,16.99,17.18,16.97,17.16,14.89,125900,0.0,0
2018-07-09,17.23,17.41,17.21,17.28,15.0,125800,0.0,0
2018-07-10,17.33,17.48,17.28,17.42,15.12,159800,0.0,0
2018-07-11,17.36,17.44,17.31,17.34,15.05,132000,0.0,0
2018-07-12,17.45,17.47,17.29,17.35,15.06,171900,0.0,0
2018-07-13,17.38,17.45,17.36,17.42,15.12,91100,0.0,0
2018-07-16,17.46,17.49,17.42,17.48,15.17,89700,0.0,0
2018-07-17,17.45,17.61,17.33,17.59,15.26,144900,0.0,0
2018-07-18,17.6,17.67,17.57,17.67,15.33,157700,0.0,0
2018-07-19,17.69,17.69,17.61,17.62,15.29,142700,0.0,0
2018-07-20,17.64,17.72,17.59,17.64,15.31,111300,0.0,0
2018-07-23,17.55,17.63,17.51,17.63,15.39,127200,0.103,0
2018-07-24,17.65,17.73,17.6,17.72,15.47,144300,0.0,0
2018-07-25,17.73,17.86,17.69,17.86,15.59,99200,0.0,0
2018-07-26,17.86,17.95,17.83,17.92,15.64,135900,0.0,0
2018-07-27,17.96,17.98,17.83,17.84,15.57,101300,0.0,0
2018-07-30,17.85,17.86,17.69,17.73,15.48,80400,0.0,0
2018-07-31,17.79,17.84,17.63,17.65,15.41,143600,0.0,0
2018-08-01,17.69,17.78,17.68,17.77,15.51,70800,0.0,0
2018-08-02,17.71,17.77,17.66,17.76,15.5,72700,0.0,0
2018-08-03,17.8,17.84,17.77,17.79,15.53,79000,0.0,0
2018-08-06,17.82,17.86,17.8,17.85,15.58,90600,0.0,0
2018-08-07,17.89,17.95,17.85,17.89,15.62,104000,0.0,0
2018-08-08,17.86,17.97,17.85,17.94,15.66,88200,0.0,0
2018-08-09,17.98,18.0,17.95,17.99,15.7,94200,0.0,0
2018-08-10,17.94,17.94,17.82,17.89,15.62,84600,0.0,0
2018-08-13,17.85,17.88,17.55,17.55,15.32,152700,0.0,0
2018-08-14,17.63,17.7,17.6,17.69,15.44,125900,0.0,0
2018-08-15,17.64,17.64,17.48,17.49,15.27,103900,0.0,0
2018-08-16,17.6,17.62,17.53,17.54,15.31,97800,0.0,0
2018-08-17,17.56,17.68,17.55,17.67,15.42,70300,0.0,0
2018-08-20,17.68,17.74,17.64,17.73,15.48,57800,0.0,0
2018-08-21,17.79,17.85,17.76,17.8,15.54,59000,0.0,0
2018-08-22,17.75,17.82,17.71,17.79,15.53,92300,0.0,0
2018-08-23,17.65,17.69,17.6,17.65,15.5,81500,0.103,0
2018-08-24,17.7,17.78,17.65,17.68,15.52,71800,0.0,0
2018-08-27,17.8,17.83,17.79,17.81,15.64,103800,0.0,0
2018-08-28,17.87,17.9,17.82,17.86,15.68,132600,0.0,0
2018-08-29,17.9,17.95,17.81,17.87,15.69,144300,0.0,0
2018-08-30,17.83,17.9,17.81,17.84,15.66,86000,0.0,0
2018-08-31,17.87,17.89,17.83,17.85,15.67,109800,0.0,0
2018-09-04,17.78,17.8,17.7,17.79,15.62,81200,0.0,0
2018-09-05,17.81,17.81,17.7,17.72,15.56,85700,0.0,0
2018-09-06,17.75,17.79,17.67,17.69,15.53,65200,0.0,0
2018-09-07,17.62,17.72,17.58,17.63,15.48,134900,0.0,0
2018-09-10,17.68,17.73,17.59,17.63,15.48,106900,0.0,0
2018-09-11,17.68,17.86,17.65,17.86,15.68,79300,0.0,0
2018-09-12,17.89,17.9,17.81,17.89,15.71,77300,0.0,0
2018-09-13,17.95,17.98,17.84,17.84,15.66,63900,0.0,0
2018-09-14,17.9,17.92,17.82,17.92,15.73,59700,0.0,0
2018-09-17,17.9,17.9,17.79,17.85,15.67,87000,0.0,0
2018-09-18,17.87,17.91,17.76,17.85,15.67,101800,0.0,0
2018-09-19,17.79,17.91,17.78,17.81,15.64,110100,0.0,0
2018-09-20,17.83,17.92,17.83,17.91,15.82,138700,0.103,0
2018-09-21,17.95,18.04,17.93,17.95,15.85,131500,0.0,0
2018-09-24,17.94,18.0,17.9,17.95,15.85,101400,0.0,0
2018-09-25,17.98,18.02,17.87,17.9,15.81,182700,0.0,0
2018-09-26,17.89,17.99,17.86,17.9,15.81,158400,0.0,0
2018-09-27,17.89,17.98,17.85,17.95,15.85,115200,0.0,0
2018-09-28,17.9,17.93,17.87,17.89,15.8,88400,0.0,0
2018-10-01,17.96,17.99,17.91,17.95,15.85,94600,0.0,0
2018-10-02,17.9,17.97,17.85,17.86,15.77,70400,0.0,0
2018-10-03,17.94,17.94,17.82,17.84,15.75,89600,0.0,0
2018-10-04,17.77,17.83,17.45,17.51,15.46,159300,0.0,0
2018-10-05,17.48,17.49,16.97,17.14,15.14,197400,0.0,0
2018-10-08,17.05,17.11,16.94,17.02,15.03,160800,0.0,0
2018-10-09,16.93,17.06,16.92,16.97,14.99,186400,0.0,0
2018-10-10,16.97,16.99,16.41,16.54,14.61,313500,0.0,0
2018-10-11,16.5,16.54,16.13,16.32,14.41,330700,0.0,0
2018-10-12,16.55,16.61,16.28,16.42,14.5,125100,0.0,0
2018-10-15,16.47,16.52,16.36,16.48,14.55,125900,0.0,0
2018-10-16,16.6,16.69,16.56,16.67,14.72,159100,0.0,0
2018-10-17,16.68,16.73,16.55,16.64,14.69,107800,0.0,0
2018-10-18,16.64,16.7,16.43,16.5,14.57,99000,0.0,0
2018-10-19,16.5,16.55,16.42,16.46,14.54,99800,0.0,0
2018-10-22,16.47,16.5,16.35,16.39,14.47,87700,0.0,0
2018-10-23,16.18,16.2,15.95,16.11,14.32,138900,0.103,0
2018-10-24,16.08,16.15,15.63,15.63,13.89,214600,0.0,0
2018-10-25,15.66,15.75,15.55,15.63,13.89,240600,0.0,0
2018-10-26,15.47,15.57,15.31,15.41,13.69,148200,0.0,0
2018-10-29,15.57,15.69,15.16,15.23,13.53,183600,0.0,0
2018-10-30,15.27,15.36,15.12,15.25,13.55,229200,0.0,0
2018-10-31,15.41,15.64,15.41,15.54,13.81,181100,0.0,0
2018-11-01,15.65,15.8,15.56,15.77,14.01,137000,0.0,0
2018-11-02,15.9,16.01,15.8,15.86,14.09,155900,0.0,0
2018-11-05,15.9,16.01,15.84,15.98,14.2,143200,0.0,0
2018-11-06,15.97,16.05,15.95,16.04,14.25,110100,0.0,0
2018-11-07,16.16,16.47,16.12,16.38,14.56,305800,0.0,0
2018-11-08,16.38,16.5,16.38,16.49,14.65,69800,0.0,0
2018-11-09,16.43,16.43,16.31,16.34,14.52,74800,0.0,0
2018-11-12,16.32,16.32,16.04,16.12,14.32,77300,0.0,0
2018-11-13,16.12,16.12,15.84,15.85,14.09,114300,0.0,0
2018-11-14,15.95,15.98,15.66,15.68,13.93,114000,0.0,0
2018-11-15,15.57,15.81,15.53,15.72,13.97,134700,0.0,0
2018-11-16,15.64,15.82,15.64,15.68,13.93,96300,0.0,0
2018-11-19,15.69,15.7,15.51,15.57,13.84,125500,0.0,0
2018-11-20,15.33,15.37,15.13,15.26,13.56,283700,0.0,0
2018-11-21,15.24,15.25,15.06,15.12,13.53,193400,0.103,0
2018-11-23,15.08,15.15,15.04,15.1,13.51,62400,0.0,0
2018-11-26,15.16,15.26,15.12,15.21,13.61,131700,0.0,0
2018-11-27,15.16,15.24,15.13,15.16,13.56,143900,0.0,0
2018-11-28,15.19,15.54,15.19,15.47,13.84,171100,0.0,0
2018-11-29,15.42,15.49,15.38,15.44,13.81,229000,0.0,0
2018-11-30,15.39,15.61,15.36,15.6,13.96,129700,0.0,0
2018-12-03,15.8,15.84,15.69,15.76,14.1,146400,0.0,0
2018-12-04,15.7,15.77,15.37,15.43,13.8,170400,0.0,0
2018-12-06,15.29,15.29,14.84,15.1,13.51,362200,0.0,0
2018-12-07,15.03,15.09,14.84,14.87,13.3,264900,0.0,0
2018-12-10,14.82,14.82,14.36,14.59,13.05,314600,0.0,0
2018-12-11,14.67,14.75,14.36,14.41,12.89,331200,0.0,0
2018-12-12,14.51,14.67,14.46,14.46,12.94,281900,0.0,0
2018-12-13,14.51,14.6,14.45,14.48,12.96,192700,0.0,0
2018-12-14,14.3,14.41,14.14,14.14,12.65,227700,0.0,0
2018-12-17,14.1,14.14,13.67,13.68,12.24,535100,0.0,0
2018-12-18,13.73,13.95,13.71,13.77,12.32,466900,0.0,0
2018-12-19,13.63,13.92,13.56,13.64,12.2,487500,0.0,0
2018-12-20,13.6,13.64,13.15,13.24,11.85,888300,0.0,0
2018-12-21,13.15,13.28,12.6,12.62,11.38,823800,0.103,0
2018-12-24,12.49,12.6,12.39,12.39,11.17,587100,0.0,0
2018-12-26,12.39,12.95,12.39,12.91,11.64,683000,0.0,0
2018-12-27,12.85,13.24,12.8,13.1,11.81,947500,0.0,0
2018-12-28,13.13,13.8,13.13,13.58,12.25,893100,0.0,0
2018-12-31,13.6,13.83,13.53,13.54,12.21,647600,0.0,0
2019-01-02,13.3,13.88,13.3,13.81,12.45,155100,0.0,0
2019-01-03,13.77,13.81,13.51,13.52,12.19,267700,0.0,0
2019-01-04,13.58,13.9,13.58,13.77,12.42,244400,0.0,0
2019-01-07,13.79,14.1,13.79,14.03,12.65,280400,0.0,0
2019-01-08,14.1,14.3,14.08,14.22,12.82,190900,0.0,0
2019-01-09,14.31,14.51,14.26,14.38,12.97,271300,0.0,0
2019-01-10,14.3,14.48,14.28,14.43,13.01,242600,0.0,0
2019-01-11,14.34,14.5,14.34,14.44,13.02,239400,0.0,0
2019-01-14,14.31,14.39,14.3,14.37,12.96,177800,0.0,0
2019-01-15,14.4,14.52,14.38,14.51,13.08,174500,0.0,0
2019-01-16,14.51,14.65,14.51,14.58,13.15,200200,0.0,0
2019-01-17,14.56,14.7,14.53,14.7,13.25,175100,0.0,0
2019-01-18,14.77,14.89,14.7,14.78,13.33,311000,0.0,0
2019-01-22,14.65,14.76,14.53,14.65,13.21,303300,0.0,0
2019-01-23,14.59,14.66,14.45,14.54,13.2,226300,0.103,0
2019-01-24,14.53,14.59,14.47,14.55,13.21,110100,0.0,0
2019-01-25,14.62,14.7,14.62,14.68,13.33,184500,0.0,0
2019-01-28,14.57,14.62,14.53,14.57,13.23,158400,0.0,0
2019-01-29,14.63,14.71,14.58,14.65,13.3,132600,0.0,0
2019-01-30,14.72,14.93,14.66,14.93,13.56,163300,0.0,0
2019-01-31,14.95,15.12,14.91,15.07,13.68,244700,0.0,0
2019-02-01,15.04,15.16,15.01,15.05,13.67,172100,0.0,0
2019-02-04,15.01,15.12,14.99,15.09,13.7,187200,0.0,0
2019-02-05,15.13,15.24,15.13,15.23,13.83,186900,0.0,0
2019-02-06,15.23,15.28,15.19,15.27,13.87,180500,0.0,0
2019-02-07,15.21,15.21,15.03,15.05,13.67,199500,0.0,0
2019-02-08,14.98,15.0,14.93,14.99,13.61,150300,0.0,0
2019-02-11,15.0,15.09,14.89,14.98,13.6,182700,0.0,0
2019-02-12,15.06,15.26,15.02,15.23,13.83,213400,0.0,0
2019-02-13,15.28,15.34,15.21,15.24,13.84,163200,0.0,0
2019-02-14,15.17,15.3,15.14,15.26,13.86,155800,0.0,0
2019-02-15,15.34,15.43,15.32,15.42,14.0,86200,0.0,0
2019-02-19,15.4,15.58,15.4,15.56,14.13,138600,0.0,0
2019-02-20,15.48,15.52,15.4,15.4,14.08,116400,0.103,0
2019-02-21,15.4,15.45,15.29,15.34,14.02,131300,0.0,0
2019-02-22,15.39,15.41,15.34,15.37,14.05,141400,0.0,0
2019-02-25,15.43,15.52,15.39,15.39,14.07,124600,0.0,0
2019-02-26,15.42,15.56,15.39,15.56,14.22,151800,0.0,0
2019-02-27,15.56,15.56,15.41,15.49,14.16,145100,0.0,0
2019-02-28,15.51,15.54,15.45,15.52,14.19,147200,0.0,0
2019-03-01,15.57,15.67,15.53,15.62,14.28,131500,0.0,0
2019-03-04,15.68,15.72,15.53,15.63,14.29,133400,0.0,0
2019-03-05,15.63,15.67,15.52,15.6,14.26,164800,0.0,0
2019-03-06,15.59,15.59,15.45,15.46,14.13,142400,0.0,0
2019-03-07,15.43,15.44,15.21,15.29,13.98,180400,0.0,0
2019-03-08,15.23,15.23,14.94,15.07,13.78,262600,0.0,0
2019-03-11,15.09,15.36,15.09,15.33,14.01,169300,0.0,0
2019-03-12,15.35,15.46,15.35,15.35,14.03,144200,0.0,0
2019-03-13,15.43,15.53,15.36,15.52,14.19,138100,0.0,0
2019-03-14,15.55,15.58,15.51,15.58,14.24,124200,0.0,0
2019-03-15,15.58,15.69,15.55,15.64,14.3,155600,0.0,0
2019-03-18,15.67,15.82,15.62,15.76,14.41,163000,0.0,0
2019-03-19,15.88,15.92,15.8,15.87,14.51,207900,0.0,0
2019-03-20,15.79,15.79,15.63,15.73,14.47,149500,0.1025,0
2019-03-21,15.71,15.89,15.68,15.88,14.61,103600,0.0,0
2019-03-22,15.86,15.86,15.54,15.62,14.37,223500,0.0,0
2019-03-25,15.58,15.58,15.34,15.38,14.15,211100,0.0,0
2019-03-26,15.53,15.61,15.42,15.48,14.24,83100,0.0,0
2019-03-27,15.52,15.53,15.34,15.44,14.21,146800,0.0,0
2019-03-28,15.48,15.5,15.39,15.5,14.26,123300,0.0,0
2019-03-29,15.62,15.62,15.5,15.54,14.3,148600,0.0,0
2019-04-01,15.62,15.72,15.62,15.71,14.45,182500,0.0,0
2019-04-02,15.71,15.83,15.67,15.83,14.56,134900,0.0,0
2019-04-03,15.87,15.93,15.8,15.81,14.55,129400,0.0,0
2019-04-04,15.83,15.88,15.78,15.85,14.58,134800,0.0,0
2019-04-05,15.85,15.91,15.84,15.89,14.62,153600,0.0,0
2019-04-08,15.87,15.98,15.86,15.98,14.7,161700,0.0,0
2019-04-09,15.94,15.97,15.88,15.94,14.67,118200,0.0,0
2019-04-10,15.96,15.99,15.94,15.98,14.7,69500,0.0,0
2019-04-11,15.96,16.05,15.93,15.94,14.67,146300,0.0,0
2019-04-12,16.04,16.14,15.99,16.07,14.79,174800,0.0,0
2019-04-15,16.09,16.15,16.05,16.15,14.86,129000,0.0,0
2019-04-16,16.19,16.24,16.13,16.2,14.91,157100,0.0,0
2019-04-17,16.25,16.27,16.11,16.16,14.87,110300,0.0,0
2019-04-18,16.19,16.22,16.1,16.21,14.91,120700,0.0,0
2019-04-22,16.11,16.11,15.92,15.97,14.79,198000,0.1025,0
2019-04-23,15.99,16.08,15.97,16.06,14.87,187900,0.0,0
2019-04-24,16.03,16.07,15.96,16.01,14.82,194400,0.0,0
2019-04-25,15.98,15.98,15.85,15.95,14.77,141000,0.0,0
2019-04-26,16.02,16.04,15.95,16.03,14.84,122300,0.0,0
2019-04-29,16.06,16.12,16.02,16.04,14.85,155600,0.0,0
2019-04-30,16.1,16.14,16.05,16.12,14.93,158200,0.0,0
2019-05-01,16.18,16.24,16.12,16.14,14.94,136700,0.0,0
2019-05-02,16.14,16.14,15.95,16.05,14.86,134400,0.0,0
2019-05-03,16.18,16.2,16.1,16.2,15.0,66400,0.0,0
2019-05-06,16.01,16.16,15.95,16.16,14.96,190000,0.0,0
2019-05-07,16.02,16.05,15.83,15.84,14.67,198100,0.0,0
2019-05-08,15.84,15.9,15.78,15.79,14.62,136400,0.0,0
2019-05-09,15.69,15.7,15.51,15.66,14.5,165600,0.0,0
2019-05-10,15.6,15.79,15.52,15.73,14.56,157800,0.0,0
2019-05-13,15.61,15.61,15.32,15.4,14.26,188800,0.0,0
2019-05-14,15.44,15.52,15.41,15.47,14.32,204500,0.0,0
2019-05-15,15.44,15.63,15.35,15.63,14.47,102600,0.0,0
2019-05-16,15.72,15.82,15.67,15.74,14.57,155900,0.0,0
2019-05-17,15.72,15.72,15.58,15.65,14.49,134300,0.0,0
2019-05-20,15.6,15.62,15.5,15.52,14.37,102800,0.0,0
2019-05-21,15.67,15.67,15.58,15.65,14.49,122100,0.0,0
2019-05-22,15.67,15.69,15.57,15.61,14.45,96200,0.0,0
2019-05-23,15.43,15.45,15.17,15.25,14.21,226800,0.1025,0
2019-05-24,15.35,15.35,15.11,15.2,14.17,167800,0.0,0
2019-05-28,15.23,15.32,15.1,15.13,14.1,104800,0.0,0
2019-05-29,15.12,15.12,14.9,14.94,13.92,210100,0.0,0
2019-05-30,14.99,15.08,14.94,15.0,13.98,102300,0.0,0
2019-05-31,14.89,14.96,14.82,14.84,13.83,196400,0.0,0
2019-06-03,14.85,14.91,14.75,14.76,13.76,180800,0.0,0
2019-06-04,14.89,15.04,14.87,15.03,14.01,120000,0.0,0
2019-06-05,15.11,15.18,15.09,15.16,14.13,100800,0.0,0
2019-06-06,15.18,15.29,15.12,15.26,14.22,116700,0.0,0
2019-06-07,15.32,15.47,15.32,15.41,14.36,115500,0.0,0
2019-06-10,15.5,15.63,15.5,15.59,14.53,139200,0.0,0
2019-06-11,15.72,15.72,15.58,15.66,14.6,179400,0.0,0
2019-06-12,15.69,15.75,15.62,15.65,14.59,92100,0.0,0
2019-06-13,15.75,15.76,15.63,15.66,14.6,82300,0.0,0
2019-06-14,15.69,15.72,15.53,15.58,14.52,150500,0.0,0
2019-06-17,15.59,15.68,15.57,15.59,14.53,78100,0.0,0
2019-06-18,15.71,15.83,15.64,15.73,14.66,148100,0.0,0
2019-06-19,15.84,15.94,15.82,15.88,14.8,262700,0.0,0
2019-06-20,16.07,16.07,15.87,15.99,15.0,355900,0.1025,0
2019-06-21,16.02,16.05,15.97,16.0,15.01,193100,0.0,0
2019-06-24,16.06,16.11,15.95,15.98,14.99,214200,0.0,0
2019-06-25,16.0,16.01,15.82,15.85,14.87,150800,0.0,0
2019-06-26,15.9,15.93,15.8,15.86,14.88,165500,0.0,0
2019-06-27,15.96,15.98,15.88,15.94,14.95,129600,0.0,0
2019-06-28,16.02,16.1,16.02,16.05,15.06,215800,0.0,0
2019-07-01,16.29,16.31,16.11,16.26,15.25,336600,0.0,0
2019-07-02,16.22,16.33,16.21,16.3,15.29,433200,0.0,0
2019-07-03,16.38,16.43,16.35,16.43,15.41,141100,0.0,0
2019-07-05,16.37,16.47,16.17,16.44,15.42,222000,0.0,0
2019-07-08,16.34,16.39,16.22,16.33,15.32,233400,0.0,0
2019-07-09,16.31,16.33,16.28,16.31,15.3,132900,0.0,0
2019-07-10,16.45,16.47,16.29,16.42,15.4,232400,0.0,0
2019-07-11,16.47,16.47,16.36,16.44,15.42,162200,0.0,0
2019-07-12,16.47,16.48,16.39,16.48,15.46,144800,0.0,0
2019-07-15,16.51,16.55,16.42,16.53,15.51,198400,0.0,0
2019-07-16,16.53,16.57,16.45,16.48,15.46,184500,0.0,0
2019-07-17,16.48,16.48,16.33,16.41,15.39,243400,0.0,0
2019-07-18,16.43,16.45,16.37,16.41,15.39,188700,0.0,0
2019-07-19,16.46,16.48,16.32,16.33,15.32,175600,0.0,0
2019-07-22,16.4,16.4,16.29,16.32,15.31,123300,0.0,0
2019-07-23,16.3,16.34,16.26,16.33,15.42,120500,0.1025,0
2019-07-24,16.27,16.4,16.27,16.37,15.45,149400,0.0,0
2019-07-25,16.37,16.4,16.31,16.34,15.43,124000,0.0,0
2019-07-26,16.38,16.44,16.3,16.39,15.47,130000,0.0,0
2019-07-29,16.38,16.41,16.36,16.38,15.46,89200,0.0,0
2019-07-30,16.35,16.39,16.31,16.37,15.45,93000,0.0,0
2019-07-31,16.44,16.47,16.31,16.37,15.45,202700,0.0,0
2019-08-01,16.42,16.42,16.14,16.19,15.28,166500,0.0,0
2019-08-02,16.21,16.21,15.93,16.06,15.16,146800,0.0,0
2019-08-05,15.82,15.87,15.42,15.58,14.71,295900,0.0,0
2019-08-06,15.67,15.73,15.55,15.73,14.85,229300,0.0,0
2019-08-07,15.62,15.75,15.51,15.72,14.84,307500,0.0,0
2019-08-08,15.85,15.94,15.79,15.93,15.04,139100,0.0,0
2019-08-09,15.96,16.0,15.85,15.88,14.99,87900,0.0,0
2019-08-12,15.85,15.92,15.66,15.71,14.83,222800,0.0,0
2019-08-13,15.6,15.81,15.6,15.77,14.89,201400,0.0,0
2019-08-14,15.66,15.66,15.44,15.48,14.61,139400,0.0,0
2019-08-15,15.51,15.63,15.49,15.62,14.75,149400,0.0,0
2019-08-16,15.67,15.75,15.63,15.67,14.79,122600,0.0,0
2019-08-19,15.89,15.89,15.49,15.88,14.99,141400,0.0,0
2019-08-20,15.9,15.9,15.75,15.81,14.93,204500,0.0,0
2019-08-21,15.92,16.01,15.9,15.98,15.09,118900,0.0,0
2019-08-22,15.93,15.99,15.77,15.78,14.99,130200,0.1025,0
2019-08-23,15.75,15.89,15.56,15.58,14.8,124100,0.0,0
2019-08-26,15.63,15.67,15.55,15.58,14.8,101100,0.0,0
2019-08-27,15.66,15.66,15.48,15.55,14.77,150400,0.0,0
2019-08-28,15.55,15.59,15.44,15.58,14.8,222500,0.0,0
2019-08-29,15.71,15.71,15.58,15.65,14.87,132400,0.0,0
2019-08-30,15.77,15.86,15.7,15.79,15.0,149400,0.0,0
2019-09-03,15.69,15.76,15.56,15.72,14.94,128700,0.0,0
2019-09-04,15.83,15.9,15.76,15.83,15.04,176700,0.0,0
2019-09-05,15.92,16.0,15.89,15.95,15.15,162300,0.0,0
2019-09-06,15.98,16.16,15.93,16.12,15.32,137500,0.0,0
2019-09-09,16.23,16.28,16.17,16.25,15.44,135800,0.0,0
2019-09-10,16.25,16.3,16.17,16.25,15.44,111400,0.0,0
2019-09-11,16.29,16.34,16.24,16.31,15.5,100000,0.0,0
2019-09-12,16.31,16.45,16.31,16.41,15.59,86100,0.0,0
2019-09-13,16.4,16.55,16.4,16.53,15.71,138800,0.0,0
2019-09-16,16.51,16.57,16.34,16.38,15.56,146900,0.0,0
2019-09-17,16.36,16.51,16.33,16.48,15.66,87900,0.0,0
2019-09-18,16.47,16.58,16.41,16.56,15.73,102900,0.0,0
2019-09-19,16.62,16.68,16.6,16.67,15.84,181300,0.0,0
2019-09-20,16.62,16.62,16.41,16.47,15.75,193500,0.103,0
2019-09-23,16.43,16.52,16.31,16.37,15.65,152900,0.0,0
2019-09-24,16.43,16.5,16.24,16.27,15.55,104600,0.0,0
2019-09-25,16.27,16.3,16.16,16.3,15.58,113900,0.0,0
2019-09-26,16.33,16.39,16.31,16.31,15.59,93400,0.0,0
2019-09-27,16.37,16.43,16.28,16.37,15.65,112900,0.0,0
2019-09-30,16.4,16.5,16.38,16.46,15.74,109700,0.0,0
2019-10-01,16.49,16.54,16.28,16.32,15.6,118500,0.0,0
2019-10-02,16.24,16.25,15.78,15.91,15.21,192300,0.0,0
2019-10-03,15.88,15.98,15.69,15.96,15.26,123800,0.0,0
2019-10-04,16.01,16.2,15.97,16.16,15.45,125300,0.0,0
2019-10-07,16.15,16.2,16.06,16.2,15.49,90500,0.0,0
2019-10-08,16.15,16.15,16.02,16.06,15.35,165700,0.0,0
2019-10-09,16.11,16.31,16.06,16.3,15.58,159100,0.0,0
2019-10-10,16.32,16.4,16.23,16.25,15.54,223700,0.0,0
2019-10-11,16.42,16.49,16.34,16.35,15.63,160200,0.0,0
2019-10-14,16.35,16.38,16.2,16.21,15.5,172400,0.0,0
2019-10-15,16.27,16.39,16.23,16.25,15.54,213400,0.0,0
2019-10-16,16.25,16.31,16.2,16.26,15.55,109700,0.0,0
2019-10-17,16.33,16.37,16.29,16.34,15.62,175800,0.0,0
2019-10-18,16.33,16.4,16.28,16.35,15.63,118100,0.0,0
2019-10-21,16.43,16.5,16.4,16.5,15.77,63800,0.0,0
2019-10-22,16.54,16.61,16.51,16.53,15.8,111800,0.0,0
2019-10-23,16.41,16.49,16.24,16.47,15.84,90000,0.1025,0
2019-10-24,16.57,16.58,16.49,16.5,15.87,208700,0.0,0
2019-10-25,16.5,16.57,16.46,16.52,15.89,146800,0.0,0
2019-10-28,16.55,16.6,16.51,16.59,15.96,78500,0.0,0
2019-10-29,16.61,16.71,16.58,16.71,16.08,96100,0.0,0
2019-10-30,16.71,16.88,16.7,16.88,16.24,167300,0.0,0
2019-10-31,16.87,16.88,16.73,16.77,16.13,149500,0.0,0
2019-11-01,16.87,16.93,16.77,16.9,16.26,140200,0.0,0
2019-11-04,16.95,17.1,16.9,16.99,16.34,147900,0.0,0
2019-11-05,17.04,17.09,16.95,16.96,16.32,103200,0.0,0
2019-11-06,16.96,17.0,16.91,16.95,16.31,96700,0.0,0
2019-11-07,17.0,17.18,16.96,17.15,16.5,148800,0.0,0
2019-11-08,17.1,17.22,17.07,17.21,16.56,91300,0.0,0
2019-11-11,17.1,17.18,17.05,17.12,16.47,97000,0.0,0
2019-11-12,17.12,17.18,17.03,17.07,16.42,158700,0.0,0
2019-11-13,17.0,17.17,16.96,17.16,16.51,98700,0.0,0
2019-11-14,17.12,17.24,17.1,17.21,16.56,84700,0.0,0
2019-11-15,17.24,17.36,17.19,17.25,16.59,133300,0.0,0
2019-11-18,17.27,17.45,17.2,17.4,16.74,217700,0.0,0
2019-11-19,17.39,17.49,17.31,17.49,16.83,129400,0.0,0
2019-11-20,17.44,17.44,17.23,17.42,16.86,183000,0.1025,0
2019-11-21,17.33,17.33,17.17,17.26,16.8,77500,0.1025,0
2019-11-22,17.27,17.38,17.24,17.37,16.91,104100,0.0,0
2019-11-25,17.39,17.42,17.21,17.25,16.79,164000,0.0,0
2019-11-26,17.31,17.35,17.28,17.34,16.88,110700,0.0,0
2019-11-27,17.33,17.44,17.3,17.44,16.98,69600,0.0,0
2019-11-29,17.31,17.38,17.31,17.35,16.89,80500,0.0,0
2019-12-02,17.38,17.4,17.25,17.3,16.84,177700,0.0,0
2019-12-03,17.16,17.35,17.0,17.33,16.87,364000,0.0,0
2019-12-04,17.39,17.66,17.39,17.64,17.17,196500,0.0,0
2019-12-05,17.72,17.74,17.56,17.65,17.18,183700,0.0,0
2019-12-06,17.73,17.98,17.67,17.77,17.3,267200,0.0,0
2019-12-09,17.82,17.83,17.7,17.81,17.34,182800,0.0,0
2019-12-10,17.78,17.85,17.6,17.61,17.14,210300,0.0,0
2019-12-11,17.65,17.91,17.65,17.85,17.38,134500,0.0,0
2019-12-12,17.88,18.02,17.8,17.97,17.49,163900,0.0,0
2019-12-13,17.96,18.01,17.89,17.96,17.48,125600,0.0,0
2019-12-16,18.1,18.17,18.06,18.09,17.61,127200,0.0,0
2019-12-17,18.18,18.24,18.04,18.13,17.65,161800,0.0,0
2019-12-18,18.19,18.26,18.15,18.26,17.77,111600,0.0,0
2019-12-19,18.33,18.35,18.23,18.3,17.81,132700,0.0,0
2019-12-20,18.3,18.41,18.24,18.34,17.85,142200,0.0,0
2019-12-23,18.34,18.42,18.28,18.42,18.03,183000,0.1025,0
2019-12-24,18.45,18.55,18.31,18.55,18.16,98500,0.0,0
2019-12-26,18.55,18.55,18.47,18.51,18.12,86800,0.0,0
2019-12-27,18.58,18.59,18.24,18.25,17.86,142600,0.0,0
2019-12-30,18.21,18.28,17.83,17.96,17.58,321500,0.0,0
2019-12-31,18.0,18.06,17.79,18.02,17.64,238400,0.0,0
2020-01-02,18.12,18.23,18.01,18.07,17.69,208900,0.0,0
2020-01-03,17.89,18.05,17.89,17.94,17.56,152300,0.0,0
2020-01-06,17.86,17.95,17.78,17.94,17.56,197900,0.0,0
2020-01-07,17.9,17.98,17.86,17.93,17.55,108400,0.0,0
2020-01-08,17.97,18.27,17.91,18.16,17.78,163200,0.0,0
2020-01-09,18.28,18.33,18.17,18.3,17.91,149500,0.0,0
2020-01-10,18.31,18.4,18.23,18.34,17.95,138100,0.0,0
2020-01-13,18.41,18.5,18.37,18.42,18.03,123700,0.0,0
2020-01-14,18.4,18.47,18.28,18.37,17.98,170100,0.0,0
2020-01-15,18.36,18.39,18.3,18.38,17.99,133800,0.0,0
2020-01-16,18.34,18.48,18.31,18.48,18.09,144000,0.0,0
2020-01-17,18.45,18.6,18.45,18.47,18.08,103400,0.0,0
2020-01-21,18.38,18.54,18.35,18.4,18.01,125500,0.0,0
2020-01-22,18.49,18.7,18.43,18.56,18.17,126200,0.0,0
2020-01-23,18.5,18.57,18.3,18.41,18.12,151200,0.1025,0
2020-01-24,18.6,18.79,18.42,18.48,18.19,511500,0.0,0
2020-01-27,18.26,18.39,18.12,18.17,17.88,261600,0.0,0
2020-01-28,18.28,18.29,18.2,18.26,17.97,132000,0.0,0
2020-01-29,18.36,18.48,18.28,18.41,18.12,200600,0.0,0
2020-01-30,18.24,18.5,18.21,18.48,18.19,121100,0.0,0
2020-01-31,18.49,18.49,18.18,18.25,17.96,172400,0.0,0
2020-02-03,18.3,18.5,18.28,18.5,18.21,150500,0.0,0
2020-02-04,18.64,18.74,18.64,18.68,18.39,168400,0.0,0
2020-02-05,18.81,18.87,18.71,18.84,18.54,136000,0.0,0
2020-02-06,18.94,18.94,18.68,18.69,18.4,121900,0.0,0
2020-02-07,18.64,18.76,18.62,18.63,18.34,151700,0.0,0
2020-02-10,18.62,18.78,18.62,18.69,18.4,133200,0.0,0
2020-02-11,18.75,18.93,18.75,18.82,18.52,119600,0.0,0
2020-02-12,18.89,18.98,18.89,18.94,18.64,77300,0.0,0
2020-02-13,18.9,18.98,18.81,18.83,18.53,111800,0.0,0
2020-02-14,18.91,19.0,18.81,18.99,18.69,126500,0.0,0
2020-02-18,18.99,19.0,18.89,18.96,18.66,96400,0.0,0
2020-02-19,19.02,19.07,18.97,19.0,18.7,141600,0.0,0
2020-02-20,18.88,18.99,18.78,18.99,18.79,137500,0.1025,0
2020-02-21,18.93,18.93,18.56,18.56,18.37,202700,0.0,0
2020-02-24,18.13,18.14,17.78,17.79,17.61,422400,0.0,0
2020-02-25,17.84,17.89,16.77,16.85,16.68,588800,0.0,0
2020-02-26,16.94,17.28,16.84,16.99,16.81,263200,0.0,0
2020-02-27,16.67,16.72,15.96,16.28,16.11,544500,0.0,0
2020-02-28,15.78,15.84,15.27,15.7,15.54,563200,0.0,0
2020-03-02,15.75,16.52,15.75,16.44,16.27,337000,0.0,0
2020-03-03,16.58,17.12,16.28,16.42,16.25,331700,0.0,0
2020-03-04,16.75,17.03,16.62,16.96,16.78,213600,0.0,0
2020-03-05,16.58,16.9,16.44,16.55,16.38,233700,0.0,0
2020-03-06,16.05,16.3,15.81,16.25,16.08,413400,0.0,0
2020-03-09,14.78,15.3,14.75,14.87,14.72,369700,0.0,0
2020-03-10,15.2,15.25,14.5,14.98,14.82,396200,0.0,0
2020-03-11,14.69,14.76,13.82,13.86,13.72,457300,0.0,0
2020-03-12,12.72,13.0,11.22,11.5,11.38,1008000,0.0,0
